--
-- PostgreSQL database dump
--

\restrict XchuECkflwK7TTDXA5PJkyEGxUjYmx2xchL5bHtiazXNufbR842ZJhAX7Qc6as7

-- Dumped from database version 16.13 (Ubuntu 16.13-0ubuntu0.24.04.1)
-- Dumped by pg_dump version 16.13 (Ubuntu 16.13-0ubuntu0.24.04.1)

SET statement_timeout = 0;
SET lock_timeout = 0;
SET idle_in_transaction_session_timeout = 0;
SET client_encoding = 'UTF8';
SET standard_conforming_strings = on;
SELECT pg_catalog.set_config('search_path', '', false);
SET check_function_bodies = false;
SET xmloption = content;
SET client_min_messages = warning;
SET row_security = off;

--
-- Name: public; Type: SCHEMA; Schema: -; Owner: smallbiz_app
--

-- *not* creating schema, since initdb creates it


ALTER SCHEMA public OWNER TO smallbiz_app;

SET default_tablespace = '';

SET default_table_access_method = heap;

--
-- Name: about_aboutpage; Type: TABLE; Schema: public; Owner: smallbiz_app
--

CREATE TABLE public.about_aboutpage (
    page_ptr_id integer NOT NULL,
    intro text NOT NULL,
    body text NOT NULL
);


ALTER TABLE public.about_aboutpage OWNER TO smallbiz_app;

--
-- Name: auth_group; Type: TABLE; Schema: public; Owner: smallbiz_app
--

CREATE TABLE public.auth_group (
    id integer NOT NULL,
    name character varying(150) NOT NULL
);


ALTER TABLE public.auth_group OWNER TO smallbiz_app;

--
-- Name: auth_group_id_seq; Type: SEQUENCE; Schema: public; Owner: smallbiz_app
--

ALTER TABLE public.auth_group ALTER COLUMN id ADD GENERATED BY DEFAULT AS IDENTITY (
    SEQUENCE NAME public.auth_group_id_seq
    START WITH 1
    INCREMENT BY 1
    NO MINVALUE
    NO MAXVALUE
    CACHE 1
);


--
-- Name: auth_group_permissions; Type: TABLE; Schema: public; Owner: smallbiz_app
--

CREATE TABLE public.auth_group_permissions (
    id bigint NOT NULL,
    group_id integer NOT NULL,
    permission_id integer NOT NULL
);


ALTER TABLE public.auth_group_permissions OWNER TO smallbiz_app;

--
-- Name: auth_group_permissions_id_seq; Type: SEQUENCE; Schema: public; Owner: smallbiz_app
--

ALTER TABLE public.auth_group_permissions ALTER COLUMN id ADD GENERATED BY DEFAULT AS IDENTITY (
    SEQUENCE NAME public.auth_group_permissions_id_seq
    START WITH 1
    INCREMENT BY 1
    NO MINVALUE
    NO MAXVALUE
    CACHE 1
);


--
-- Name: auth_permission; Type: TABLE; Schema: public; Owner: smallbiz_app
--

CREATE TABLE public.auth_permission (
    id integer NOT NULL,
    name character varying(255) NOT NULL,
    content_type_id integer NOT NULL,
    codename character varying(100) NOT NULL
);


ALTER TABLE public.auth_permission OWNER TO smallbiz_app;

--
-- Name: auth_permission_id_seq; Type: SEQUENCE; Schema: public; Owner: smallbiz_app
--

ALTER TABLE public.auth_permission ALTER COLUMN id ADD GENERATED BY DEFAULT AS IDENTITY (
    SEQUENCE NAME public.auth_permission_id_seq
    START WITH 1
    INCREMENT BY 1
    NO MINVALUE
    NO MAXVALUE
    CACHE 1
);


--
-- Name: auth_user; Type: TABLE; Schema: public; Owner: smallbiz_app
--

CREATE TABLE public.auth_user (
    id integer NOT NULL,
    password character varying(128) NOT NULL,
    last_login timestamp with time zone,
    is_superuser boolean NOT NULL,
    username character varying(150) NOT NULL,
    first_name character varying(150) NOT NULL,
    last_name character varying(150) NOT NULL,
    email character varying(254) NOT NULL,
    is_staff boolean NOT NULL,
    is_active boolean NOT NULL,
    date_joined timestamp with time zone NOT NULL
);


ALTER TABLE public.auth_user OWNER TO smallbiz_app;

--
-- Name: auth_user_groups; Type: TABLE; Schema: public; Owner: smallbiz_app
--

CREATE TABLE public.auth_user_groups (
    id bigint NOT NULL,
    user_id integer NOT NULL,
    group_id integer NOT NULL
);


ALTER TABLE public.auth_user_groups OWNER TO smallbiz_app;

--
-- Name: auth_user_groups_id_seq; Type: SEQUENCE; Schema: public; Owner: smallbiz_app
--

ALTER TABLE public.auth_user_groups ALTER COLUMN id ADD GENERATED BY DEFAULT AS IDENTITY (
    SEQUENCE NAME public.auth_user_groups_id_seq
    START WITH 1
    INCREMENT BY 1
    NO MINVALUE
    NO MAXVALUE
    CACHE 1
);


--
-- Name: auth_user_id_seq; Type: SEQUENCE; Schema: public; Owner: smallbiz_app
--

ALTER TABLE public.auth_user ALTER COLUMN id ADD GENERATED BY DEFAULT AS IDENTITY (
    SEQUENCE NAME public.auth_user_id_seq
    START WITH 1
    INCREMENT BY 1
    NO MINVALUE
    NO MAXVALUE
    CACHE 1
);


--
-- Name: auth_user_user_permissions; Type: TABLE; Schema: public; Owner: smallbiz_app
--

CREATE TABLE public.auth_user_user_permissions (
    id bigint NOT NULL,
    user_id integer NOT NULL,
    permission_id integer NOT NULL
);


ALTER TABLE public.auth_user_user_permissions OWNER TO smallbiz_app;

--
-- Name: auth_user_user_permissions_id_seq; Type: SEQUENCE; Schema: public; Owner: smallbiz_app
--

ALTER TABLE public.auth_user_user_permissions ALTER COLUMN id ADD GENERATED BY DEFAULT AS IDENTITY (
    SEQUENCE NAME public.auth_user_user_permissions_id_seq
    START WITH 1
    INCREMENT BY 1
    NO MINVALUE
    NO MAXVALUE
    CACHE 1
);


--
-- Name: blog_blogindexpage; Type: TABLE; Schema: public; Owner: smallbiz_app
--

CREATE TABLE public.blog_blogindexpage (
    page_ptr_id integer NOT NULL,
    intro text NOT NULL,
    article_label character varying(100) NOT NULL,
    empty_posts_text character varying(255) NOT NULL,
    hero_eyebrow character varying(100) NOT NULL,
    post_card_text character varying(255) NOT NULL,
    posts_heading character varying(255) NOT NULL,
    posts_intro character varying(255) NOT NULL,
    read_post_text character varying(100) NOT NULL
);


ALTER TABLE public.blog_blogindexpage OWNER TO smallbiz_app;

--
-- Name: blog_blogpage; Type: TABLE; Schema: public; Owner: smallbiz_app
--

CREATE TABLE public.blog_blogpage (
    page_ptr_id integer NOT NULL,
    date date NOT NULL,
    intro character varying(250) NOT NULL,
    body text NOT NULL,
    image_id integer,
    article_label character varying(100) NOT NULL,
    back_to_blog_text character varying(100) NOT NULL
);


ALTER TABLE public.blog_blogpage OWNER TO smallbiz_app;

--
-- Name: contact_contactpage; Type: TABLE; Schema: public; Owner: smallbiz_app
--

CREATE TABLE public.contact_contactpage (
    page_ptr_id integer NOT NULL,
    intro text NOT NULL,
    phone character varying(30) NOT NULL,
    email character varying(254) NOT NULL,
    address text NOT NULL,
    hours text NOT NULL
);


ALTER TABLE public.contact_contactpage OWNER TO smallbiz_app;

--
-- Name: core_businesssettings; Type: TABLE; Schema: public; Owner: smallbiz_app
--

CREATE TABLE public.core_businesssettings (
    id bigint NOT NULL,
    business_name character varying(120) NOT NULL,
    phone character varying(30) NOT NULL,
    email character varying(254) NOT NULL,
    address text NOT NULL,
    hours text NOT NULL,
    facebook_url character varying(200) NOT NULL,
    instagram_url character varying(200) NOT NULL,
    site_id integer NOT NULL
);


ALTER TABLE public.core_businesssettings OWNER TO smallbiz_app;

--
-- Name: core_businesssettings_id_seq; Type: SEQUENCE; Schema: public; Owner: smallbiz_app
--

ALTER TABLE public.core_businesssettings ALTER COLUMN id ADD GENERATED BY DEFAULT AS IDENTITY (
    SEQUENCE NAME public.core_businesssettings_id_seq
    START WITH 1
    INCREMENT BY 1
    NO MINVALUE
    NO MAXVALUE
    CACHE 1
);


--
-- Name: django_admin_log; Type: TABLE; Schema: public; Owner: smallbiz_app
--

CREATE TABLE public.django_admin_log (
    id integer NOT NULL,
    action_time timestamp with time zone NOT NULL,
    object_id text,
    object_repr character varying(200) NOT NULL,
    action_flag smallint NOT NULL,
    change_message text NOT NULL,
    content_type_id integer,
    user_id integer NOT NULL,
    CONSTRAINT django_admin_log_action_flag_check CHECK ((action_flag >= 0))
);


ALTER TABLE public.django_admin_log OWNER TO smallbiz_app;

--
-- Name: django_admin_log_id_seq; Type: SEQUENCE; Schema: public; Owner: smallbiz_app
--

ALTER TABLE public.django_admin_log ALTER COLUMN id ADD GENERATED BY DEFAULT AS IDENTITY (
    SEQUENCE NAME public.django_admin_log_id_seq
    START WITH 1
    INCREMENT BY 1
    NO MINVALUE
    NO MAXVALUE
    CACHE 1
);


--
-- Name: django_content_type; Type: TABLE; Schema: public; Owner: smallbiz_app
--

CREATE TABLE public.django_content_type (
    id integer NOT NULL,
    app_label character varying(100) NOT NULL,
    model character varying(100) NOT NULL
);


ALTER TABLE public.django_content_type OWNER TO smallbiz_app;

--
-- Name: django_content_type_id_seq; Type: SEQUENCE; Schema: public; Owner: smallbiz_app
--

ALTER TABLE public.django_content_type ALTER COLUMN id ADD GENERATED BY DEFAULT AS IDENTITY (
    SEQUENCE NAME public.django_content_type_id_seq
    START WITH 1
    INCREMENT BY 1
    NO MINVALUE
    NO MAXVALUE
    CACHE 1
);


--
-- Name: django_migrations; Type: TABLE; Schema: public; Owner: smallbiz_app
--

CREATE TABLE public.django_migrations (
    id bigint NOT NULL,
    app character varying(255) NOT NULL,
    name character varying(255) NOT NULL,
    applied timestamp with time zone NOT NULL
);


ALTER TABLE public.django_migrations OWNER TO smallbiz_app;

--
-- Name: django_migrations_id_seq; Type: SEQUENCE; Schema: public; Owner: smallbiz_app
--

ALTER TABLE public.django_migrations ALTER COLUMN id ADD GENERATED BY DEFAULT AS IDENTITY (
    SEQUENCE NAME public.django_migrations_id_seq
    START WITH 1
    INCREMENT BY 1
    NO MINVALUE
    NO MAXVALUE
    CACHE 1
);


--
-- Name: django_session; Type: TABLE; Schema: public; Owner: smallbiz_app
--

CREATE TABLE public.django_session (
    session_key character varying(40) NOT NULL,
    session_data text NOT NULL,
    expire_date timestamp with time zone NOT NULL
);


ALTER TABLE public.django_session OWNER TO smallbiz_app;

--
-- Name: home_homepage; Type: TABLE; Schema: public; Owner: smallbiz_app
--

CREATE TABLE public.home_homepage (
    page_ptr_id integer NOT NULL,
    hero_eyebrow character varying(120) NOT NULL,
    hero_heading character varying(255) NOT NULL,
    hero_text text NOT NULL,
    primary_button_text character varying(80) NOT NULL,
    primary_button_url character varying(255) NOT NULL,
    secondary_button_text character varying(80) NOT NULL,
    secondary_button_url character varying(255) NOT NULL
);


ALTER TABLE public.home_homepage OWNER TO smallbiz_app;

--
-- Name: inquiry_inquirypage; Type: TABLE; Schema: public; Owner: smallbiz_app
--

CREATE TABLE public.inquiry_inquirypage (
    page_ptr_id integer NOT NULL,
    intro text NOT NULL,
    thank_you_text text NOT NULL,
    email_to character varying(254) NOT NULL,
    email_from character varying(254) NOT NULL,
    email_subject character varying(255) NOT NULL,
    captcha_label character varying(100) NOT NULL,
    email_label character varying(100) NOT NULL,
    email_placeholder character varying(100) NOT NULL,
    hero_eyebrow character varying(100) NOT NULL,
    message_label character varying(100) NOT NULL,
    message_placeholder character varying(255) NOT NULL,
    name_label character varying(100) NOT NULL,
    name_placeholder character varying(100) NOT NULL,
    phone_label character varying(100) NOT NULL,
    phone_placeholder character varying(100) NOT NULL,
    submit_button_text character varying(100) NOT NULL
);


ALTER TABLE public.inquiry_inquirypage OWNER TO smallbiz_app;

--
-- Name: services_servicepage; Type: TABLE; Schema: public; Owner: smallbiz_app
--

CREATE TABLE public.services_servicepage (
    page_ptr_id integer NOT NULL,
    short_summary character varying(255) NOT NULL,
    body text NOT NULL,
    price_note character varying(120) NOT NULL,
    image_id integer,
    back_to_services_text character varying(100) NOT NULL,
    hero_eyebrow character varying(100) NOT NULL,
    pricing_note_heading character varying(100) NOT NULL,
    sidebar_button_text character varying(100) NOT NULL,
    sidebar_heading character varying(100) NOT NULL,
    sidebar_text character varying(255) NOT NULL
);


ALTER TABLE public.services_servicepage OWNER TO smallbiz_app;

--
-- Name: services_servicesindexpage; Type: TABLE; Schema: public; Owner: smallbiz_app
--

CREATE TABLE public.services_servicesindexpage (
    page_ptr_id integer NOT NULL,
    intro text NOT NULL,
    empty_services_text character varying(255) NOT NULL,
    hero_eyebrow character varying(100) NOT NULL,
    service_card_text character varying(255) NOT NULL,
    services_heading character varying(255) NOT NULL,
    services_intro character varying(255) NOT NULL,
    view_service_text character varying(100) NOT NULL
);


ALTER TABLE public.services_servicesindexpage OWNER TO smallbiz_app;

--
-- Name: taggit_tag; Type: TABLE; Schema: public; Owner: smallbiz_app
--

CREATE TABLE public.taggit_tag (
    id integer NOT NULL,
    name character varying(100) NOT NULL,
    slug character varying(100) NOT NULL
);


ALTER TABLE public.taggit_tag OWNER TO smallbiz_app;

--
-- Name: taggit_tag_id_seq; Type: SEQUENCE; Schema: public; Owner: smallbiz_app
--

ALTER TABLE public.taggit_tag ALTER COLUMN id ADD GENERATED BY DEFAULT AS IDENTITY (
    SEQUENCE NAME public.taggit_tag_id_seq
    START WITH 1
    INCREMENT BY 1
    NO MINVALUE
    NO MAXVALUE
    CACHE 1
);


--
-- Name: taggit_taggeditem; Type: TABLE; Schema: public; Owner: smallbiz_app
--

CREATE TABLE public.taggit_taggeditem (
    id integer NOT NULL,
    object_id integer NOT NULL,
    content_type_id integer NOT NULL,
    tag_id integer NOT NULL
);


ALTER TABLE public.taggit_taggeditem OWNER TO smallbiz_app;

--
-- Name: taggit_taggeditem_id_seq; Type: SEQUENCE; Schema: public; Owner: smallbiz_app
--

ALTER TABLE public.taggit_taggeditem ALTER COLUMN id ADD GENERATED BY DEFAULT AS IDENTITY (
    SEQUENCE NAME public.taggit_taggeditem_id_seq
    START WITH 1
    INCREMENT BY 1
    NO MINVALUE
    NO MAXVALUE
    CACHE 1
);


--
-- Name: wagtail_localize_localesynchronization; Type: TABLE; Schema: public; Owner: smallbiz_app
--

CREATE TABLE public.wagtail_localize_localesynchronization (
    id integer NOT NULL,
    locale_id integer NOT NULL,
    sync_from_id integer NOT NULL
);


ALTER TABLE public.wagtail_localize_localesynchronization OWNER TO smallbiz_app;

--
-- Name: wagtail_localize_localesynchronization_id_seq; Type: SEQUENCE; Schema: public; Owner: smallbiz_app
--

ALTER TABLE public.wagtail_localize_localesynchronization ALTER COLUMN id ADD GENERATED BY DEFAULT AS IDENTITY (
    SEQUENCE NAME public.wagtail_localize_localesynchronization_id_seq
    START WITH 1
    INCREMENT BY 1
    NO MINVALUE
    NO MAXVALUE
    CACHE 1
);


--
-- Name: wagtail_localize_overridablesegment; Type: TABLE; Schema: public; Owner: smallbiz_app
--

CREATE TABLE public.wagtail_localize_overridablesegment (
    id integer NOT NULL,
    "order" integer NOT NULL,
    data_json text NOT NULL,
    context_id integer NOT NULL,
    source_id integer NOT NULL,
    CONSTRAINT wagtail_localize_overridablesegment_order_check CHECK (("order" >= 0))
);


ALTER TABLE public.wagtail_localize_overridablesegment OWNER TO smallbiz_app;

--
-- Name: wagtail_localize_overridablesegment_id_seq; Type: SEQUENCE; Schema: public; Owner: smallbiz_app
--

ALTER TABLE public.wagtail_localize_overridablesegment ALTER COLUMN id ADD GENERATED BY DEFAULT AS IDENTITY (
    SEQUENCE NAME public.wagtail_localize_overridablesegment_id_seq
    START WITH 1
    INCREMENT BY 1
    NO MINVALUE
    NO MAXVALUE
    CACHE 1
);


--
-- Name: wagtail_localize_relatedobjectsegment; Type: TABLE; Schema: public; Owner: smallbiz_app
--

CREATE TABLE public.wagtail_localize_relatedobjectsegment (
    id integer NOT NULL,
    "order" integer NOT NULL,
    context_id integer NOT NULL,
    object_id uuid NOT NULL,
    source_id integer NOT NULL,
    CONSTRAINT wagtail_localize_relatedobjectsegment_order_check CHECK (("order" >= 0))
);


ALTER TABLE public.wagtail_localize_relatedobjectsegment OWNER TO smallbiz_app;

--
-- Name: wagtail_localize_relatedobjectsegment_id_seq; Type: SEQUENCE; Schema: public; Owner: smallbiz_app
--

ALTER TABLE public.wagtail_localize_relatedobjectsegment ALTER COLUMN id ADD GENERATED BY DEFAULT AS IDENTITY (
    SEQUENCE NAME public.wagtail_localize_relatedobjectsegment_id_seq
    START WITH 1
    INCREMENT BY 1
    NO MINVALUE
    NO MAXVALUE
    CACHE 1
);


--
-- Name: wagtail_localize_segmentoverride; Type: TABLE; Schema: public; Owner: smallbiz_app
--

CREATE TABLE public.wagtail_localize_segmentoverride (
    id integer NOT NULL,
    created_at timestamp with time zone NOT NULL,
    updated_at timestamp with time zone NOT NULL,
    data_json text NOT NULL,
    has_error boolean NOT NULL,
    field_error text NOT NULL,
    context_id integer,
    last_translated_by_id integer,
    locale_id integer NOT NULL
);


ALTER TABLE public.wagtail_localize_segmentoverride OWNER TO smallbiz_app;

--
-- Name: wagtail_localize_segmentoverride_id_seq; Type: SEQUENCE; Schema: public; Owner: smallbiz_app
--

ALTER TABLE public.wagtail_localize_segmentoverride ALTER COLUMN id ADD GENERATED BY DEFAULT AS IDENTITY (
    SEQUENCE NAME public.wagtail_localize_segmentoverride_id_seq
    START WITH 1
    INCREMENT BY 1
    NO MINVALUE
    NO MAXVALUE
    CACHE 1
);


--
-- Name: wagtail_localize_string; Type: TABLE; Schema: public; Owner: smallbiz_app
--

CREATE TABLE public.wagtail_localize_string (
    id integer NOT NULL,
    data_hash uuid NOT NULL,
    data text NOT NULL,
    locale_id integer NOT NULL
);


ALTER TABLE public.wagtail_localize_string OWNER TO smallbiz_app;

--
-- Name: wagtail_localize_string_id_seq; Type: SEQUENCE; Schema: public; Owner: smallbiz_app
--

ALTER TABLE public.wagtail_localize_string ALTER COLUMN id ADD GENERATED BY DEFAULT AS IDENTITY (
    SEQUENCE NAME public.wagtail_localize_string_id_seq
    START WITH 1
    INCREMENT BY 1
    NO MINVALUE
    NO MAXVALUE
    CACHE 1
);


--
-- Name: wagtail_localize_stringsegment; Type: TABLE; Schema: public; Owner: smallbiz_app
--

CREATE TABLE public.wagtail_localize_stringsegment (
    id integer NOT NULL,
    "order" integer NOT NULL,
    attrs text NOT NULL,
    context_id integer NOT NULL,
    source_id integer NOT NULL,
    string_id integer NOT NULL,
    CONSTRAINT wagtail_localize_stringsegment_order_check CHECK (("order" >= 0))
);


ALTER TABLE public.wagtail_localize_stringsegment OWNER TO smallbiz_app;

--
-- Name: wagtail_localize_stringsegment_id_seq; Type: SEQUENCE; Schema: public; Owner: smallbiz_app
--

ALTER TABLE public.wagtail_localize_stringsegment ALTER COLUMN id ADD GENERATED BY DEFAULT AS IDENTITY (
    SEQUENCE NAME public.wagtail_localize_stringsegment_id_seq
    START WITH 1
    INCREMENT BY 1
    NO MINVALUE
    NO MAXVALUE
    CACHE 1
);


--
-- Name: wagtail_localize_stringtranslation; Type: TABLE; Schema: public; Owner: smallbiz_app
--

CREATE TABLE public.wagtail_localize_stringtranslation (
    id integer NOT NULL,
    data text NOT NULL,
    created_at timestamp with time zone NOT NULL,
    updated_at timestamp with time zone NOT NULL,
    context_id integer,
    locale_id integer NOT NULL,
    translation_of_id integer NOT NULL,
    tool_name character varying(255) NOT NULL,
    translation_type character varying(20) NOT NULL,
    last_translated_by_id integer,
    field_error text NOT NULL,
    has_error boolean NOT NULL
);


ALTER TABLE public.wagtail_localize_stringtranslation OWNER TO smallbiz_app;

--
-- Name: wagtail_localize_stringtranslation_id_seq; Type: SEQUENCE; Schema: public; Owner: smallbiz_app
--

ALTER TABLE public.wagtail_localize_stringtranslation ALTER COLUMN id ADD GENERATED BY DEFAULT AS IDENTITY (
    SEQUENCE NAME public.wagtail_localize_stringtranslation_id_seq
    START WITH 1
    INCREMENT BY 1
    NO MINVALUE
    NO MAXVALUE
    CACHE 1
);


--
-- Name: wagtail_localize_template; Type: TABLE; Schema: public; Owner: smallbiz_app
--

CREATE TABLE public.wagtail_localize_template (
    id integer NOT NULL,
    uuid uuid NOT NULL,
    template text NOT NULL,
    template_format character varying(100) NOT NULL,
    string_count integer NOT NULL,
    CONSTRAINT wagtail_localize_template_string_count_check CHECK ((string_count >= 0))
);


ALTER TABLE public.wagtail_localize_template OWNER TO smallbiz_app;

--
-- Name: wagtail_localize_template_id_seq; Type: SEQUENCE; Schema: public; Owner: smallbiz_app
--

ALTER TABLE public.wagtail_localize_template ALTER COLUMN id ADD GENERATED BY DEFAULT AS IDENTITY (
    SEQUENCE NAME public.wagtail_localize_template_id_seq
    START WITH 1
    INCREMENT BY 1
    NO MINVALUE
    NO MAXVALUE
    CACHE 1
);


--
-- Name: wagtail_localize_templatesegment; Type: TABLE; Schema: public; Owner: smallbiz_app
--

CREATE TABLE public.wagtail_localize_templatesegment (
    id integer NOT NULL,
    "order" integer NOT NULL,
    context_id integer NOT NULL,
    source_id integer NOT NULL,
    template_id integer NOT NULL,
    CONSTRAINT wagtail_localize_templatesegment_order_check CHECK (("order" >= 0))
);


ALTER TABLE public.wagtail_localize_templatesegment OWNER TO smallbiz_app;

--
-- Name: wagtail_localize_templatesegment_id_seq; Type: SEQUENCE; Schema: public; Owner: smallbiz_app
--

ALTER TABLE public.wagtail_localize_templatesegment ALTER COLUMN id ADD GENERATED BY DEFAULT AS IDENTITY (
    SEQUENCE NAME public.wagtail_localize_templatesegment_id_seq
    START WITH 1
    INCREMENT BY 1
    NO MINVALUE
    NO MAXVALUE
    CACHE 1
);


--
-- Name: wagtail_localize_translatableobject; Type: TABLE; Schema: public; Owner: smallbiz_app
--

CREATE TABLE public.wagtail_localize_translatableobject (
    translation_key uuid NOT NULL,
    content_type_id integer NOT NULL
);


ALTER TABLE public.wagtail_localize_translatableobject OWNER TO smallbiz_app;

--
-- Name: wagtail_localize_translation; Type: TABLE; Schema: public; Owner: smallbiz_app
--

CREATE TABLE public.wagtail_localize_translation (
    id integer NOT NULL,
    uuid uuid NOT NULL,
    created_at timestamp with time zone NOT NULL,
    translations_last_updated_at timestamp with time zone,
    destination_last_updated_at timestamp with time zone,
    enabled boolean NOT NULL,
    source_id integer NOT NULL,
    target_locale_id integer NOT NULL
);


ALTER TABLE public.wagtail_localize_translation OWNER TO smallbiz_app;

--
-- Name: wagtail_localize_translation_id_seq; Type: SEQUENCE; Schema: public; Owner: smallbiz_app
--

ALTER TABLE public.wagtail_localize_translation ALTER COLUMN id ADD GENERATED BY DEFAULT AS IDENTITY (
    SEQUENCE NAME public.wagtail_localize_translation_id_seq
    START WITH 1
    INCREMENT BY 1
    NO MINVALUE
    NO MAXVALUE
    CACHE 1
);


--
-- Name: wagtail_localize_translationcontext; Type: TABLE; Schema: public; Owner: smallbiz_app
--

CREATE TABLE public.wagtail_localize_translationcontext (
    id integer NOT NULL,
    path_id uuid NOT NULL,
    path text NOT NULL,
    object_id uuid NOT NULL,
    field_path text NOT NULL
);


ALTER TABLE public.wagtail_localize_translationcontext OWNER TO smallbiz_app;

--
-- Name: wagtail_localize_translationcontext_id_seq; Type: SEQUENCE; Schema: public; Owner: smallbiz_app
--

ALTER TABLE public.wagtail_localize_translationcontext ALTER COLUMN id ADD GENERATED BY DEFAULT AS IDENTITY (
    SEQUENCE NAME public.wagtail_localize_translationcontext_id_seq
    START WITH 1
    INCREMENT BY 1
    NO MINVALUE
    NO MAXVALUE
    CACHE 1
);


--
-- Name: wagtail_localize_translationlog; Type: TABLE; Schema: public; Owner: smallbiz_app
--

CREATE TABLE public.wagtail_localize_translationlog (
    id integer NOT NULL,
    created_at timestamp with time zone NOT NULL,
    locale_id integer NOT NULL,
    revision_id integer,
    source_id integer NOT NULL
);


ALTER TABLE public.wagtail_localize_translationlog OWNER TO smallbiz_app;

--
-- Name: wagtail_localize_translationlog_id_seq; Type: SEQUENCE; Schema: public; Owner: smallbiz_app
--

ALTER TABLE public.wagtail_localize_translationlog ALTER COLUMN id ADD GENERATED BY DEFAULT AS IDENTITY (
    SEQUENCE NAME public.wagtail_localize_translationlog_id_seq
    START WITH 1
    INCREMENT BY 1
    NO MINVALUE
    NO MAXVALUE
    CACHE 1
);


--
-- Name: wagtail_localize_translationsource; Type: TABLE; Schema: public; Owner: smallbiz_app
--

CREATE TABLE public.wagtail_localize_translationsource (
    id integer NOT NULL,
    object_repr text NOT NULL,
    content_json text NOT NULL,
    created_at timestamp with time zone NOT NULL,
    locale_id integer NOT NULL,
    object_id uuid NOT NULL,
    specific_content_type_id integer NOT NULL,
    last_updated_at timestamp with time zone NOT NULL,
    schema_version character varying(255) NOT NULL
);


ALTER TABLE public.wagtail_localize_translationsource OWNER TO smallbiz_app;

--
-- Name: wagtail_localize_translationsource_id_seq; Type: SEQUENCE; Schema: public; Owner: smallbiz_app
--

ALTER TABLE public.wagtail_localize_translationsource ALTER COLUMN id ADD GENERATED BY DEFAULT AS IDENTITY (
    SEQUENCE NAME public.wagtail_localize_translationsource_id_seq
    START WITH 1
    INCREMENT BY 1
    NO MINVALUE
    NO MAXVALUE
    CACHE 1
);


--
-- Name: wagtailadmin_admin; Type: TABLE; Schema: public; Owner: smallbiz_app
--

CREATE TABLE public.wagtailadmin_admin (
    id integer NOT NULL
);


ALTER TABLE public.wagtailadmin_admin OWNER TO smallbiz_app;

--
-- Name: wagtailadmin_admin_id_seq; Type: SEQUENCE; Schema: public; Owner: smallbiz_app
--

ALTER TABLE public.wagtailadmin_admin ALTER COLUMN id ADD GENERATED BY DEFAULT AS IDENTITY (
    SEQUENCE NAME public.wagtailadmin_admin_id_seq
    START WITH 1
    INCREMENT BY 1
    NO MINVALUE
    NO MAXVALUE
    CACHE 1
);


--
-- Name: wagtailadmin_editingsession; Type: TABLE; Schema: public; Owner: smallbiz_app
--

CREATE TABLE public.wagtailadmin_editingsession (
    id integer NOT NULL,
    object_id character varying(255) NOT NULL,
    last_seen_at timestamp with time zone NOT NULL,
    content_type_id integer NOT NULL,
    user_id integer NOT NULL,
    is_editing boolean NOT NULL
);


ALTER TABLE public.wagtailadmin_editingsession OWNER TO smallbiz_app;

--
-- Name: wagtailadmin_editingsession_id_seq; Type: SEQUENCE; Schema: public; Owner: smallbiz_app
--

ALTER TABLE public.wagtailadmin_editingsession ALTER COLUMN id ADD GENERATED BY DEFAULT AS IDENTITY (
    SEQUENCE NAME public.wagtailadmin_editingsession_id_seq
    START WITH 1
    INCREMENT BY 1
    NO MINVALUE
    NO MAXVALUE
    CACHE 1
);


--
-- Name: wagtailcore_collection; Type: TABLE; Schema: public; Owner: smallbiz_app
--

CREATE TABLE public.wagtailcore_collection (
    id integer NOT NULL,
    path character varying(255) NOT NULL COLLATE pg_catalog."C",
    depth integer NOT NULL,
    numchild integer NOT NULL,
    name character varying(255) NOT NULL,
    CONSTRAINT wagtailcore_collection_depth_check CHECK ((depth >= 0)),
    CONSTRAINT wagtailcore_collection_numchild_check CHECK ((numchild >= 0))
);


ALTER TABLE public.wagtailcore_collection OWNER TO smallbiz_app;

--
-- Name: wagtailcore_collection_id_seq; Type: SEQUENCE; Schema: public; Owner: smallbiz_app
--

ALTER TABLE public.wagtailcore_collection ALTER COLUMN id ADD GENERATED BY DEFAULT AS IDENTITY (
    SEQUENCE NAME public.wagtailcore_collection_id_seq
    START WITH 1
    INCREMENT BY 1
    NO MINVALUE
    NO MAXVALUE
    CACHE 1
);


--
-- Name: wagtailcore_collectionviewrestriction; Type: TABLE; Schema: public; Owner: smallbiz_app
--

CREATE TABLE public.wagtailcore_collectionviewrestriction (
    id integer NOT NULL,
    restriction_type character varying(20) NOT NULL,
    password character varying(255) NOT NULL,
    collection_id integer NOT NULL
);


ALTER TABLE public.wagtailcore_collectionviewrestriction OWNER TO smallbiz_app;

--
-- Name: wagtailcore_collectionviewrestriction_groups; Type: TABLE; Schema: public; Owner: smallbiz_app
--

CREATE TABLE public.wagtailcore_collectionviewrestriction_groups (
    id bigint NOT NULL,
    collectionviewrestriction_id integer NOT NULL,
    group_id integer NOT NULL
);


ALTER TABLE public.wagtailcore_collectionviewrestriction_groups OWNER TO smallbiz_app;

--
-- Name: wagtailcore_collectionviewrestriction_groups_id_seq; Type: SEQUENCE; Schema: public; Owner: smallbiz_app
--

ALTER TABLE public.wagtailcore_collectionviewrestriction_groups ALTER COLUMN id ADD GENERATED BY DEFAULT AS IDENTITY (
    SEQUENCE NAME public.wagtailcore_collectionviewrestriction_groups_id_seq
    START WITH 1
    INCREMENT BY 1
    NO MINVALUE
    NO MAXVALUE
    CACHE 1
);


--
-- Name: wagtailcore_collectionviewrestriction_id_seq; Type: SEQUENCE; Schema: public; Owner: smallbiz_app
--

ALTER TABLE public.wagtailcore_collectionviewrestriction ALTER COLUMN id ADD GENERATED BY DEFAULT AS IDENTITY (
    SEQUENCE NAME public.wagtailcore_collectionviewrestriction_id_seq
    START WITH 1
    INCREMENT BY 1
    NO MINVALUE
    NO MAXVALUE
    CACHE 1
);


--
-- Name: wagtailcore_comment; Type: TABLE; Schema: public; Owner: smallbiz_app
--

CREATE TABLE public.wagtailcore_comment (
    id integer NOT NULL,
    text text NOT NULL,
    contentpath text NOT NULL,
    "position" text NOT NULL,
    created_at timestamp with time zone NOT NULL,
    updated_at timestamp with time zone NOT NULL,
    resolved_at timestamp with time zone,
    page_id integer NOT NULL,
    resolved_by_id integer,
    revision_created_id integer,
    user_id integer NOT NULL
);


ALTER TABLE public.wagtailcore_comment OWNER TO smallbiz_app;

--
-- Name: wagtailcore_comment_id_seq; Type: SEQUENCE; Schema: public; Owner: smallbiz_app
--

ALTER TABLE public.wagtailcore_comment ALTER COLUMN id ADD GENERATED BY DEFAULT AS IDENTITY (
    SEQUENCE NAME public.wagtailcore_comment_id_seq
    START WITH 1
    INCREMENT BY 1
    NO MINVALUE
    NO MAXVALUE
    CACHE 1
);


--
-- Name: wagtailcore_commentreply; Type: TABLE; Schema: public; Owner: smallbiz_app
--

CREATE TABLE public.wagtailcore_commentreply (
    id integer NOT NULL,
    text text NOT NULL,
    created_at timestamp with time zone NOT NULL,
    updated_at timestamp with time zone NOT NULL,
    comment_id integer NOT NULL,
    user_id integer NOT NULL
);


ALTER TABLE public.wagtailcore_commentreply OWNER TO smallbiz_app;

--
-- Name: wagtailcore_commentreply_id_seq; Type: SEQUENCE; Schema: public; Owner: smallbiz_app
--

ALTER TABLE public.wagtailcore_commentreply ALTER COLUMN id ADD GENERATED BY DEFAULT AS IDENTITY (
    SEQUENCE NAME public.wagtailcore_commentreply_id_seq
    START WITH 1
    INCREMENT BY 1
    NO MINVALUE
    NO MAXVALUE
    CACHE 1
);


--
-- Name: wagtailcore_groupapprovaltask; Type: TABLE; Schema: public; Owner: smallbiz_app
--

CREATE TABLE public.wagtailcore_groupapprovaltask (
    task_ptr_id integer NOT NULL
);


ALTER TABLE public.wagtailcore_groupapprovaltask OWNER TO smallbiz_app;

--
-- Name: wagtailcore_groupapprovaltask_groups; Type: TABLE; Schema: public; Owner: smallbiz_app
--

CREATE TABLE public.wagtailcore_groupapprovaltask_groups (
    id bigint NOT NULL,
    groupapprovaltask_id integer NOT NULL,
    group_id integer NOT NULL
);


ALTER TABLE public.wagtailcore_groupapprovaltask_groups OWNER TO smallbiz_app;

--
-- Name: wagtailcore_groupapprovaltask_groups_id_seq; Type: SEQUENCE; Schema: public; Owner: smallbiz_app
--

ALTER TABLE public.wagtailcore_groupapprovaltask_groups ALTER COLUMN id ADD GENERATED BY DEFAULT AS IDENTITY (
    SEQUENCE NAME public.wagtailcore_groupapprovaltask_groups_id_seq
    START WITH 1
    INCREMENT BY 1
    NO MINVALUE
    NO MAXVALUE
    CACHE 1
);


--
-- Name: wagtailcore_groupcollectionpermission; Type: TABLE; Schema: public; Owner: smallbiz_app
--

CREATE TABLE public.wagtailcore_groupcollectionpermission (
    id integer NOT NULL,
    collection_id integer NOT NULL,
    group_id integer NOT NULL,
    permission_id integer NOT NULL
);


ALTER TABLE public.wagtailcore_groupcollectionpermission OWNER TO smallbiz_app;

--
-- Name: wagtailcore_groupcollectionpermission_id_seq; Type: SEQUENCE; Schema: public; Owner: smallbiz_app
--

ALTER TABLE public.wagtailcore_groupcollectionpermission ALTER COLUMN id ADD GENERATED BY DEFAULT AS IDENTITY (
    SEQUENCE NAME public.wagtailcore_groupcollectionpermission_id_seq
    START WITH 1
    INCREMENT BY 1
    NO MINVALUE
    NO MAXVALUE
    CACHE 1
);


--
-- Name: wagtailcore_grouppagepermission; Type: TABLE; Schema: public; Owner: smallbiz_app
--

CREATE TABLE public.wagtailcore_grouppagepermission (
    id integer NOT NULL,
    group_id integer NOT NULL,
    page_id integer NOT NULL,
    permission_id integer NOT NULL
);


ALTER TABLE public.wagtailcore_grouppagepermission OWNER TO smallbiz_app;

--
-- Name: wagtailcore_grouppagepermission_id_seq; Type: SEQUENCE; Schema: public; Owner: smallbiz_app
--

ALTER TABLE public.wagtailcore_grouppagepermission ALTER COLUMN id ADD GENERATED BY DEFAULT AS IDENTITY (
    SEQUENCE NAME public.wagtailcore_grouppagepermission_id_seq
    START WITH 1
    INCREMENT BY 1
    NO MINVALUE
    NO MAXVALUE
    CACHE 1
);


--
-- Name: wagtailcore_groupsitepermission; Type: TABLE; Schema: public; Owner: smallbiz_app
--

CREATE TABLE public.wagtailcore_groupsitepermission (
    id integer NOT NULL,
    group_id integer NOT NULL,
    permission_id integer NOT NULL,
    site_id integer NOT NULL
);


ALTER TABLE public.wagtailcore_groupsitepermission OWNER TO smallbiz_app;

--
-- Name: wagtailcore_groupsitepermission_id_seq; Type: SEQUENCE; Schema: public; Owner: smallbiz_app
--

ALTER TABLE public.wagtailcore_groupsitepermission ALTER COLUMN id ADD GENERATED BY DEFAULT AS IDENTITY (
    SEQUENCE NAME public.wagtailcore_groupsitepermission_id_seq
    START WITH 1
    INCREMENT BY 1
    NO MINVALUE
    NO MAXVALUE
    CACHE 1
);


--
-- Name: wagtailcore_locale; Type: TABLE; Schema: public; Owner: smallbiz_app
--

CREATE TABLE public.wagtailcore_locale (
    id integer NOT NULL,
    language_code character varying(100) NOT NULL
);


ALTER TABLE public.wagtailcore_locale OWNER TO smallbiz_app;

--
-- Name: wagtailcore_locale_id_seq; Type: SEQUENCE; Schema: public; Owner: smallbiz_app
--

ALTER TABLE public.wagtailcore_locale ALTER COLUMN id ADD GENERATED BY DEFAULT AS IDENTITY (
    SEQUENCE NAME public.wagtailcore_locale_id_seq
    START WITH 1
    INCREMENT BY 1
    NO MINVALUE
    NO MAXVALUE
    CACHE 1
);


--
-- Name: wagtailcore_modellogentry; Type: TABLE; Schema: public; Owner: smallbiz_app
--

CREATE TABLE public.wagtailcore_modellogentry (
    id integer NOT NULL,
    label text NOT NULL,
    action character varying(255) NOT NULL,
    data jsonb NOT NULL,
    "timestamp" timestamp with time zone NOT NULL,
    content_changed boolean NOT NULL,
    deleted boolean NOT NULL,
    object_id character varying(255) NOT NULL,
    content_type_id integer,
    user_id integer,
    uuid uuid,
    revision_id integer
);


ALTER TABLE public.wagtailcore_modellogentry OWNER TO smallbiz_app;

--
-- Name: wagtailcore_modellogentry_id_seq; Type: SEQUENCE; Schema: public; Owner: smallbiz_app
--

ALTER TABLE public.wagtailcore_modellogentry ALTER COLUMN id ADD GENERATED BY DEFAULT AS IDENTITY (
    SEQUENCE NAME public.wagtailcore_modellogentry_id_seq
    START WITH 1
    INCREMENT BY 1
    NO MINVALUE
    NO MAXVALUE
    CACHE 1
);


--
-- Name: wagtailcore_page; Type: TABLE; Schema: public; Owner: smallbiz_app
--

CREATE TABLE public.wagtailcore_page (
    id integer NOT NULL,
    path character varying(255) NOT NULL COLLATE pg_catalog."C",
    depth integer NOT NULL,
    numchild integer NOT NULL,
    title character varying(255) NOT NULL,
    slug character varying(255) NOT NULL,
    live boolean NOT NULL,
    has_unpublished_changes boolean NOT NULL,
    url_path text NOT NULL,
    seo_title character varying(255) NOT NULL,
    show_in_menus boolean NOT NULL,
    search_description text NOT NULL,
    go_live_at timestamp with time zone,
    expire_at timestamp with time zone,
    expired boolean NOT NULL,
    content_type_id integer NOT NULL,
    owner_id integer,
    locked boolean NOT NULL,
    latest_revision_created_at timestamp with time zone,
    first_published_at timestamp with time zone,
    live_revision_id integer,
    last_published_at timestamp with time zone,
    draft_title character varying(255) NOT NULL,
    locked_at timestamp with time zone,
    locked_by_id integer,
    translation_key uuid NOT NULL,
    locale_id integer NOT NULL,
    alias_of_id integer,
    latest_revision_id integer,
    CONSTRAINT wagtailcore_page_depth_check CHECK ((depth >= 0)),
    CONSTRAINT wagtailcore_page_numchild_check CHECK ((numchild >= 0))
);


ALTER TABLE public.wagtailcore_page OWNER TO smallbiz_app;

--
-- Name: wagtailcore_page_id_seq; Type: SEQUENCE; Schema: public; Owner: smallbiz_app
--

ALTER TABLE public.wagtailcore_page ALTER COLUMN id ADD GENERATED BY DEFAULT AS IDENTITY (
    SEQUENCE NAME public.wagtailcore_page_id_seq
    START WITH 1
    INCREMENT BY 1
    NO MINVALUE
    NO MAXVALUE
    CACHE 1
);


--
-- Name: wagtailcore_pagelogentry; Type: TABLE; Schema: public; Owner: smallbiz_app
--

CREATE TABLE public.wagtailcore_pagelogentry (
    id integer NOT NULL,
    label text NOT NULL,
    action character varying(255) NOT NULL,
    data jsonb NOT NULL,
    "timestamp" timestamp with time zone NOT NULL,
    content_changed boolean NOT NULL,
    deleted boolean NOT NULL,
    content_type_id integer,
    page_id integer NOT NULL,
    revision_id integer,
    user_id integer,
    uuid uuid
);


ALTER TABLE public.wagtailcore_pagelogentry OWNER TO smallbiz_app;

--
-- Name: wagtailcore_pagelogentry_id_seq; Type: SEQUENCE; Schema: public; Owner: smallbiz_app
--

ALTER TABLE public.wagtailcore_pagelogentry ALTER COLUMN id ADD GENERATED BY DEFAULT AS IDENTITY (
    SEQUENCE NAME public.wagtailcore_pagelogentry_id_seq
    START WITH 1
    INCREMENT BY 1
    NO MINVALUE
    NO MAXVALUE
    CACHE 1
);


--
-- Name: wagtailcore_revision; Type: TABLE; Schema: public; Owner: smallbiz_app
--

CREATE TABLE public.wagtailcore_revision (
    id integer NOT NULL,
    created_at timestamp with time zone NOT NULL,
    content jsonb NOT NULL,
    approved_go_live_at timestamp with time zone,
    object_id character varying(255) NOT NULL,
    user_id integer,
    content_type_id integer NOT NULL,
    base_content_type_id integer NOT NULL,
    object_str text NOT NULL
);


ALTER TABLE public.wagtailcore_revision OWNER TO smallbiz_app;

--
-- Name: wagtailcore_pagerevision_id_seq; Type: SEQUENCE; Schema: public; Owner: smallbiz_app
--

ALTER TABLE public.wagtailcore_revision ALTER COLUMN id ADD GENERATED BY DEFAULT AS IDENTITY (
    SEQUENCE NAME public.wagtailcore_pagerevision_id_seq
    START WITH 1
    INCREMENT BY 1
    NO MINVALUE
    NO MAXVALUE
    CACHE 1
);


--
-- Name: wagtailcore_pagesubscription; Type: TABLE; Schema: public; Owner: smallbiz_app
--

CREATE TABLE public.wagtailcore_pagesubscription (
    id integer NOT NULL,
    comment_notifications boolean NOT NULL,
    page_id integer NOT NULL,
    user_id integer NOT NULL
);


ALTER TABLE public.wagtailcore_pagesubscription OWNER TO smallbiz_app;

--
-- Name: wagtailcore_pagesubscription_id_seq; Type: SEQUENCE; Schema: public; Owner: smallbiz_app
--

ALTER TABLE public.wagtailcore_pagesubscription ALTER COLUMN id ADD GENERATED BY DEFAULT AS IDENTITY (
    SEQUENCE NAME public.wagtailcore_pagesubscription_id_seq
    START WITH 1
    INCREMENT BY 1
    NO MINVALUE
    NO MAXVALUE
    CACHE 1
);


--
-- Name: wagtailcore_pageviewrestriction; Type: TABLE; Schema: public; Owner: smallbiz_app
--

CREATE TABLE public.wagtailcore_pageviewrestriction (
    id integer NOT NULL,
    password character varying(255) NOT NULL,
    page_id integer NOT NULL,
    restriction_type character varying(20) NOT NULL
);


ALTER TABLE public.wagtailcore_pageviewrestriction OWNER TO smallbiz_app;

--
-- Name: wagtailcore_pageviewrestriction_groups; Type: TABLE; Schema: public; Owner: smallbiz_app
--

CREATE TABLE public.wagtailcore_pageviewrestriction_groups (
    id bigint NOT NULL,
    pageviewrestriction_id integer NOT NULL,
    group_id integer NOT NULL
);


ALTER TABLE public.wagtailcore_pageviewrestriction_groups OWNER TO smallbiz_app;

--
-- Name: wagtailcore_pageviewrestriction_groups_id_seq; Type: SEQUENCE; Schema: public; Owner: smallbiz_app
--

ALTER TABLE public.wagtailcore_pageviewrestriction_groups ALTER COLUMN id ADD GENERATED BY DEFAULT AS IDENTITY (
    SEQUENCE NAME public.wagtailcore_pageviewrestriction_groups_id_seq
    START WITH 1
    INCREMENT BY 1
    NO MINVALUE
    NO MAXVALUE
    CACHE 1
);


--
-- Name: wagtailcore_pageviewrestriction_id_seq; Type: SEQUENCE; Schema: public; Owner: smallbiz_app
--

ALTER TABLE public.wagtailcore_pageviewrestriction ALTER COLUMN id ADD GENERATED BY DEFAULT AS IDENTITY (
    SEQUENCE NAME public.wagtailcore_pageviewrestriction_id_seq
    START WITH 1
    INCREMENT BY 1
    NO MINVALUE
    NO MAXVALUE
    CACHE 1
);


--
-- Name: wagtailcore_referenceindex; Type: TABLE; Schema: public; Owner: smallbiz_app
--

CREATE TABLE public.wagtailcore_referenceindex (
    id integer NOT NULL,
    object_id character varying(255) NOT NULL,
    to_object_id character varying(255) NOT NULL,
    model_path text NOT NULL,
    content_path text NOT NULL,
    content_path_hash uuid NOT NULL,
    base_content_type_id integer NOT NULL,
    content_type_id integer NOT NULL,
    to_content_type_id integer NOT NULL
);


ALTER TABLE public.wagtailcore_referenceindex OWNER TO smallbiz_app;

--
-- Name: wagtailcore_referenceindex_id_seq; Type: SEQUENCE; Schema: public; Owner: smallbiz_app
--

ALTER TABLE public.wagtailcore_referenceindex ALTER COLUMN id ADD GENERATED BY DEFAULT AS IDENTITY (
    SEQUENCE NAME public.wagtailcore_referenceindex_id_seq
    START WITH 1
    INCREMENT BY 1
    NO MINVALUE
    NO MAXVALUE
    CACHE 1
);


--
-- Name: wagtailcore_site; Type: TABLE; Schema: public; Owner: smallbiz_app
--

CREATE TABLE public.wagtailcore_site (
    id integer NOT NULL,
    hostname character varying(255) NOT NULL,
    port integer NOT NULL,
    is_default_site boolean NOT NULL,
    root_page_id integer NOT NULL,
    site_name character varying(255) NOT NULL
);


ALTER TABLE public.wagtailcore_site OWNER TO smallbiz_app;

--
-- Name: wagtailcore_site_id_seq; Type: SEQUENCE; Schema: public; Owner: smallbiz_app
--

ALTER TABLE public.wagtailcore_site ALTER COLUMN id ADD GENERATED BY DEFAULT AS IDENTITY (
    SEQUENCE NAME public.wagtailcore_site_id_seq
    START WITH 1
    INCREMENT BY 1
    NO MINVALUE
    NO MAXVALUE
    CACHE 1
);


--
-- Name: wagtailcore_task; Type: TABLE; Schema: public; Owner: smallbiz_app
--

CREATE TABLE public.wagtailcore_task (
    id integer NOT NULL,
    name character varying(255) NOT NULL,
    active boolean NOT NULL,
    content_type_id integer NOT NULL
);


ALTER TABLE public.wagtailcore_task OWNER TO smallbiz_app;

--
-- Name: wagtailcore_task_id_seq; Type: SEQUENCE; Schema: public; Owner: smallbiz_app
--

ALTER TABLE public.wagtailcore_task ALTER COLUMN id ADD GENERATED BY DEFAULT AS IDENTITY (
    SEQUENCE NAME public.wagtailcore_task_id_seq
    START WITH 1
    INCREMENT BY 1
    NO MINVALUE
    NO MAXVALUE
    CACHE 1
);


--
-- Name: wagtailcore_taskstate; Type: TABLE; Schema: public; Owner: smallbiz_app
--

CREATE TABLE public.wagtailcore_taskstate (
    id integer NOT NULL,
    status character varying(50) NOT NULL,
    started_at timestamp with time zone NOT NULL,
    finished_at timestamp with time zone,
    content_type_id integer NOT NULL,
    revision_id integer NOT NULL,
    task_id integer NOT NULL,
    workflow_state_id integer NOT NULL,
    finished_by_id integer,
    comment text NOT NULL
);


ALTER TABLE public.wagtailcore_taskstate OWNER TO smallbiz_app;

--
-- Name: wagtailcore_taskstate_id_seq; Type: SEQUENCE; Schema: public; Owner: smallbiz_app
--

ALTER TABLE public.wagtailcore_taskstate ALTER COLUMN id ADD GENERATED BY DEFAULT AS IDENTITY (
    SEQUENCE NAME public.wagtailcore_taskstate_id_seq
    START WITH 1
    INCREMENT BY 1
    NO MINVALUE
    NO MAXVALUE
    CACHE 1
);


--
-- Name: wagtailcore_uploadedfile; Type: TABLE; Schema: public; Owner: smallbiz_app
--

CREATE TABLE public.wagtailcore_uploadedfile (
    id integer NOT NULL,
    file character varying(200) NOT NULL,
    for_content_type_id integer,
    uploaded_by_user_id integer
);


ALTER TABLE public.wagtailcore_uploadedfile OWNER TO smallbiz_app;

--
-- Name: wagtailcore_uploadedfile_id_seq; Type: SEQUENCE; Schema: public; Owner: smallbiz_app
--

ALTER TABLE public.wagtailcore_uploadedfile ALTER COLUMN id ADD GENERATED BY DEFAULT AS IDENTITY (
    SEQUENCE NAME public.wagtailcore_uploadedfile_id_seq
    START WITH 1
    INCREMENT BY 1
    NO MINVALUE
    NO MAXVALUE
    CACHE 1
);


--
-- Name: wagtailcore_workflow; Type: TABLE; Schema: public; Owner: smallbiz_app
--

CREATE TABLE public.wagtailcore_workflow (
    id integer NOT NULL,
    name character varying(255) NOT NULL,
    active boolean NOT NULL
);


ALTER TABLE public.wagtailcore_workflow OWNER TO smallbiz_app;

--
-- Name: wagtailcore_workflow_id_seq; Type: SEQUENCE; Schema: public; Owner: smallbiz_app
--

ALTER TABLE public.wagtailcore_workflow ALTER COLUMN id ADD GENERATED BY DEFAULT AS IDENTITY (
    SEQUENCE NAME public.wagtailcore_workflow_id_seq
    START WITH 1
    INCREMENT BY 1
    NO MINVALUE
    NO MAXVALUE
    CACHE 1
);


--
-- Name: wagtailcore_workflowcontenttype; Type: TABLE; Schema: public; Owner: smallbiz_app
--

CREATE TABLE public.wagtailcore_workflowcontenttype (
    content_type_id integer NOT NULL,
    workflow_id integer NOT NULL
);


ALTER TABLE public.wagtailcore_workflowcontenttype OWNER TO smallbiz_app;

--
-- Name: wagtailcore_workflowpage; Type: TABLE; Schema: public; Owner: smallbiz_app
--

CREATE TABLE public.wagtailcore_workflowpage (
    page_id integer NOT NULL,
    workflow_id integer NOT NULL
);


ALTER TABLE public.wagtailcore_workflowpage OWNER TO smallbiz_app;

--
-- Name: wagtailcore_workflowstate; Type: TABLE; Schema: public; Owner: smallbiz_app
--

CREATE TABLE public.wagtailcore_workflowstate (
    id integer NOT NULL,
    status character varying(50) NOT NULL,
    created_at timestamp with time zone NOT NULL,
    current_task_state_id integer,
    object_id character varying(255) NOT NULL,
    requested_by_id integer,
    workflow_id integer NOT NULL,
    content_type_id integer NOT NULL,
    base_content_type_id integer NOT NULL
);


ALTER TABLE public.wagtailcore_workflowstate OWNER TO smallbiz_app;

--
-- Name: wagtailcore_workflowstate_id_seq; Type: SEQUENCE; Schema: public; Owner: smallbiz_app
--

ALTER TABLE public.wagtailcore_workflowstate ALTER COLUMN id ADD GENERATED BY DEFAULT AS IDENTITY (
    SEQUENCE NAME public.wagtailcore_workflowstate_id_seq
    START WITH 1
    INCREMENT BY 1
    NO MINVALUE
    NO MAXVALUE
    CACHE 1
);


--
-- Name: wagtailcore_workflowtask; Type: TABLE; Schema: public; Owner: smallbiz_app
--

CREATE TABLE public.wagtailcore_workflowtask (
    id integer NOT NULL,
    sort_order integer,
    task_id integer NOT NULL,
    workflow_id integer NOT NULL
);


ALTER TABLE public.wagtailcore_workflowtask OWNER TO smallbiz_app;

--
-- Name: wagtailcore_workflowtask_id_seq; Type: SEQUENCE; Schema: public; Owner: smallbiz_app
--

ALTER TABLE public.wagtailcore_workflowtask ALTER COLUMN id ADD GENERATED BY DEFAULT AS IDENTITY (
    SEQUENCE NAME public.wagtailcore_workflowtask_id_seq
    START WITH 1
    INCREMENT BY 1
    NO MINVALUE
    NO MAXVALUE
    CACHE 1
);


--
-- Name: wagtaildocs_document; Type: TABLE; Schema: public; Owner: smallbiz_app
--

CREATE TABLE public.wagtaildocs_document (
    id integer NOT NULL,
    title character varying(255) NOT NULL,
    file character varying(100) NOT NULL,
    created_at timestamp with time zone NOT NULL,
    uploaded_by_user_id integer,
    collection_id integer NOT NULL,
    file_size bigint,
    file_hash character varying(40) NOT NULL,
    CONSTRAINT wagtaildocs_document_file_size_check CHECK ((file_size >= 0))
);


ALTER TABLE public.wagtaildocs_document OWNER TO smallbiz_app;

--
-- Name: wagtaildocs_document_id_seq; Type: SEQUENCE; Schema: public; Owner: smallbiz_app
--

ALTER TABLE public.wagtaildocs_document ALTER COLUMN id ADD GENERATED BY DEFAULT AS IDENTITY (
    SEQUENCE NAME public.wagtaildocs_document_id_seq
    START WITH 1
    INCREMENT BY 1
    NO MINVALUE
    NO MAXVALUE
    CACHE 1
);


--
-- Name: wagtailembeds_embed; Type: TABLE; Schema: public; Owner: smallbiz_app
--

CREATE TABLE public.wagtailembeds_embed (
    id integer NOT NULL,
    url text NOT NULL,
    max_width smallint,
    type character varying(10) NOT NULL,
    html text NOT NULL,
    title text NOT NULL,
    author_name text NOT NULL,
    provider_name text NOT NULL,
    thumbnail_url text NOT NULL,
    width integer,
    height integer,
    last_updated timestamp with time zone NOT NULL,
    hash character varying(32) NOT NULL,
    cache_until timestamp with time zone
);


ALTER TABLE public.wagtailembeds_embed OWNER TO smallbiz_app;

--
-- Name: wagtailembeds_embed_id_seq; Type: SEQUENCE; Schema: public; Owner: smallbiz_app
--

ALTER TABLE public.wagtailembeds_embed ALTER COLUMN id ADD GENERATED BY DEFAULT AS IDENTITY (
    SEQUENCE NAME public.wagtailembeds_embed_id_seq
    START WITH 1
    INCREMENT BY 1
    NO MINVALUE
    NO MAXVALUE
    CACHE 1
);


--
-- Name: wagtailforms_formsubmission; Type: TABLE; Schema: public; Owner: smallbiz_app
--

CREATE TABLE public.wagtailforms_formsubmission (
    id integer NOT NULL,
    form_data jsonb NOT NULL,
    submit_time timestamp with time zone NOT NULL,
    page_id integer NOT NULL
);


ALTER TABLE public.wagtailforms_formsubmission OWNER TO smallbiz_app;

--
-- Name: wagtailforms_formsubmission_id_seq; Type: SEQUENCE; Schema: public; Owner: smallbiz_app
--

ALTER TABLE public.wagtailforms_formsubmission ALTER COLUMN id ADD GENERATED BY DEFAULT AS IDENTITY (
    SEQUENCE NAME public.wagtailforms_formsubmission_id_seq
    START WITH 1
    INCREMENT BY 1
    NO MINVALUE
    NO MAXVALUE
    CACHE 1
);


--
-- Name: wagtailimages_image; Type: TABLE; Schema: public; Owner: smallbiz_app
--

CREATE TABLE public.wagtailimages_image (
    id integer NOT NULL,
    title character varying(255) NOT NULL,
    file character varying(100) NOT NULL,
    width integer NOT NULL,
    height integer NOT NULL,
    created_at timestamp with time zone NOT NULL,
    focal_point_x integer,
    focal_point_y integer,
    focal_point_width integer,
    focal_point_height integer,
    uploaded_by_user_id integer,
    file_size integer,
    collection_id integer NOT NULL,
    file_hash character varying(40) NOT NULL,
    description character varying(255) NOT NULL,
    CONSTRAINT wagtailimages_image_file_size_check CHECK ((file_size >= 0)),
    CONSTRAINT wagtailimages_image_focal_point_height_check CHECK ((focal_point_height >= 0)),
    CONSTRAINT wagtailimages_image_focal_point_width_check CHECK ((focal_point_width >= 0)),
    CONSTRAINT wagtailimages_image_focal_point_x_check CHECK ((focal_point_x >= 0)),
    CONSTRAINT wagtailimages_image_focal_point_y_check CHECK ((focal_point_y >= 0))
);


ALTER TABLE public.wagtailimages_image OWNER TO smallbiz_app;

--
-- Name: wagtailimages_image_id_seq; Type: SEQUENCE; Schema: public; Owner: smallbiz_app
--

ALTER TABLE public.wagtailimages_image ALTER COLUMN id ADD GENERATED BY DEFAULT AS IDENTITY (
    SEQUENCE NAME public.wagtailimages_image_id_seq
    START WITH 1
    INCREMENT BY 1
    NO MINVALUE
    NO MAXVALUE
    CACHE 1
);


--
-- Name: wagtailimages_rendition; Type: TABLE; Schema: public; Owner: smallbiz_app
--

CREATE TABLE public.wagtailimages_rendition (
    id integer NOT NULL,
    file character varying(100) NOT NULL,
    width integer NOT NULL,
    height integer NOT NULL,
    focal_point_key character varying(16) NOT NULL,
    filter_spec character varying(255) NOT NULL,
    image_id integer NOT NULL
);


ALTER TABLE public.wagtailimages_rendition OWNER TO smallbiz_app;

--
-- Name: wagtailimages_rendition_id_seq; Type: SEQUENCE; Schema: public; Owner: smallbiz_app
--

ALTER TABLE public.wagtailimages_rendition ALTER COLUMN id ADD GENERATED BY DEFAULT AS IDENTITY (
    SEQUENCE NAME public.wagtailimages_rendition_id_seq
    START WITH 1
    INCREMENT BY 1
    NO MINVALUE
    NO MAXVALUE
    CACHE 1
);


--
-- Name: wagtailredirects_redirect; Type: TABLE; Schema: public; Owner: smallbiz_app
--

CREATE TABLE public.wagtailredirects_redirect (
    id integer NOT NULL,
    old_path character varying(255) NOT NULL,
    is_permanent boolean NOT NULL,
    redirect_link character varying(255) NOT NULL,
    redirect_page_id integer,
    site_id integer,
    automatically_created boolean NOT NULL,
    created_at timestamp with time zone,
    redirect_page_route_path character varying(255) NOT NULL
);


ALTER TABLE public.wagtailredirects_redirect OWNER TO smallbiz_app;

--
-- Name: wagtailredirects_redirect_id_seq; Type: SEQUENCE; Schema: public; Owner: smallbiz_app
--

ALTER TABLE public.wagtailredirects_redirect ALTER COLUMN id ADD GENERATED BY DEFAULT AS IDENTITY (
    SEQUENCE NAME public.wagtailredirects_redirect_id_seq
    START WITH 1
    INCREMENT BY 1
    NO MINVALUE
    NO MAXVALUE
    CACHE 1
);


--
-- Name: wagtailsearch_indexentry; Type: TABLE; Schema: public; Owner: smallbiz_app
--

CREATE TABLE public.wagtailsearch_indexentry (
    id integer NOT NULL,
    object_id character varying(50) NOT NULL,
    title_norm double precision NOT NULL,
    content_type_id integer NOT NULL,
    autocomplete tsvector NOT NULL,
    title tsvector NOT NULL,
    body tsvector NOT NULL
);


ALTER TABLE public.wagtailsearch_indexentry OWNER TO smallbiz_app;

--
-- Name: wagtailsearch_indexentry_id_seq; Type: SEQUENCE; Schema: public; Owner: smallbiz_app
--

ALTER TABLE public.wagtailsearch_indexentry ALTER COLUMN id ADD GENERATED BY DEFAULT AS IDENTITY (
    SEQUENCE NAME public.wagtailsearch_indexentry_id_seq
    START WITH 1
    INCREMENT BY 1
    NO MINVALUE
    NO MAXVALUE
    CACHE 1
);


--
-- Name: wagtailusers_userprofile; Type: TABLE; Schema: public; Owner: smallbiz_app
--

CREATE TABLE public.wagtailusers_userprofile (
    id integer NOT NULL,
    submitted_notifications boolean NOT NULL,
    approved_notifications boolean NOT NULL,
    rejected_notifications boolean NOT NULL,
    user_id integer NOT NULL,
    preferred_language character varying(10) NOT NULL,
    current_time_zone character varying(40) NOT NULL,
    avatar character varying(100) NOT NULL,
    updated_comments_notifications boolean NOT NULL,
    dismissibles jsonb NOT NULL,
    theme character varying(40) NOT NULL,
    density character varying(40) NOT NULL,
    contrast character varying(40) NOT NULL,
    keyboard_shortcuts boolean NOT NULL
);


ALTER TABLE public.wagtailusers_userprofile OWNER TO smallbiz_app;

--
-- Name: wagtailusers_userprofile_id_seq; Type: SEQUENCE; Schema: public; Owner: smallbiz_app
--

ALTER TABLE public.wagtailusers_userprofile ALTER COLUMN id ADD GENERATED BY DEFAULT AS IDENTITY (
    SEQUENCE NAME public.wagtailusers_userprofile_id_seq
    START WITH 1
    INCREMENT BY 1
    NO MINVALUE
    NO MAXVALUE
    CACHE 1
);


--
-- Data for Name: about_aboutpage; Type: TABLE DATA; Schema: public; Owner: smallbiz_app
--

COPY public.about_aboutpage (page_ptr_id, intro, body) FROM stdin;
10	<p data-block-key="2jmu2">Globalview International Immigration</p>	<p data-block-key="7inzo">Canada Globalview International Immigration Ltd. is a professional immigration consulting firm registered with the Canadian federal government and authorized by Immigration, Refugees and Citizenship Canada (IRCC). Our founders have accumulated extensive industry experience since 2009 and possess a deep understanding of Canadian immigration programs and regulations. We are one of the earliest immigration consulting firms to specialize in Provincial Nominee Program (PNP) business immigration programs, boasting strong professional advantages in business immigration applications and consistently maintaining a high success rate. All applications are personally handled by experienced, licensed Canadian immigration consultants and business experts, ensuring professional, efficient, and reliable services to help you and your family successfully immigrate to Canada.</p>
30	<p data-block-key="2jmu2">全球视野国际移民</p>	<p data-block-key="7inzo">加拿大环球国际移民有限公司是一家专业的移民咨询公司，已在加拿大联邦政府注册，并获得加拿大移民、难民和公民部 (IRCC) 的授权。自 2009 年以来，我们的创始人积累了丰富的行业经验，对加拿大移民项目和法规有着深刻的理解。我们是最早专注于省提名计划 (PNP) 商业移民项目的移民咨询公司之一，在商业移民申请方面拥有强大的专业优势，并始终保持着很高的成功率。所有申请均由经验丰富、持有执照的加拿大移民顾问和商业专家亲自处理，确保为您和您的家人提供专业、高效、可靠的服务，助您成功移民加拿大</p>
\.


--
-- Data for Name: auth_group; Type: TABLE DATA; Schema: public; Owner: smallbiz_app
--

COPY public.auth_group (id, name) FROM stdin;
1	Moderators
2	Editors
\.


--
-- Data for Name: auth_group_permissions; Type: TABLE DATA; Schema: public; Owner: smallbiz_app
--

COPY public.auth_group_permissions (id, group_id, permission_id) FROM stdin;
1	1	1
2	2	1
3	1	106
4	1	107
5	1	108
6	2	106
7	2	107
8	2	108
9	1	109
10	2	109
11	1	112
12	1	110
13	1	111
14	2	112
15	2	110
16	2	111
17	1	113
18	2	113
19	1	216
20	2	216
\.


--
-- Data for Name: auth_permission; Type: TABLE DATA; Schema: public; Owner: smallbiz_app
--

COPY public.auth_permission (id, name, content_type_id, codename) FROM stdin;
1	Can access Wagtail admin	3	access_admin
2	Can add locale	12	add_locale
3	Can change locale	12	change_locale
4	Can delete locale	12	delete_locale
5	Can view locale	12	view_locale
6	Can add site	19	add_site
7	Can change site	19	change_site
8	Can delete site	19	delete_site
9	Can view site	19	view_site
10	Can add group site permission	11	add_groupsitepermission
11	Can change group site permission	11	change_groupsitepermission
12	Can delete group site permission	11	delete_groupsitepermission
13	Can view group site permission	11	view_groupsitepermission
14	Can add model log entry	13	add_modellogentry
15	Can change model log entry	13	change_modellogentry
16	Can delete model log entry	13	delete_modellogentry
17	Can view model log entry	13	view_modellogentry
18	Can add revision	18	add_revision
19	Can change revision	18	change_revision
20	Can delete revision	18	delete_revision
21	Can view revision	18	view_revision
22	Can add collection view restriction	6	add_collectionviewrestriction
23	Can change collection view restriction	6	change_collectionviewrestriction
24	Can delete collection view restriction	6	delete_collectionviewrestriction
25	Can view collection view restriction	6	view_collectionviewrestriction
26	Can add collection	5	add_collection
27	Can change collection	5	change_collection
28	Can delete collection	5	delete_collection
29	Can view collection	5	view_collection
30	Can add group collection permission	9	add_groupcollectionpermission
31	Can change group collection permission	9	change_groupcollectionpermission
32	Can delete group collection permission	9	delete_groupcollectionpermission
33	Can view group collection permission	9	view_groupcollectionpermission
34	Can add uploaded file	22	add_uploadedfile
35	Can change uploaded file	22	change_uploadedfile
36	Can delete uploaded file	22	delete_uploadedfile
37	Can view uploaded file	22	view_uploadedfile
38	Can add workflow content type	24	add_workflowcontenttype
39	Can change workflow content type	24	change_workflowcontenttype
40	Can delete workflow content type	24	delete_workflowcontenttype
41	Can view workflow content type	24	view_workflowcontenttype
42	Can add Workflow state	26	add_workflowstate
43	Can change Workflow state	26	change_workflowstate
44	Can delete Workflow state	26	delete_workflowstate
45	Can view Workflow state	26	view_workflowstate
46	Can add workflow	23	add_workflow
47	Can change workflow	23	change_workflow
48	Can delete workflow	23	delete_workflow
49	Can view workflow	23	view_workflow
50	Can add workflow task order	27	add_workflowtask
51	Can change workflow task order	27	change_workflowtask
52	Can delete workflow task order	27	delete_workflowtask
53	Can view workflow task order	27	view_workflowtask
54	Can add task	20	add_task
55	Can change task	20	change_task
56	Can delete task	20	delete_task
57	Can view task	20	view_task
58	Can add Group approval task	4	add_groupapprovaltask
59	Can change Group approval task	4	change_groupapprovaltask
60	Can delete Group approval task	4	delete_groupapprovaltask
61	Can view Group approval task	4	view_groupapprovaltask
62	Can add Task state	21	add_taskstate
63	Can change Task state	21	change_taskstate
64	Can delete Task state	21	delete_taskstate
65	Can view Task state	21	view_taskstate
66	Can add page	1	add_page
67	Can change page	1	change_page
68	Can delete page	1	delete_page
69	Can view page	1	view_page
70	Delete pages with children	1	bulk_delete_page
71	Lock/unlock pages you've locked	1	lock_page
72	Publish any page	1	publish_page
73	Unlock any page	1	unlock_page
74	Can add group page permission	10	add_grouppagepermission
75	Can change group page permission	10	change_grouppagepermission
76	Can delete group page permission	10	delete_grouppagepermission
77	Can view group page permission	10	view_grouppagepermission
78	Can add page view restriction	16	add_pageviewrestriction
79	Can change page view restriction	16	change_pageviewrestriction
80	Can delete page view restriction	16	delete_pageviewrestriction
81	Can view page view restriction	16	view_pageviewrestriction
82	Can add workflow page	25	add_workflowpage
83	Can change workflow page	25	change_workflowpage
84	Can delete workflow page	25	delete_workflowpage
85	Can view workflow page	25	view_workflowpage
86	Can add page log entry	14	add_pagelogentry
87	Can change page log entry	14	change_pagelogentry
88	Can delete page log entry	14	delete_pagelogentry
89	Can view page log entry	14	view_pagelogentry
90	Can add comment	7	add_comment
91	Can change comment	7	change_comment
92	Can delete comment	7	delete_comment
93	Can view comment	7	view_comment
94	Can add comment reply	8	add_commentreply
95	Can change comment reply	8	change_commentreply
96	Can delete comment reply	8	delete_commentreply
97	Can view comment reply	8	view_commentreply
98	Can add page subscription	15	add_pagesubscription
99	Can change page subscription	15	change_pagesubscription
100	Can delete page subscription	15	delete_pagesubscription
101	Can view page subscription	15	view_pagesubscription
102	Can add reference index	17	add_referenceindex
103	Can change reference index	17	change_referenceindex
104	Can delete reference index	17	delete_referenceindex
105	Can view reference index	17	view_referenceindex
106	Can add document	28	add_document
107	Can change document	28	change_document
108	Can delete document	28	delete_document
109	Can choose document	28	choose_document
110	Can add image	29	add_image
111	Can change image	29	change_image
112	Can delete image	29	delete_image
113	Can choose image	29	choose_image
114	Can add home page	2	add_homepage
115	Can change home page	2	change_homepage
116	Can delete home page	2	delete_homepage
117	Can view home page	2	view_homepage
118	Can add form submission	30	add_formsubmission
119	Can change form submission	30	change_formsubmission
120	Can delete form submission	30	delete_formsubmission
121	Can view form submission	30	view_formsubmission
122	Can add redirect	31	add_redirect
123	Can change redirect	31	change_redirect
124	Can delete redirect	31	delete_redirect
125	Can view redirect	31	view_redirect
126	Can add embed	32	add_embed
127	Can change embed	32	change_embed
128	Can delete embed	32	delete_embed
129	Can view embed	32	view_embed
130	Can add user profile	33	add_userprofile
131	Can change user profile	33	change_userprofile
132	Can delete user profile	33	delete_userprofile
133	Can view user profile	33	view_userprofile
134	Can view document	28	view_document
135	Can view image	29	view_image
136	Can add rendition	34	add_rendition
137	Can change rendition	34	change_rendition
138	Can delete rendition	34	delete_rendition
139	Can view rendition	34	view_rendition
140	Can add index entry	35	add_indexentry
141	Can change index entry	35	change_indexentry
142	Can delete index entry	35	delete_indexentry
143	Can view index entry	35	view_indexentry
144	Can add editing session	36	add_editingsession
145	Can change editing session	36	change_editingsession
146	Can delete editing session	36	delete_editingsession
147	Can view editing session	36	view_editingsession
148	Can add tag	37	add_tag
149	Can change tag	37	change_tag
150	Can delete tag	37	delete_tag
151	Can view tag	37	view_tag
152	Can add tagged item	38	add_taggeditem
153	Can change tagged item	38	change_taggeditem
154	Can delete tagged item	38	delete_taggeditem
155	Can view tagged item	38	view_taggeditem
156	Can add log entry	39	add_logentry
157	Can change log entry	39	change_logentry
158	Can delete log entry	39	delete_logentry
159	Can view log entry	39	view_logentry
160	Can add permission	41	add_permission
161	Can change permission	41	change_permission
162	Can delete permission	41	delete_permission
163	Can view permission	41	view_permission
164	Can add group	40	add_group
165	Can change group	40	change_group
166	Can delete group	40	delete_group
167	Can view group	40	view_group
168	Can add user	42	add_user
169	Can change user	42	change_user
170	Can delete user	42	delete_user
171	Can view user	42	view_user
172	Can add content type	43	add_contenttype
173	Can change content type	43	change_contenttype
174	Can delete content type	43	delete_contenttype
175	Can view content type	43	view_contenttype
176	Can add session	44	add_session
177	Can change session	44	change_session
178	Can delete session	44	delete_session
179	Can view session	44	view_session
180	Can add services index page	46	add_servicesindexpage
181	Can change services index page	46	change_servicesindexpage
182	Can delete services index page	46	delete_servicesindexpage
183	Can view services index page	46	view_servicesindexpage
184	Can add service page	45	add_servicepage
185	Can change service page	45	change_servicepage
186	Can delete service page	45	delete_servicepage
187	Can view service page	45	view_servicepage
188	Can add blog index page	47	add_blogindexpage
189	Can change blog index page	47	change_blogindexpage
190	Can delete blog index page	47	delete_blogindexpage
191	Can view blog index page	47	view_blogindexpage
192	Can add blog page	48	add_blogpage
193	Can change blog page	48	change_blogpage
194	Can delete blog page	48	delete_blogpage
195	Can view blog page	48	view_blogpage
196	Can add contact page	49	add_contactpage
197	Can change contact page	49	change_contactpage
198	Can delete contact page	49	delete_contactpage
199	Can view contact page	49	view_contactpage
200	Can add business settings	50	add_businesssettings
201	Can change business settings	50	change_businesssettings
202	Can delete business settings	50	delete_businesssettings
203	Can view business settings	50	view_businesssettings
204	Can add about page	51	add_aboutpage
205	Can change about page	51	change_aboutpage
206	Can delete about page	51	delete_aboutpage
207	Can view about page	51	view_aboutpage
208	Can add about page	52	add_aboutpage
209	Can change about page	52	change_aboutpage
210	Can delete about page	52	delete_aboutpage
211	Can view about page	52	view_aboutpage
212	Can add inquiry page	53	add_inquirypage
213	Can change inquiry page	53	change_inquirypage
214	Can delete inquiry page	53	delete_inquirypage
215	Can view inquiry page	53	view_inquirypage
216	Can submit translations	54	submit_translation
217	Can add string	59	add_string
218	Can change string	59	change_string
219	Can delete string	59	delete_string
220	Can view string	59	view_string
221	Can add template	62	add_template
222	Can change template	62	change_template
223	Can delete template	62	delete_template
224	Can view template	62	view_template
225	Can add translatable object	64	add_translatableobject
226	Can change translatable object	64	change_translatableobject
227	Can delete translatable object	64	delete_translatableobject
228	Can view translatable object	64	view_translatableobject
229	Can add translation source	67	add_translationsource
230	Can change translation source	67	change_translationsource
231	Can delete translation source	67	delete_translationsource
232	Can view translation source	67	view_translationsource
233	Can add translation log	66	add_translationlog
234	Can change translation log	66	change_translationlog
235	Can delete translation log	66	delete_translationlog
236	Can view translation log	66	view_translationlog
237	Can add translation context	65	add_translationcontext
238	Can change translation context	65	change_translationcontext
239	Can delete translation context	65	delete_translationcontext
240	Can view translation context	65	view_translationcontext
241	Can add template segment	63	add_templatesegment
242	Can change template segment	63	change_templatesegment
243	Can delete template segment	63	delete_templatesegment
244	Can view template segment	63	view_templatesegment
245	Can add string segment	60	add_stringsegment
246	Can change string segment	60	change_stringsegment
247	Can delete string segment	60	delete_stringsegment
248	Can view string segment	60	view_stringsegment
249	Can add related object segment	57	add_relatedobjectsegment
250	Can change related object segment	57	change_relatedobjectsegment
251	Can delete related object segment	57	delete_relatedobjectsegment
252	Can view related object segment	57	view_relatedobjectsegment
253	Can add string translation	61	add_stringtranslation
254	Can change string translation	61	change_stringtranslation
255	Can delete string translation	61	delete_stringtranslation
256	Can view string translation	61	view_stringtranslation
257	Can add translation	54	add_translation
258	Can change translation	54	change_translation
259	Can delete translation	54	delete_translation
260	Can view translation	54	view_translation
261	Can add overridable segment	56	add_overridablesegment
262	Can change overridable segment	56	change_overridablesegment
263	Can delete overridable segment	56	delete_overridablesegment
264	Can view overridable segment	56	view_overridablesegment
265	Can add segment override	58	add_segmentoverride
266	Can change segment override	58	change_segmentoverride
267	Can delete segment override	58	delete_segmentoverride
268	Can view segment override	58	view_segmentoverride
269	Can add locale synchronization	55	add_localesynchronization
270	Can change locale synchronization	55	change_localesynchronization
271	Can delete locale synchronization	55	delete_localesynchronization
272	Can view locale synchronization	55	view_localesynchronization
\.


--
-- Data for Name: auth_user; Type: TABLE DATA; Schema: public; Owner: smallbiz_app
--

COPY public.auth_user (id, password, last_login, is_superuser, username, first_name, last_name, email, is_staff, is_active, date_joined) FROM stdin;
1	pbkdf2_sha256$1200000$ND5y5umZtruC0xDXSsUv3i$moz6+EvJFYt+TI08kroOh9J/DGBB85Jameh+P+e6xBU=	2026-05-02 22:35:42.620096+00	t	bernie			bgr7597@hotmail.com	t	t	2026-04-19 18:15:15.51251+00
\.


--
-- Data for Name: auth_user_groups; Type: TABLE DATA; Schema: public; Owner: smallbiz_app
--

COPY public.auth_user_groups (id, user_id, group_id) FROM stdin;
\.


--
-- Data for Name: auth_user_user_permissions; Type: TABLE DATA; Schema: public; Owner: smallbiz_app
--

COPY public.auth_user_user_permissions (id, user_id, permission_id) FROM stdin;
\.


--
-- Data for Name: blog_blogindexpage; Type: TABLE DATA; Schema: public; Owner: smallbiz_app
--

COPY public.blog_blogindexpage (page_ptr_id, intro, article_label, empty_posts_text, hero_eyebrow, post_card_text, posts_heading, posts_intro, read_post_text) FROM stdin;
5	<p data-block-key="ds5qa">See the latest in immigration news and programs.</p>	Article	No blog posts yet.	Blog	Read more about this topic and how it may apply to your situation.	Latest Posts	Read helpful updates, guidance, and information.	Read post →
28	<p data-block-key="ds5qa">查看最新的移民新闻和项目信息</p>	文章	目前还没有博客文章	博客	阅读更多关于此主题的内容，以及它如何适用于您的情况	最新帖子	阅读有用的更新、指导和信息	阅读帖子 →
\.


--
-- Data for Name: blog_blogpage; Type: TABLE DATA; Schema: public; Owner: smallbiz_app
--

COPY public.blog_blogpage (page_ptr_id, date, intro, body, image_id, article_label, back_to_blog_text) FROM stdin;
9	2026-04-19	Blog Introduction text.	<p data-block-key="1vm2i">Blog content area.</p>	\N	Article	← Back to Blog
29	2026-04-19	博客介绍文本	<p data-block-key="1vm2i">博客内容区</p>	\N	文章	← 返回博客
\.


--
-- Data for Name: contact_contactpage; Type: TABLE DATA; Schema: public; Owner: smallbiz_app
--

COPY public.contact_contactpage (page_ptr_id, intro, phone, email, address, hours) FROM stdin;
\.


--
-- Data for Name: core_businesssettings; Type: TABLE DATA; Schema: public; Owner: smallbiz_app
--

COPY public.core_businesssettings (id, business_name, phone, email, address, hours, facebook_url, instagram_url, site_id) FROM stdin;
1	Canada Globalview Immigration	800-555-5555	golfknut@gmail.com	Toronto, Canada	9-5 Eastern Standard Time			2
\.


--
-- Data for Name: django_admin_log; Type: TABLE DATA; Schema: public; Owner: smallbiz_app
--

COPY public.django_admin_log (id, action_time, object_id, object_repr, action_flag, change_message, content_type_id, user_id) FROM stdin;
\.


--
-- Data for Name: django_content_type; Type: TABLE DATA; Schema: public; Owner: smallbiz_app
--

COPY public.django_content_type (id, app_label, model) FROM stdin;
1	wagtailcore	page
2	home	homepage
3	wagtailadmin	admin
4	wagtailcore	groupapprovaltask
5	wagtailcore	collection
6	wagtailcore	collectionviewrestriction
7	wagtailcore	comment
8	wagtailcore	commentreply
9	wagtailcore	groupcollectionpermission
10	wagtailcore	grouppagepermission
11	wagtailcore	groupsitepermission
12	wagtailcore	locale
13	wagtailcore	modellogentry
14	wagtailcore	pagelogentry
15	wagtailcore	pagesubscription
16	wagtailcore	pageviewrestriction
17	wagtailcore	referenceindex
18	wagtailcore	revision
19	wagtailcore	site
20	wagtailcore	task
21	wagtailcore	taskstate
22	wagtailcore	uploadedfile
23	wagtailcore	workflow
24	wagtailcore	workflowcontenttype
25	wagtailcore	workflowpage
26	wagtailcore	workflowstate
27	wagtailcore	workflowtask
28	wagtaildocs	document
29	wagtailimages	image
30	wagtailforms	formsubmission
31	wagtailredirects	redirect
32	wagtailembeds	embed
33	wagtailusers	userprofile
34	wagtailimages	rendition
35	wagtailsearch	indexentry
36	wagtailadmin	editingsession
37	taggit	tag
38	taggit	taggeditem
39	admin	logentry
40	auth	group
41	auth	permission
42	auth	user
43	contenttypes	contenttype
44	sessions	session
45	services	servicepage
46	services	servicesindexpage
47	blog	blogindexpage
48	blog	blogpage
49	contact	contactpage
50	core	businesssettings
51	contact	aboutpage
52	about	aboutpage
53	inquiry	inquirypage
54	wagtail_localize	translation
55	wagtail_localize	localesynchronization
56	wagtail_localize	overridablesegment
57	wagtail_localize	relatedobjectsegment
58	wagtail_localize	segmentoverride
59	wagtail_localize	string
60	wagtail_localize	stringsegment
61	wagtail_localize	stringtranslation
62	wagtail_localize	template
63	wagtail_localize	templatesegment
64	wagtail_localize	translatableobject
65	wagtail_localize	translationcontext
66	wagtail_localize	translationlog
67	wagtail_localize	translationsource
\.


--
-- Data for Name: django_migrations; Type: TABLE DATA; Schema: public; Owner: smallbiz_app
--

COPY public.django_migrations (id, app, name, applied) FROM stdin;
1	contenttypes	0001_initial	2026-04-19 18:08:52.984849+00
2	auth	0001_initial	2026-04-19 18:08:53.047134+00
3	admin	0001_initial	2026-04-19 18:08:53.065202+00
4	admin	0002_logentry_remove_auto_add	2026-04-19 18:08:53.077204+00
5	admin	0003_logentry_add_action_flag_choices	2026-04-19 18:08:53.084205+00
6	contenttypes	0002_remove_content_type_name	2026-04-19 18:08:53.105758+00
7	auth	0002_alter_permission_name_max_length	2026-04-19 18:08:53.114421+00
8	auth	0003_alter_user_email_max_length	2026-04-19 18:08:53.125266+00
9	auth	0004_alter_user_username_opts	2026-04-19 18:08:53.131486+00
10	auth	0005_alter_user_last_login_null	2026-04-19 18:08:53.141427+00
11	auth	0006_require_contenttypes_0002	2026-04-19 18:08:53.142592+00
12	auth	0007_alter_validators_add_error_messages	2026-04-19 18:08:53.150725+00
13	auth	0008_alter_user_username_max_length	2026-04-19 18:08:53.16473+00
14	auth	0009_alter_user_last_name_max_length	2026-04-19 18:08:53.173407+00
15	auth	0010_alter_group_name_max_length	2026-04-19 18:08:53.180927+00
16	auth	0011_update_proxy_permissions	2026-04-19 18:08:53.189478+00
17	auth	0012_alter_user_first_name_max_length	2026-04-19 18:08:53.197829+00
18	wagtailcore	0001_initial	2026-04-19 18:08:53.38427+00
19	wagtailcore	0002_initial_data	2026-04-19 18:08:53.38527+00
20	wagtailcore	0003_add_uniqueness_constraint_on_group_page_permission	2026-04-19 18:08:53.386798+00
21	wagtailcore	0004_page_locked	2026-04-19 18:08:53.38728+00
22	wagtailcore	0005_add_page_lock_permission_to_moderators	2026-04-19 18:08:53.38728+00
23	wagtailcore	0006_add_lock_page_permission	2026-04-19 18:08:53.388436+00
24	wagtailcore	0007_page_latest_revision_created_at	2026-04-19 18:08:53.38927+00
25	wagtailcore	0008_populate_latest_revision_created_at	2026-04-19 18:08:53.38927+00
26	wagtailcore	0009_remove_auto_now_add_from_pagerevision_created_at	2026-04-19 18:08:53.390299+00
27	wagtailcore	0010_change_page_owner_to_null_on_delete	2026-04-19 18:08:53.390299+00
28	wagtailcore	0011_page_first_published_at	2026-04-19 18:08:53.39153+00
29	wagtailcore	0012_extend_page_slug_field	2026-04-19 18:08:53.39153+00
30	wagtailcore	0013_update_golive_expire_help_text	2026-04-19 18:08:53.392452+00
31	wagtailcore	0014_add_verbose_name	2026-04-19 18:08:53.393007+00
32	wagtailcore	0015_add_more_verbose_names	2026-04-19 18:08:53.393418+00
33	wagtailcore	0016_change_page_url_path_to_text_field	2026-04-19 18:08:53.394416+00
34	wagtailcore	0001_squashed_0016_change_page_url_path_to_text_field	2026-04-19 18:08:53.394451+00
35	wagtailcore	0017_change_edit_page_permission_description	2026-04-19 18:08:53.401594+00
36	wagtailcore	0018_pagerevision_submitted_for_moderation_index	2026-04-19 18:08:53.412701+00
37	wagtailcore	0019_verbose_names_cleanup	2026-04-19 18:08:53.455982+00
38	wagtailcore	0020_add_index_on_page_first_published_at	2026-04-19 18:08:53.472691+00
39	wagtailcore	0021_capitalizeverbose	2026-04-19 18:08:53.733336+00
40	wagtailcore	0022_add_site_name	2026-04-19 18:08:53.746064+00
41	wagtailcore	0023_alter_page_revision_on_delete_behaviour	2026-04-19 18:08:53.756036+00
42	wagtailcore	0024_collection	2026-04-19 18:08:53.767224+00
43	wagtailcore	0025_collection_initial_data	2026-04-19 18:08:53.781173+00
44	wagtailcore	0026_group_collection_permission	2026-04-19 18:08:53.827363+00
45	wagtailcore	0027_fix_collection_path_collation	2026-04-19 18:08:53.847217+00
46	wagtailcore	0024_alter_page_content_type_on_delete_behaviour	2026-04-19 18:08:53.863861+00
47	wagtailcore	0028_merge	2026-04-19 18:08:53.865654+00
48	wagtailcore	0029_unicode_slugfield_dj19	2026-04-19 18:08:53.874625+00
49	wagtailcore	0030_index_on_pagerevision_created_at	2026-04-19 18:08:53.893638+00
50	wagtailcore	0031_add_page_view_restriction_types	2026-04-19 18:08:53.949644+00
51	wagtailcore	0032_add_bulk_delete_page_permission	2026-04-19 18:08:53.957949+00
52	wagtailcore	0033_remove_golive_expiry_help_text	2026-04-19 18:08:53.989352+00
53	wagtailcore	0034_page_live_revision	2026-04-19 18:08:54.005978+00
54	wagtailcore	0035_page_last_published_at	2026-04-19 18:08:54.022908+00
55	wagtailcore	0036_populate_page_last_published_at	2026-04-19 18:08:54.044819+00
56	wagtailcore	0037_set_page_owner_editable	2026-04-19 18:08:54.061256+00
57	wagtailcore	0038_make_first_published_at_editable	2026-04-19 18:08:54.078138+00
58	wagtailcore	0039_collectionviewrestriction	2026-04-19 18:08:54.132618+00
59	wagtailcore	0040_page_draft_title	2026-04-19 18:08:54.167335+00
60	home	0001_initial	2026-04-19 18:08:54.192074+00
61	home	0002_create_homepage	2026-04-19 18:08:54.233889+00
62	sessions	0001_initial	2026-04-19 18:08:54.250344+00
63	taggit	0001_initial	2026-04-19 18:08:54.350813+00
64	taggit	0002_auto_20150616_2121	2026-04-19 18:08:54.358374+00
65	taggit	0003_taggeditem_add_unique_index	2026-04-19 18:08:54.366422+00
66	taggit	0004_alter_taggeditem_content_type_alter_taggeditem_tag	2026-04-19 18:08:54.391008+00
67	taggit	0005_auto_20220424_2025	2026-04-19 18:08:54.398468+00
68	taggit	0006_rename_taggeditem_content_type_object_id_taggit_tagg_content_8fc721_idx	2026-04-19 18:08:54.428818+00
69	wagtailadmin	0001_create_admin_access_permissions	2026-04-19 18:08:54.462641+00
70	wagtailadmin	0002_admin	2026-04-19 18:08:54.465429+00
71	wagtailadmin	0003_admin_managed	2026-04-19 18:08:54.474926+00
72	wagtailadmin	0004_editingsession	2026-04-19 18:08:54.510237+00
73	wagtailadmin	0005_editingsession_is_editing	2026-04-19 18:08:54.525622+00
74	wagtailcore	0041_group_collection_permissions_verbose_name_plural	2026-04-19 18:08:54.536848+00
75	wagtailcore	0042_index_on_pagerevision_approved_go_live_at	2026-04-19 18:08:54.557537+00
76	wagtailcore	0043_lock_fields	2026-04-19 18:08:54.597931+00
77	wagtailcore	0044_add_unlock_grouppagepermission	2026-04-19 18:08:54.609548+00
78	wagtailcore	0045_assign_unlock_grouppagepermission	2026-04-19 18:08:54.641048+00
79	wagtailcore	0046_site_name_remove_null	2026-04-19 18:08:54.657083+00
80	wagtailcore	0047_add_workflow_models	2026-04-19 18:08:54.8847+00
81	wagtailcore	0048_add_default_workflows	2026-04-19 18:08:54.943787+00
82	wagtailcore	0049_taskstate_finished_by	2026-04-19 18:08:54.977989+00
83	wagtailcore	0050_workflow_rejected_to_needs_changes	2026-04-19 18:08:55.040761+00
84	wagtailcore	0051_taskstate_comment	2026-04-19 18:08:55.0669+00
85	wagtailcore	0052_pagelogentry	2026-04-19 18:08:55.114046+00
86	wagtailcore	0053_locale_model	2026-04-19 18:08:55.125419+00
87	wagtailcore	0054_initial_locale	2026-04-19 18:08:55.15431+00
88	wagtailcore	0055_page_locale_fields	2026-04-19 18:08:55.282015+00
89	wagtailcore	0056_page_locale_fields_populate	2026-04-19 18:08:55.308324+00
90	wagtailcore	0057_page_locale_fields_notnull	2026-04-19 18:08:55.372723+00
91	wagtailcore	0058_page_alias_of	2026-04-19 18:08:55.398125+00
92	wagtailcore	0059_apply_collection_ordering	2026-04-19 18:08:55.430419+00
93	wagtailcore	0060_fix_workflow_unique_constraint	2026-04-19 18:08:55.481267+00
94	wagtailcore	0061_change_promote_tab_helpt_text_and_verbose_names	2026-04-19 18:08:55.518409+00
95	wagtailcore	0062_comment_models_and_pagesubscription	2026-04-19 18:08:55.637714+00
96	wagtailcore	0063_modellogentry	2026-04-19 18:08:55.680793+00
97	wagtailcore	0064_log_timestamp_indexes	2026-04-19 18:08:55.72924+00
98	wagtailcore	0065_log_entry_uuid	2026-04-19 18:08:55.776599+00
99	wagtailcore	0066_collection_management_permissions	2026-04-19 18:08:55.809771+00
100	wagtailcore	0067_alter_pagerevision_content_json	2026-04-19 18:08:55.873365+00
101	wagtailcore	0068_log_entry_empty_object	2026-04-19 18:08:55.923423+00
102	wagtailcore	0069_log_entry_jsonfield	2026-04-19 18:08:56.083704+00
103	wagtailcore	0070_rename_pagerevision_revision	2026-04-19 18:08:56.344396+00
104	wagtailcore	0071_populate_revision_content_type	2026-04-19 18:08:56.36982+00
105	wagtailcore	0072_alter_revision_content_type_notnull	2026-04-19 18:08:56.444903+00
106	wagtailcore	0073_page_latest_revision	2026-04-19 18:08:56.482381+00
107	wagtailcore	0074_revision_object_str	2026-04-19 18:08:56.505376+00
108	wagtailcore	0075_populate_latest_revision_and_revision_object_str	2026-04-19 18:08:56.571213+00
109	wagtailcore	0076_modellogentry_revision	2026-04-19 18:08:56.5977+00
110	wagtailcore	0077_alter_revision_user	2026-04-19 18:08:56.627886+00
111	wagtailcore	0078_referenceindex	2026-04-19 18:08:56.678785+00
112	wagtailcore	0079_rename_taskstate_page_revision	2026-04-19 18:08:56.778552+00
113	wagtailcore	0080_generic_workflowstate	2026-04-19 18:08:56.958741+00
114	wagtailcore	0081_populate_workflowstate_content_type	2026-04-19 18:08:56.9979+00
115	wagtailcore	0082_alter_workflowstate_content_type_notnull	2026-04-19 18:08:57.076485+00
116	wagtailcore	0083_workflowcontenttype	2026-04-19 18:08:57.116899+00
117	wagtailcore	0084_add_default_page_permissions	2026-04-19 18:08:57.147763+00
118	wagtailcore	0085_add_grouppagepermission_permission	2026-04-19 18:08:57.210123+00
119	wagtailcore	0086_populate_grouppagepermission_permission	2026-04-19 18:08:57.289046+00
120	wagtailcore	0087_alter_grouppagepermission_unique_together_and_more	2026-04-19 18:08:57.364671+00
121	wagtailcore	0088_fix_log_entry_json_timestamps	2026-04-19 18:08:57.504452+00
122	wagtailcore	0089_log_entry_data_json_null_to_object	2026-04-19 18:08:57.538419+00
123	wagtailcore	0090_remove_grouppagepermission_permission_type	2026-04-19 18:08:57.632791+00
124	wagtailcore	0091_remove_revision_submitted_for_moderation	2026-04-19 18:08:57.653402+00
125	wagtailcore	0092_alter_collectionviewrestriction_password_and_more	2026-04-19 18:08:57.72369+00
126	wagtailcore	0093_uploadedfile	2026-04-19 18:08:57.760144+00
127	wagtailcore	0094_alter_page_locale	2026-04-19 18:08:57.804246+00
128	wagtailcore	0095_groupsitepermission	2026-04-19 18:08:57.860789+00
129	wagtailcore	0096_referenceindex_referenceindex_source_object_and_more	2026-04-19 18:08:57.898469+00
130	wagtaildocs	0001_initial	2026-04-19 18:08:57.94646+00
131	wagtaildocs	0002_initial_data	2026-04-19 18:08:58.010474+00
132	wagtaildocs	0003_add_verbose_names	2026-04-19 18:08:58.089217+00
133	wagtaildocs	0004_capitalizeverbose	2026-04-19 18:08:58.249572+00
134	wagtaildocs	0005_document_collection	2026-04-19 18:08:58.298297+00
135	wagtaildocs	0006_copy_document_permissions_to_collections	2026-04-19 18:08:58.350326+00
136	wagtaildocs	0005_alter_uploaded_by_user_on_delete_action	2026-04-19 18:08:58.390509+00
137	wagtaildocs	0007_merge	2026-04-19 18:08:58.392535+00
138	wagtaildocs	0008_document_file_size	2026-04-19 18:08:58.41944+00
139	wagtaildocs	0009_document_verbose_name_plural	2026-04-19 18:08:58.444941+00
140	wagtaildocs	0010_document_file_hash	2026-04-19 18:08:58.470619+00
141	wagtaildocs	0011_add_choose_permissions	2026-04-19 18:08:58.559516+00
142	wagtaildocs	0012_uploadeddocument	2026-04-19 18:08:58.597619+00
143	wagtaildocs	0013_delete_uploadeddocument	2026-04-19 18:08:58.602689+00
144	wagtaildocs	0014_alter_document_file_size	2026-04-19 18:08:58.638549+00
145	wagtailembeds	0001_initial	2026-04-19 18:08:58.65875+00
146	wagtailembeds	0002_add_verbose_names	2026-04-19 18:08:58.661751+00
147	wagtailembeds	0003_capitalizeverbose	2026-04-19 18:08:58.664751+00
148	wagtailembeds	0004_embed_verbose_name_plural	2026-04-19 18:08:58.672865+00
149	wagtailembeds	0005_specify_thumbnail_url_max_length	2026-04-19 18:08:58.677852+00
150	wagtailembeds	0006_add_embed_hash	2026-04-19 18:08:58.681847+00
151	wagtailembeds	0007_populate_hash	2026-04-19 18:08:58.721321+00
152	wagtailembeds	0008_allow_long_urls	2026-04-19 18:08:58.745951+00
153	wagtailembeds	0009_embed_cache_until	2026-04-19 18:08:58.757708+00
154	wagtailforms	0001_initial	2026-04-19 18:08:58.809028+00
155	wagtailforms	0002_add_verbose_names	2026-04-19 18:08:58.844247+00
156	wagtailforms	0003_capitalizeverbose	2026-04-19 18:08:58.875409+00
157	wagtailforms	0004_add_verbose_name_plural	2026-04-19 18:08:58.891912+00
158	wagtailforms	0005_alter_formsubmission_form_data	2026-04-19 18:08:58.992313+00
159	wagtailimages	0001_initial	2026-04-19 18:08:59.161408+00
160	wagtailimages	0002_initial_data	2026-04-19 18:08:59.16251+00
161	wagtailimages	0003_fix_focal_point_fields	2026-04-19 18:08:59.163544+00
162	wagtailimages	0004_make_focal_point_key_not_nullable	2026-04-19 18:08:59.164307+00
163	wagtailimages	0005_make_filter_spec_unique	2026-04-19 18:08:59.164307+00
164	wagtailimages	0006_add_verbose_names	2026-04-19 18:08:59.165573+00
165	wagtailimages	0007_image_file_size	2026-04-19 18:08:59.166084+00
166	wagtailimages	0008_image_created_at_index	2026-04-19 18:08:59.166084+00
167	wagtailimages	0009_capitalizeverbose	2026-04-19 18:08:59.166955+00
168	wagtailimages	0010_change_on_delete_behaviour	2026-04-19 18:08:59.166955+00
169	wagtailimages	0011_image_collection	2026-04-19 18:08:59.167955+00
170	wagtailimages	0012_copy_image_permissions_to_collections	2026-04-19 18:08:59.167955+00
171	wagtailimages	0013_make_rendition_upload_callable	2026-04-19 18:08:59.168956+00
172	wagtailimages	0014_add_filter_spec_field	2026-04-19 18:08:59.168956+00
173	wagtailimages	0015_fill_filter_spec_field	2026-04-19 18:08:59.169989+00
174	wagtailimages	0016_deprecate_rendition_filter_relation	2026-04-19 18:08:59.169989+00
175	wagtailimages	0017_reduce_focal_point_key_max_length	2026-04-19 18:08:59.170955+00
176	wagtailimages	0018_remove_rendition_filter	2026-04-19 18:08:59.170955+00
177	wagtailimages	0019_delete_filter	2026-04-19 18:08:59.170955+00
178	wagtailimages	0020_add-verbose-name	2026-04-19 18:08:59.172135+00
179	wagtailimages	0021_image_file_hash	2026-04-19 18:08:59.172135+00
180	wagtailimages	0001_squashed_0021	2026-04-19 18:08:59.17319+00
181	wagtailimages	0022_uploadedimage	2026-04-19 18:08:59.210244+00
182	wagtailimages	0023_add_choose_permissions	2026-04-19 18:08:59.325541+00
183	wagtailimages	0024_index_image_file_hash	2026-04-19 18:08:59.352474+00
184	wagtailimages	0025_alter_image_file_alter_rendition_file	2026-04-19 18:08:59.387683+00
185	wagtailimages	0026_delete_uploadedimage	2026-04-19 18:08:59.39168+00
186	wagtailimages	0027_image_description	2026-04-19 18:08:59.429272+00
187	wagtailredirects	0001_initial	2026-04-19 18:08:59.488787+00
188	wagtailredirects	0002_add_verbose_names	2026-04-19 18:08:59.544258+00
189	wagtailredirects	0003_make_site_field_editable	2026-04-19 18:08:59.576102+00
190	wagtailredirects	0004_set_unique_on_path_and_site	2026-04-19 18:08:59.627845+00
191	wagtailredirects	0005_capitalizeverbose	2026-04-19 18:08:59.837726+00
192	wagtailredirects	0006_redirect_increase_max_length	2026-04-19 18:08:59.859896+00
193	wagtailredirects	0007_add_autocreate_fields	2026-04-19 18:08:59.91296+00
194	wagtailredirects	0008_add_verbose_name_plural	2026-04-19 18:08:59.923225+00
195	wagtailsearch	0001_initial	2026-04-19 18:09:00.034803+00
196	wagtailsearch	0002_add_verbose_names	2026-04-19 18:09:00.11303+00
197	wagtailsearch	0003_remove_editors_pick	2026-04-19 18:09:00.117304+00
198	wagtailsearch	0004_querydailyhits_verbose_name_plural	2026-04-19 18:09:00.121569+00
199	wagtailsearch	0005_create_indexentry	2026-04-19 18:09:00.188325+00
200	wagtailsearch	0006_customise_indexentry	2026-04-19 18:09:00.302238+00
201	wagtailsearch	0007_delete_editorspick	2026-04-19 18:09:00.308238+00
202	wagtailsearch	0008_remove_query_and_querydailyhits_models	2026-04-19 18:09:00.328821+00
203	wagtailsearch	0009_remove_ngram_autocomplete	2026-04-19 18:09:00.338355+00
204	wagtailusers	0001_initial	2026-04-19 18:09:00.388754+00
205	wagtailusers	0002_add_verbose_name_on_userprofile	2026-04-19 18:09:00.518565+00
206	wagtailusers	0003_add_verbose_names	2026-04-19 18:09:00.541502+00
207	wagtailusers	0004_capitalizeverbose	2026-04-19 18:09:00.624706+00
208	wagtailusers	0005_make_related_name_wagtail_specific	2026-04-19 18:09:00.654451+00
209	wagtailusers	0006_userprofile_prefered_language	2026-04-19 18:09:00.68146+00
210	wagtailusers	0007_userprofile_current_time_zone	2026-04-19 18:09:00.706702+00
211	wagtailusers	0008_userprofile_avatar	2026-04-19 18:09:00.731972+00
212	wagtailusers	0009_userprofile_verbose_name_plural	2026-04-19 18:09:00.757604+00
213	wagtailusers	0010_userprofile_updated_comments_notifications	2026-04-19 18:09:00.782066+00
214	wagtailusers	0011_userprofile_dismissibles	2026-04-19 18:09:00.814335+00
215	wagtailusers	0012_userprofile_theme	2026-04-19 18:09:00.839821+00
216	wagtailusers	0013_userprofile_density	2026-04-19 18:09:00.864936+00
217	wagtailusers	0014_userprofile_contrast	2026-04-19 18:09:00.89142+00
218	wagtailusers	0015_userprofile_keyboard_shortcuts	2026-04-19 18:09:00.91642+00
219	blog	0001_initial	2026-04-19 19:39:07.414477+00
220	contact	0001_initial	2026-04-19 19:39:07.466065+00
221	services	0001_initial	2026-04-19 19:39:07.557088+00
222	blog	0002_blogpage_image	2026-04-19 21:50:34.896403+00
223	services	0002_servicepage_image	2026-04-19 21:50:34.949355+00
224	core	0001_initial	2026-04-20 20:41:36.45802+00
225	about	0001_initial	2026-04-21 10:59:50.764623+00
226	inquiry	0001_initial	2026-04-21 22:27:00.771385+00
227	wagtail_localize	0001_initial	2026-05-03 16:28:16.919644+00
228	wagtail_localize	0002_translation	2026-05-03 16:28:17.011498+00
229	wagtail_localize	0003_delete_translation_sources	2026-05-03 16:28:17.01952+00
230	wagtail_localize	0004_one_source_per_objectlocale	2026-05-03 16:28:17.105738+00
231	wagtail_localize	0005_remove_translationsource_object	2026-05-03 16:28:17.210914+00
232	wagtail_localize	0006_create_submit_translation_permission	2026-05-03 16:28:17.304894+00
233	wagtail_localize	0007_stringtranslation_type_and_tool_name	2026-05-03 16:28:17.335353+00
234	wagtail_localize	0008_stringtranslation_last_translated_by	2026-05-03 16:28:17.52687+00
235	wagtail_localize	0009_stringtranslation_errors	2026-05-03 16:28:17.591989+00
236	wagtail_localize	0010_overridablesegment	2026-05-03 16:28:17.670149+00
237	wagtail_localize	0011_segmentoverride	2026-05-03 16:28:17.769649+00
238	wagtail_localize	0012_localesynchronization	2026-05-03 16:28:17.845835+00
239	wagtail_localize	0013_translationsource_schema_version	2026-05-03 16:28:17.878638+00
240	wagtail_localize	0014_remove_translation_source_last_updated_at	2026-05-03 16:28:17.8971+00
241	wagtail_localize	0015_translationcontext_field_path	2026-05-03 16:28:17.911767+00
242	wagtail_localize	0016_rename_page_revision_translationlog_revision	2026-05-03 16:28:17.94691+00
243	home	0003_homepage_hero_eyebrow_homepage_hero_heading_and_more	2026-05-03 17:09:35.023411+00
244	blog	0003_blogindexpage_article_label_and_more	2026-05-04 22:53:38.889556+00
245	services	0003_servicepage_back_to_services_text_and_more	2026-05-05 00:22:05.264705+00
246	inquiry	0002_inquirypage_captcha_label_inquirypage_email_label_and_more	2026-05-07 22:20:35.358062+00
\.


--
-- Data for Name: django_session; Type: TABLE DATA; Schema: public; Owner: smallbiz_app
--

COPY public.django_session (session_key, session_data, expire_date) FROM stdin;
eqd2gzoqxae0v8z0bg8karfgbuiuzmwh	.eJx1km9v2jAQxr9LJPImJXJM_pBKeQFrO2UqoBXYGNMUOfYFXIKdxoY2mvbd5wCjdOsky7J_z3P2-Xw_rYzs9DrbKagzzqxry7OuLllO6AZEK7BHIlbSpVLomudua3FPqnJHkkE5PHnfHLAmam2ioyDEmFCISNGnXohwjEKvn7OCBRCHEfXjHDDNe8yP4z6iiMRBxPLY93o9P6cU2kMVKMWlyOCl4nVjXXsYxSFCV9YzWWnCy25Vw57Dc9e3rr9bVG63IHQmpOYFp0SbUJVIYVNVF1vOWAnPpAYtTc4JXzHR3C4mX57u70Z972ayWHz-9oQ3g0XFHsefvm7SabqdL5fDJXl4mZX-rpljnnro6ePyFqNgbAt40YldSsKAZW0ah0w5S7zoH0prINoAohOMcNhFfteLZxh1eoMgMJMfuTGK-0HcwUPUUoRszXUJyRTqPaegbG4-QSadaNjBOC8l3SizMM5OMDzCDTQngnFF9xC3O_zBzNpkepZuGdeOXnPltNgpZO0QZwUCalI6DBStedUWzpGFsYGjTgmYfQE1MCdvDtwUuyKicV9vaSo437ITSjclsLPKoNLro4yOhIuSC5i2tgfTZ3DxnuDmaDGfyXXzP5URTU7UFCC6acfbyBGp_jLYqtytkj9vshXI7FhnsyQ1XWcXFUjsU0Op7mwyG9xnd5OH0TRBrzgdp7P0PWGUjrPxfPSOMFhcCPZKZiXfQ9sX9qHHD0vryouiMOxh7PfdCJmGD378-g2yoTC0:1wEZCq:J4cGbya3ELwlwk9o-Fh6jakC3Aqf4M0Hs_-SKolTB5g	2026-05-03 20:57:28.706005+00
juf70dbalfhi48dpmk0i3zxk0dv5q2e1	.eJxVjMEOwiAQBf-FsyFAKZQevfsNZFm2FjVgoE00xn_XJj3o9c28eTEP6zL7tVH1KbKRSXb43QLglfIG4gXyuXAseakp8E3hO238VCLdjrv7F5ihzd-37Y1SgGRhGlAaoZwwcghxij05Y1G7QApDF7Vzg0ABrrcxOC27TgdE2qKNWksle3rcU32yUbw_jRQ_Sg:1wJEXu:BS7w-g6zceUPJr1TRz5deaB1DB1oOI_oKmF0aQaIEuY	2026-05-16 17:54:30.140536+00
n26ze4i63y0bh8thkb3r24jx4qsdu3sf	.eJxVjMEOwiAQBf-FsyFAKZQevfsNZFm2FjVgoE00xn_XJj3o9c28eTEP6zL7tVH1KbKRSXb43QLglfIG4gXyuXAseakp8E3hO238VCLdjrv7F5ihzd-37Y1SgGRhGlAaoZwwcghxij05Y1G7QApDF7Vzg0ABrrcxOC27TgdE2qKNWksle3rcU32yUbw_jRQ_Sg:1wJIw2:VXeAzuuQ9-lWa3XZbDXsYMqIXVYaX7VGUvLue6t0CYQ	2026-05-16 22:35:42.623025+00
\.


--
-- Data for Name: home_homepage; Type: TABLE DATA; Schema: public; Owner: smallbiz_app
--

COPY public.home_homepage (page_ptr_id, hero_eyebrow, hero_heading, hero_text, primary_button_text, primary_button_url, secondary_button_text, secondary_button_url) FROM stdin;
3	Your Immigration Partner	Globalview International Immigration	Protect your Canadian dream for you and your family	Book a Consultation	/inquiry	Our Services	/services
24	您的移民合作伙伴	全球视野国际移民	保护您和您家人的加拿大梦	预约咨询	/inquiry	我们的服务	/services
\.


--
-- Data for Name: inquiry_inquirypage; Type: TABLE DATA; Schema: public; Owner: smallbiz_app
--

COPY public.inquiry_inquirypage (page_ptr_id, intro, thank_you_text, email_to, email_from, email_subject, captcha_label, email_label, email_placeholder, hero_eyebrow, message_label, message_placeholder, name_label, name_placeholder, phone_label, phone_placeholder, submit_button_text) FROM stdin;
31	<p data-block-key="aayaj">如果您想预约咨询，请与我们联系，我们将很乐意尽快回复您</p>	<p data-block-key="afig6">感谢您对我们服务的关注</p>	golfknut@gmail.com	bgr7597@hotmail.com	咨询请求	Captcha	电子邮件	you@example.com	联系我们	我们能帮上什么忙？	请简要介绍一下您的移民需求	姓名	你的全名	电话号码	555-555-5555	发送咨询请求
11	<p data-block-key="aayaj">Please reach out if you would like to schedule a consultation and we will be happy to get back to you.</p>	<p data-block-key="afig6">Thank you for your interest in our services!</p>	golfknut@gmail.com	bgr7597@hotmail.com	Consultation Request	Captcha	Email address	you@example.com	Contact us	How can we help?	Tell us a little about your immigration needs.	Full name	Your full name	Phone number	555-555-5555	Send Consultation Request
\.


--
-- Data for Name: services_servicepage; Type: TABLE DATA; Schema: public; Owner: smallbiz_app
--

COPY public.services_servicepage (page_ptr_id, short_summary, body, price_note, image_id, back_to_services_text, hero_eyebrow, pricing_note_heading, sidebar_button_text, sidebar_heading, sidebar_text) FROM stdin;
7	Short summary text.	<p data-block-key="74xxr">Details for this service.</p>	Pricing varies depending on the complexity of your situation. Please contact us for a quote.	\N	← Back to Services	Service	Pricing note	Send an Inquiry	Need help?	Send us an inquiry and we’ll respond with the next steps.
8	Short summary text.	<p data-block-key="c0sdo">Details for the service.</p>	Pricing varies depending on the complexity of your situation. Please contact us for a quote.	\N	← Back to Services	Service	Pricing note	Send an Inquiry	Need help?	Send us an inquiry and we’ll respond with the next steps.
27	简短的摘要文本	<p data-block-key="c0sdo">此服务的详细信息</p>	价格会根据您情况的复杂程度而有所不同。请联系我们获取报价	\N	← 返回服务	服务	定价说明	Send an Inquiry	需要帮助吗？	请向我们发送询价，我们将回复您后续步骤
26	简短的摘要文本	<p data-block-key="74xxr">此服务的详细信息</p>	价格会根据您情况的复杂程度而有所不同。请联系我们获取报价	\N	← 返回服务	服务	定价说明	发送询价	需要帮助吗？	请向我们发送询价，我们将回复您后续步骤
\.


--
-- Data for Name: services_servicesindexpage; Type: TABLE DATA; Schema: public; Owner: smallbiz_app
--

COPY public.services_servicesindexpage (page_ptr_id, intro, empty_services_text, hero_eyebrow, service_card_text, services_heading, services_intro, view_service_text) FROM stdin;
4	<p data-block-key="pcve9">Globalview International Immigration can assist with various immigration programs that become available over time, however, below are some of the most common programs that we have been asked to assist with.</p>	No services available yet.	Services	Learn more about this service and how we can help.	Immigration Services	Explore our available service areas and choose the option that best fits your needs.	View service →
25	<p data-block-key="pcve9">Globalview International Immigration 可以协助办理各种移民项目，这些项目会随着时间推移而陆续推出。然而，以下是我们被要求协助办理的一些最常见的项目.</p>	此处暂无任何服务	服务	了解更多关于这项服务以及我们如何为您提供帮助的信息	移民服务	浏览我们提供的服务区域，选择最符合您需求的选项	查看服务
\.


--
-- Data for Name: taggit_tag; Type: TABLE DATA; Schema: public; Owner: smallbiz_app
--

COPY public.taggit_tag (id, name, slug) FROM stdin;
\.


--
-- Data for Name: taggit_taggeditem; Type: TABLE DATA; Schema: public; Owner: smallbiz_app
--

COPY public.taggit_taggeditem (id, object_id, content_type_id, tag_id) FROM stdin;
\.


--
-- Data for Name: wagtail_localize_localesynchronization; Type: TABLE DATA; Schema: public; Owner: smallbiz_app
--

COPY public.wagtail_localize_localesynchronization (id, locale_id, sync_from_id) FROM stdin;
1	2	1
\.


--
-- Data for Name: wagtail_localize_overridablesegment; Type: TABLE DATA; Schema: public; Owner: smallbiz_app
--

COPY public.wagtail_localize_overridablesegment (id, "order", data_json, context_id, source_id) FROM stdin;
3	19	"golfknut@gmail.com"	63	12
4	20	"bgr7597@hotmail.com"	64	12
\.


--
-- Data for Name: wagtail_localize_relatedobjectsegment; Type: TABLE DATA; Schema: public; Owner: smallbiz_app
--

COPY public.wagtail_localize_relatedobjectsegment (id, "order", context_id, object_id, source_id) FROM stdin;
\.


--
-- Data for Name: wagtail_localize_segmentoverride; Type: TABLE DATA; Schema: public; Owner: smallbiz_app
--

COPY public.wagtail_localize_segmentoverride (id, created_at, updated_at, data_json, has_error, field_error, context_id, last_translated_by_id, locale_id) FROM stdin;
\.


--
-- Data for Name: wagtail_localize_string; Type: TABLE DATA; Schema: public; Owner: smallbiz_app
--

COPY public.wagtail_localize_string (id, data_hash, data, locale_id) FROM stdin;
1	781f49ed-a476-5cd3-8602-e6c19c9958e3	Home	1
2	d6b6148d-7628-5c7b-b603-7ed96dfcb5a4	home	1
3	3c24df99-a3f8-5231-8c0e-fd0c11dd7256	首页	1
4	3a908661-09ea-5bbf-afac-a42a18c4a015	zh	1
5	756c5157-6a83-582c-a627-b1b6aa04c109	您的移民合作伙伴	1
6	aaf559ea-4f1e-5144-b071-0eb4cc23a3bc	全球视野国际移民	1
7	a4c9024d-0ce3-5243-af22-7f5b9092feb7	保护您和您家人的加拿大梦	1
8	a628aab0-2a52-5ab9-9cd2-82a6a63d4aa2	预约咨询	1
9	4ebd9fce-7383-5e5a-ab37-cbcc2aa64ca8	我们的服务	1
10	3bcd5f44-e5fc-56b6-b3fd-a6085024b821	Your Immigration Partner	1
11	2f575c1d-2991-55ef-a96d-c7240dd3ea29	Globalview International Immigration	1
12	86e945b1-998c-5a2e-b575-406ea171cb90	Protect your Canadian dream for you and your family	1
13	0e69db99-2957-5390-85ea-486baf48ec69	Book a Consultation	1
14	f2c822ec-9c93-50a7-9722-6fa0dafa2ff4	/inquiry	1
15	c7bbdd7a-9183-5357-9af6-73588cff5a5b	Our Services	1
16	3e1cf89b-e068-521e-ab01-f0d3cd47376d	/services	1
17	10c4b3c1-04f5-55d7-96d2-a89cc381e1be	Immigration News and Blogs	1
18	6bfc550a-4cc3-5d55-b7dc-8adde80e65b7	blog	1
19	2b93abf7-21f1-5cf9-92fc-3c3c081ed8da	See the latest in immigration news and programs.	1
20	42f7fabb-45a0-5883-8224-e8aa34ddac6b	Our First Blog	1
21	c6854a9e-1fc7-5db5-ae30-d16d276fbf94	our-first-blog	1
22	be3808b4-7313-5970-b458-bec7456ae06b	Blog Introduction text.	1
23	4eb6956c-1e33-5825-94e8-582c31325958	Blog content area.	1
24	9ff85293-87e4-5e41-b939-371c1d8c7478	services	1
25	3b084604-925b-5df9-a373-d67c929803eb	Globalview International Immigration can assist with various immigration programs that become available over time, however, below are some of the most common programs that we have been asked to assist with.	1
26	37fa7370-ee74-5b59-81ae-e2193059e1fa	NBPNP Application Assistance	1
27	8dcc014e-c22b-5c51-8820-93a83ae97273	nbpnp-application-assistance	1
28	e03ccad6-e16a-5542-bc7d-0eb42d5e594d	Short summary text.	1
29	a8b57026-2ec2-59d7-83ee-a6745dc70b9f	Details for this service.	1
30	ad7792c6-258b-5727-ad96-d8a1353ad84a	Pricing varies depending on the complexity of your situation. Please contact us for a quote.	1
31	3cc35473-8216-5e5f-af2c-850f57ec1c04	Express Entry Application Assistance	1
32	c4c4b1c2-36c4-5fa7-bcb1-9a67f20f394a	express-entry-application-assistance	1
33	df398d6f-2808-5f68-ab38-237fa97cddf2	Details for the service.	1
34	af5e9e4a-d0ac-5051-93c0-fb45acc30b20	About Us	1
35	5dafac3a-cecb-5249-9efe-2354373e4551	about	1
36	343a86e7-2a96-5dd4-81c9-5ae560eaa828	Canada Globalview International Immigration Ltd. is a professional immigration consulting firm registered with the Canadian federal government and authorized by Immigration, Refugees and Citizenship Canada (IRCC). Our founders have accumulated extensive industry experience since 2009 and possess a deep understanding of Canadian immigration programs and regulations. We are one of the earliest immigration consulting firms to specialize in Provincial Nominee Program (PNP) business immigration programs, boasting strong professional advantages in business immigration applications and consistently maintaining a high success rate. All applications are personally handled by experienced, licensed Canadian immigration consultants and business experts, ensuring professional, efficient, and reliable services to help you and your family successfully immigrate to Canada.	1
37	a14ba18b-d9c1-5a40-a2be-e0ec9016a32e	Inquiry	1
38	3ec980b5-c1c9-5c55-a5ca-4bac7a78998c	inquiry	1
39	001ec7e7-9af0-57c3-9466-e697bbae3dd2	Please reach out with any questions and we will be happy to get back to you.	1
40	2077088a-d29d-5400-b219-29ff9076e272	Thank you for your interest in our services!	1
41	5349d659-64be-560d-8e5d-d3b2c6ce4f22	Consultation Request	1
42	8aa035ac-4f4d-5adc-b769-ef3b0d7d078a	Blog	1
43	a7709a7b-886d-5daa-b0e7-e3c016e599b4	Latest Posts	1
44	b723faa7-bd32-5e83-b05a-ce5a9d0dd25f	Read helpful updates, guidance, and information.	1
45	b0f4aa7f-1677-5030-8696-35c0e2260a68	Article	1
46	8a7fbe75-d7a2-57cf-87fa-1def9693d7c0	Read more about this topic and how it may apply to your situation.	1
47	c545b2a7-1f44-5c77-a752-cb61afb9c6bc	Read post →	1
48	d19e3b69-8a02-5586-a92a-f1e62e579d1f	No blog posts yet.	1
49	fec2fe41-2ee8-54e9-aeea-2292acdd2a1e	← Back to Blog	1
50	11ed7418-c5f7-57a3-9821-737c4edc556e	Services	1
51	3b05848a-f8c4-58a9-96ca-585e35c99987	Immigration Services	1
52	da74177c-1d94-5996-860c-3265c65ac5c6	Explore our available service areas and choose the option that best fits your needs.	1
53	91147b26-037b-5b92-86ae-7be7cc6e709c	Learn more about this service and how we can help.	1
54	fdcc7cff-ed13-5148-b660-e942d122acfb	View service →	1
55	aa624163-2c54-58f0-b3ab-feb90f2c64df	No services available yet.	1
56	122beab0-603b-5bdb-ba56-2eb7c8238e4d	Service	1
57	9e56ed8b-11c3-57b9-9b47-545d8f20034c	Need help?	1
58	4e191dd5-ad2e-503d-8d62-0332ad0c223d	Send us an inquiry and we’ll respond with the next steps.	1
59	2751bf9a-32bd-5c34-bdbf-bc64c0a6e607	Send an Inquiry	1
60	8d5e801f-ce0a-5e6b-b424-e6e6379c4527	Pricing note	1
61	6ff1808a-2b20-5276-b8cf-6b9f6313efa2	← Back to Services	1
62	9b0e0162-9d09-59d2-bed0-21be95b36c61	Contact us	1
63	94d4096e-224a-5ae4-b306-608ac946a335	Send Inquiry	1
64	8aa235cc-dd8a-5d23-8cb1-851d27cb8c13	Full name	1
65	68e0fb55-bf7d-5d79-a419-ec4447180aab	Your full name	1
66	be2b260b-8dfc-55c5-a204-28c57d36144c	Email address	1
67	754f1cce-8018-59b2-ad81-e6af55729695	you@example.com	1
68	280a1025-6b6c-5506-a398-20bb7931b4b4	Phone number	1
69	d56be87b-0d70-56fa-b87c-570e2f872b6b	555-555-5555	1
70	b8058dc6-7614-5c85-bac9-1bb55cf37602	How can we help?	1
71	239e3e8c-4e6b-56c7-b803-22c53ab893d8	Tell us how we can help.	1
72	6e5bdf2e-c69a-5890-8200-db456a270238	Captcha	1
73	cf61e8d9-7b7a-5f5e-8441-393ff8e2a4d1	Please reach out if you would like to schedule a consultation and we will be happy to get back to you.	1
74	a8984b58-ed91-554d-a094-6959533d2987	Send Request	1
75	f269b6bd-36d0-5f0c-8fe2-61572767ff05	Tell us a little about your immigration needs.	1
76	ddfc7664-da8c-5c1d-93fa-0896ab1a29fd	Send Consultation Request	1
\.


--
-- Data for Name: wagtail_localize_stringsegment; Type: TABLE DATA; Schema: public; Owner: smallbiz_app
--

COPY public.wagtail_localize_stringsegment (id, "order", attrs, context_id, source_id, string_id) FROM stdin;
24	1	null	24	5	1
25	2	null	25	5	2
26	3	null	26	5	10
27	4	null	27	5	11
28	5	null	28	5	12
29	6	null	29	5	13
30	7	null	30	5	14
31	8	null	31	5	15
32	9	null	32	5	16
33	1	null	33	6	15
34	2	null	34	6	24
35	4	null	35	6	25
36	1	null	36	7	26
37	2	null	37	7	27
38	3	null	38	7	28
39	5	null	39	7	29
40	6	null	40	7	30
41	1	null	41	8	31
42	2	null	42	8	32
43	3	null	43	8	28
44	5	null	44	8	33
45	6	null	45	8	30
46	1	null	46	9	17
47	2	null	47	9	18
48	4	null	48	9	19
49	1	null	49	10	20
50	2	null	50	10	21
51	3	null	51	10	22
52	5	null	52	10	23
53	1	null	53	11	34
54	2	null	54	11	35
55	3	null	55	11	34
56	5	null	56	11	11
57	7	null	57	11	36
59	2	null	59	12	38
60	3	null	60	12	37
62	7	null	62	12	40
64	5	null	66	9	42
65	6	null	67	9	43
66	7	null	68	9	44
67	8	null	69	9	45
68	9	null	70	9	46
69	10	null	71	9	47
70	11	null	72	9	48
71	6	null	73	10	45
72	7	null	74	10	49
73	5	null	75	6	50
74	6	null	76	6	51
75	7	null	77	6	52
76	8	null	78	6	53
77	9	null	79	6	54
78	10	null	80	6	55
79	7	null	81	8	56
80	8	null	82	8	57
81	9	null	83	8	58
82	10	null	84	8	59
83	11	null	85	8	60
84	12	null	86	8	61
85	7	null	87	7	56
86	8	null	88	7	57
87	9	null	89	7	58
88	10	null	90	7	59
89	11	null	91	7	60
90	12	null	92	7	61
91	8	null	93	12	62
93	10	null	95	12	64
94	11	null	96	12	65
95	12	null	97	12	66
96	13	null	98	12	67
97	14	null	99	12	68
98	15	null	100	12	69
99	16	null	101	12	70
101	18	null	103	12	72
102	21	null	65	12	41
103	5	null	61	12	73
105	17	null	102	12	75
106	9	null	94	12	76
107	1	null	58	12	13
\.


--
-- Data for Name: wagtail_localize_stringtranslation; Type: TABLE DATA; Schema: public; Owner: smallbiz_app
--

COPY public.wagtail_localize_stringtranslation (id, data, created_at, updated_at, context_id, locale_id, translation_of_id, tool_name, translation_type, last_translated_by_id, field_error, has_error) FROM stdin;
52	请向我们发送询价，我们将回复您后续步骤	2026-05-07 12:12:09.504219+00	2026-05-07 12:12:09.504231+00	89	2	58		manual	1		f
2	您的移民合作伙伴	2026-05-03 20:40:08.058376+00	2026-05-03 20:40:08.058388+00	26	2	10		manual	1		f
3	全球视野国际移民	2026-05-03 20:40:20.593403+00	2026-05-03 20:40:20.593414+00	27	2	11		manual	1		f
4	保护您和您家人的加拿大梦	2026-05-03 20:40:31.975693+00	2026-05-03 20:40:31.975706+00	28	2	12		manual	1		f
5	预约咨询	2026-05-03 20:40:42.031178+00	2026-05-03 20:40:42.03119+00	29	2	13		manual	1		f
6	我们的服务	2026-05-03 20:40:56.164053+00	2026-05-03 20:40:56.164065+00	31	2	15		manual	1		f
53	发送询价	2026-05-07 12:13:01.140962+00	2026-05-07 12:13:01.140976+00	90	2	59		manual	1		f
8	我们的服务	2026-05-03 21:07:43.778213+00	2026-05-03 21:07:43.778226+00	33	2	15		manual	1		f
9	Globalview International Immigration 可以协助办理各种移民项目，这些项目会随着时间推移而陆续推出。然而，以下是我们被要求协助办理的一些最常见的项目.	2026-05-03 21:08:05.317+00	2026-05-03 21:08:33.976645+00	35	2	25		manual	1		f
10	移民新闻和博客	2026-05-04 11:56:38.557952+00	2026-05-04 11:56:38.557964+00	46	2	17		manual	1		f
11	查看最新的移民新闻和项目信息	2026-05-04 11:57:03.062423+00	2026-05-04 11:57:03.062436+00	48	2	19		manual	1		f
12	如果您想预约咨询，请与我们联系，我们将很乐意尽快回复您.	2026-05-04 12:01:51.561351+00	2026-05-04 12:01:51.561364+00	61	2	39		manual	1		f
13	感谢您对我们服务的关注	2026-05-04 12:02:13.34254+00	2026-05-04 12:02:13.342553+00	62	2	40		manual	1		f
14	咨询请求	2026-05-04 12:02:42.233539+00	2026-05-04 12:02:42.23355+00	65	2	41		manual	1		f
15	询问	2026-05-04 12:07:23.64322+00	2026-05-04 12:07:23.643232+00	58	2	37		manual	1		f
16	关于我们	2026-05-04 12:09:50.960311+00	2026-05-04 12:09:50.960323+00	53	2	34		manual	1		f
17	加拿大环球国际移民有限公司是一家专业的移民咨询公司，已在加拿大联邦政府注册，并获得加拿大移民、难民和公民部 (IRCC) 的授权。自 2009 年以来，我们的创始人积累了丰富的行业经验，对加拿大移民项目和法规有着深刻的理解。我们是最早专注于省提名计划 (PNP) 商业移民项目的移民咨询公司之一，在商业移民申请方面拥有强大的专业优势，并始终保持着很高的成功率。所有申请均由经验丰富、持有执照的加拿大移民顾问和商业专家亲自处理，确保为您和您的家人提供专业、高效、可靠的服务，助您成功移民加拿大	2026-05-04 12:10:22.980677+00	2026-05-04 12:10:22.98069+00	57	2	36		manual	1		f
18	全球视野国际移民	2026-05-04 12:10:59.187526+00	2026-05-04 12:10:59.187537+00	56	2	11		manual	1		f
19	博客	2026-05-04 23:06:11.476419+00	2026-05-04 23:06:11.476432+00	66	2	42		manual	1		f
20	最新帖子	2026-05-04 23:06:40.165526+00	2026-05-04 23:06:40.165537+00	67	2	43		manual	1		f
21	文章	2026-05-04 23:07:51.263375+00	2026-05-04 23:07:51.263387+00	69	2	45		manual	1		f
22	阅读有用的更新、指导和信息	2026-05-04 23:08:01.657645+00	2026-05-04 23:08:01.657658+00	68	2	44		manual	1		f
23	阅读更多关于此主题的内容，以及它如何适用于您的情况	2026-05-04 23:08:29.934275+00	2026-05-04 23:08:29.93429+00	70	2	46		manual	1		f
24	阅读帖子 →	2026-05-04 23:08:56.856594+00	2026-05-04 23:08:56.856606+00	71	2	47		manual	1		f
25	目前还没有博客文章	2026-05-04 23:09:28.131354+00	2026-05-04 23:09:28.131367+00	72	2	48		manual	1		f
26	文章	2026-05-04 23:16:39.658283+00	2026-05-04 23:16:39.658295+00	73	2	45		manual	1		f
27	我们的第一个博客	2026-05-04 23:18:22.451688+00	2026-05-04 23:18:22.451702+00	49	2	20		manual	1		f
28	博客介绍文本	2026-05-04 23:18:31.628036+00	2026-05-04 23:18:31.628048+00	51	2	22		manual	1		f
29	博客内容区	2026-05-04 23:18:43.464582+00	2026-05-04 23:18:43.464593+00	52	2	23		manual	1		f
30	← 返回博客	2026-05-04 23:18:55.035207+00	2026-05-04 23:18:55.035233+00	74	2	49		manual	1		f
31	服务	2026-05-07 11:25:38.405757+00	2026-05-07 11:25:38.40577+00	75	2	50		manual	1		f
32	移民服务	2026-05-07 11:25:52.873666+00	2026-05-07 11:25:52.873677+00	76	2	51		manual	1		f
33	浏览我们提供的服务区域，选择最符合您需求的选项	2026-05-07 11:26:36.313509+00	2026-05-07 11:26:36.313522+00	77	2	52		manual	1		f
34	了解更多关于这项服务以及我们如何为您提供帮助的信息	2026-05-07 11:27:06.307385+00	2026-05-07 11:27:06.307396+00	78	2	53		manual	1		f
35	查看服务	2026-05-07 11:27:18.37219+00	2026-05-07 11:27:18.3722+00	79	2	54		manual	1		f
36	此处暂无任何服务	2026-05-07 11:27:39.245164+00	2026-05-07 11:27:39.245175+00	80	2	55		manual	1		f
1	家	2026-05-03 20:38:44.45645+00	2026-05-07 11:29:01.06746+00	24	2	1		manual	1		f
37	价格会根据您情况的复杂程度而有所不同。请联系我们获取报价	2026-05-07 11:41:49.814991+00	2026-05-07 11:41:49.815003+00	36	2	26		manual	1		f
38	简短的摘要文本	2026-05-07 11:42:31.25197+00	2026-05-07 11:42:31.251984+00	38	2	28		manual	1		f
39	此服务的详细信息	2026-05-07 11:43:06.310784+00	2026-05-07 11:43:06.310796+00	39	2	29		manual	1		f
40	价格会根据您情况的复杂程度而有所不同。请联系我们获取报价	2026-05-07 11:43:34.920696+00	2026-05-07 11:43:34.920707+00	40	2	30		manual	1		f
41	快速入境申请协助	2026-05-07 11:53:18.608128+00	2026-05-07 11:53:18.60814+00	41	2	31		manual	1		f
42	简短的摘要文本	2026-05-07 11:54:18.587789+00	2026-05-07 11:54:18.5878+00	43	2	28		manual	1		f
43	此服务的详细信息	2026-05-07 11:54:29.418833+00	2026-05-07 11:54:29.418845+00	44	2	33		manual	1		f
44	价格会根据您情况的复杂程度而有所不同。请联系我们获取报价	2026-05-07 11:56:10.405644+00	2026-05-07 11:56:10.405657+00	45	2	30		manual	1		f
45	服务	2026-05-07 12:02:01.365779+00	2026-05-07 12:02:01.365792+00	81	2	56		manual	1		f
46	需要帮助吗？	2026-05-07 12:02:36.731616+00	2026-05-07 12:02:36.731627+00	82	2	57		manual	1		f
47	请向我们发送询价，我们将回复您后续步骤	2026-05-07 12:03:09.209195+00	2026-05-07 12:03:09.209208+00	83	2	58		manual	1		f
48	定价说明	2026-05-07 12:05:57.538666+00	2026-05-07 12:05:57.538678+00	85	2	60		manual	1		f
49	← 返回服务	2026-05-07 12:06:15.772902+00	2026-05-07 12:06:15.772915+00	86	2	61		manual	1		f
50	服务	2026-05-07 12:11:34.258203+00	2026-05-07 12:11:34.258222+00	87	2	56		manual	1		f
51	需要帮助吗？	2026-05-07 12:11:46.637119+00	2026-05-07 12:11:46.637131+00	88	2	57		manual	1		f
54	定价说明	2026-05-07 12:13:14.776595+00	2026-05-07 12:13:14.776608+00	91	2	60		manual	1		f
55	← 返回服务	2026-05-07 12:13:35.427821+00	2026-05-07 12:13:35.427833+00	92	2	61		manual	1		f
56	联系我们	2026-05-07 22:32:52.684559+00	2026-05-07 22:32:52.684572+00	93	2	62		manual	1		f
57	发送请求	2026-05-07 22:33:21.357753+00	2026-05-07 22:33:21.357766+00	94	2	74		manual	1		f
58	姓名	2026-05-07 22:34:38.876455+00	2026-05-07 22:34:38.876467+00	95	2	64		manual	1		f
59	你的全名	2026-05-07 22:35:15.852427+00	2026-05-07 22:35:15.85244+00	96	2	65		manual	1		f
60	电子邮件	2026-05-07 22:35:48.96922+00	2026-05-07 22:35:48.969232+00	97	2	66		manual	1		f
61	you@example.com	2026-05-07 22:37:22.485909+00	2026-05-07 22:37:22.485921+00	98	2	67		manual	1		f
62	电话号码	2026-05-07 22:37:45.961637+00	2026-05-07 22:37:45.96165+00	99	2	68		manual	1		f
63	555-555-5555	2026-05-07 22:38:16.133248+00	2026-05-07 22:38:16.13326+00	100	2	69		manual	1		f
64	我们能帮上什么忙？	2026-05-07 22:47:48.243505+00	2026-05-07 22:47:48.243517+00	101	2	70		manual	1		f
65	请简要介绍一下您的移民需求	2026-05-07 22:48:17.161407+00	2026-05-07 22:48:17.16142+00	102	2	75		manual	1		f
66	发送咨询请求	2026-05-07 23:18:20.985919+00	2026-05-07 23:18:20.985932+00	94	2	76		manual	1		f
67	预约咨询	2026-05-07 23:21:27.960189+00	2026-05-07 23:23:08.559091+00	58	2	13		manual	1		f
68	如果您想预约咨询，请与我们联系，我们将很乐意尽快回复您	2026-05-07 23:23:56.064103+00	2026-05-07 23:23:56.064115+00	61	2	73		manual	1		f
\.


--
-- Data for Name: wagtail_localize_template; Type: TABLE DATA; Schema: public; Owner: smallbiz_app
--

COPY public.wagtail_localize_template (id, uuid, template, template_format, string_count) FROM stdin;
1	71b109fc-c32f-51c3-9cdf-0c35ea702ed8	<p data-block-key="ds5qa"><text position="0"></text></p>	html	1
2	0301fee5-b820-5d8d-8f2a-b707161c50d5	<p data-block-key="1vm2i"><text position="0"></text></p>	html	1
3	b30ee2d9-85ae-5061-8a33-217132ab2015	<p data-block-key="pcve9"><text position="0"></text></p>	html	1
4	7a61a8e2-27ad-5669-9741-3e1684d191fc	<p data-block-key="74xxr"><text position="0"></text></p>	html	1
5	01dceb1d-bb2c-59e3-b2da-04a539cf8ac1	<p data-block-key="c0sdo"><text position="0"></text></p>	html	1
6	71dc010a-a339-56f3-a0a1-20f8058b7210	<p data-block-key="2jmu2"><text position="0"></text></p>	html	1
7	402df8b4-f712-5005-a6ea-ce061b59a181	<p data-block-key="7inzo"><text position="0"></text></p>	html	1
8	a3368940-22e1-521b-a71a-ecf221e64d05	<p data-block-key="aayaj"><text position="0"></text></p>	html	1
9	db1aaa47-0f0d-5247-94ab-1d607a485f9e	<p data-block-key="afig6"><text position="0"></text></p>	html	1
\.


--
-- Data for Name: wagtail_localize_templatesegment; Type: TABLE DATA; Schema: public; Owner: smallbiz_app
--

COPY public.wagtail_localize_templatesegment (id, "order", context_id, source_id, template_id) FROM stdin;
3	3	35	6	3
4	4	39	7	4
5	4	44	8	5
6	3	48	9	1
7	4	52	10	2
8	4	56	11	6
9	6	57	11	7
10	4	61	12	8
11	6	62	12	9
\.


--
-- Data for Name: wagtail_localize_translatableobject; Type: TABLE DATA; Schema: public; Owner: smallbiz_app
--

COPY public.wagtail_localize_translatableobject (translation_key, content_type_id) FROM stdin;
7fda9c38-b346-4986-a696-18201f90d4cf	1
5143db77-4839-4c26-82d9-aace00f3b48f	1
f3d8e853-fa27-45dd-90e9-b827949d0caf	1
66297f35-3b4d-45c3-bf43-a0829292db4a	1
71923e57-59e4-4ddc-a488-b73586d61d81	1
7f172c69-2353-48f6-9fec-10c7876b9188	1
53e99e8f-17df-4c04-a8b0-a10bb2bc530f	1
b98210f7-10ba-4d4e-b082-7e0b28c82d7f	1
\.


--
-- Data for Name: wagtail_localize_translation; Type: TABLE DATA; Schema: public; Owner: smallbiz_app
--

COPY public.wagtail_localize_translation (id, uuid, created_at, translations_last_updated_at, destination_last_updated_at, enabled, source_id, target_locale_id) FROM stdin;
5	a5d4c6f1-caa1-4dc5-8b88-3d0c84f8b4cb	2026-05-03 20:12:33.515649+00	\N	\N	t	5	2
6	3631f0ac-fc71-4a11-a09b-b72990281432	2026-05-03 20:12:33.657261+00	\N	\N	t	6	2
7	166e7bfe-4379-4724-a6c1-03bddec02f1b	2026-05-03 20:12:33.803837+00	\N	\N	t	7	2
8	c0532568-f9d6-46cb-85a9-9af6e70f64b9	2026-05-03 20:12:33.943975+00	\N	\N	t	8	2
9	70184d39-2f72-4342-a718-13d9bdf9b129	2026-05-03 20:12:34.073895+00	\N	\N	t	9	2
10	7fef00c1-1cbe-4f2a-b6a9-c3759be1fcac	2026-05-03 20:12:34.218874+00	\N	\N	t	10	2
11	2bbc9b70-63a8-4ff6-9e02-3f07a44f6985	2026-05-03 20:12:34.376904+00	\N	\N	t	11	2
12	903d56ba-5c08-445a-81f8-991507f7115d	2026-05-03 20:12:34.549469+00	\N	\N	t	12	2
\.


--
-- Data for Name: wagtail_localize_translationcontext; Type: TABLE DATA; Schema: public; Owner: smallbiz_app
--

COPY public.wagtail_localize_translationcontext (id, path_id, path, object_id, field_path) FROM stdin;
66	8120a15d-f416-56b5-9f6e-db0e70d67302	hero_eyebrow	71923e57-59e4-4ddc-a488-b73586d61d81	hero_eyebrow
45	6bd67040-fe51-5972-b4b5-52ed3feb4d22	price_note	66297f35-3b4d-45c3-bf43-a0829292db4a	price_note
67	de2cc61b-7f3d-52f2-916f-2b29a1b584f5	posts_heading	71923e57-59e4-4ddc-a488-b73586d61d81	posts_heading
46	f749566c-8a06-5c72-89b8-682e4e49f74f	title	71923e57-59e4-4ddc-a488-b73586d61d81	title
68	b513eca7-2ab4-5089-8132-5914413fdc0e	posts_intro	71923e57-59e4-4ddc-a488-b73586d61d81	posts_intro
47	d71ad27b-d7c2-5061-865d-752015b09e05	slug	71923e57-59e4-4ddc-a488-b73586d61d81	slug
69	e77c9012-9bf5-5ada-ae8b-1c61c673dc9c	article_label	71923e57-59e4-4ddc-a488-b73586d61d81	article_label
48	0f5f9e8e-f7a0-5477-879f-22272b6b55d4	intro	71923e57-59e4-4ddc-a488-b73586d61d81	intro
70	707bca5e-d029-5e80-a49d-460e459c4534	post_card_text	71923e57-59e4-4ddc-a488-b73586d61d81	post_card_text
49	f749566c-8a06-5c72-89b8-682e4e49f74f	title	7f172c69-2353-48f6-9fec-10c7876b9188	title
71	afdcceff-9e25-5224-a2eb-1a65eacedede	read_post_text	71923e57-59e4-4ddc-a488-b73586d61d81	read_post_text
50	d71ad27b-d7c2-5061-865d-752015b09e05	slug	7f172c69-2353-48f6-9fec-10c7876b9188	slug
72	14e0b364-5380-56bb-9cd4-4d5191d2665d	empty_posts_text	71923e57-59e4-4ddc-a488-b73586d61d81	empty_posts_text
51	0f5f9e8e-f7a0-5477-879f-22272b6b55d4	intro	7f172c69-2353-48f6-9fec-10c7876b9188	intro
73	e77c9012-9bf5-5ada-ae8b-1c61c673dc9c	article_label	7f172c69-2353-48f6-9fec-10c7876b9188	article_label
52	ab433977-a3cf-5362-af07-86cc4d6c4fb9	body	7f172c69-2353-48f6-9fec-10c7876b9188	body
74	da7c434e-02e3-5972-b912-9373287f5021	back_to_blog_text	7f172c69-2353-48f6-9fec-10c7876b9188	back_to_blog_text
53	f749566c-8a06-5c72-89b8-682e4e49f74f	title	53e99e8f-17df-4c04-a8b0-a10bb2bc530f	title
75	8120a15d-f416-56b5-9f6e-db0e70d67302	hero_eyebrow	5143db77-4839-4c26-82d9-aace00f3b48f	hero_eyebrow
54	d71ad27b-d7c2-5061-865d-752015b09e05	slug	53e99e8f-17df-4c04-a8b0-a10bb2bc530f	slug
76	c44f396e-d122-581e-9a0c-0a10cd381b2b	services_heading	5143db77-4839-4c26-82d9-aace00f3b48f	services_heading
55	d322f774-fc61-530d-95e0-ba55416fef16	seo_title	53e99e8f-17df-4c04-a8b0-a10bb2bc530f	seo_title
24	f749566c-8a06-5c72-89b8-682e4e49f74f	title	7fda9c38-b346-4986-a696-18201f90d4cf	title
25	d71ad27b-d7c2-5061-865d-752015b09e05	slug	7fda9c38-b346-4986-a696-18201f90d4cf	slug
26	8120a15d-f416-56b5-9f6e-db0e70d67302	hero_eyebrow	7fda9c38-b346-4986-a696-18201f90d4cf	hero_eyebrow
27	87607b76-0642-5f55-8fa1-ce8c017a8fcc	hero_heading	7fda9c38-b346-4986-a696-18201f90d4cf	hero_heading
28	5372294f-cb4a-5bbd-ae22-75381c967c4a	hero_text	7fda9c38-b346-4986-a696-18201f90d4cf	hero_text
29	a9d81746-1953-55ea-8efc-7e2ec8d48dc3	primary_button_text	7fda9c38-b346-4986-a696-18201f90d4cf	primary_button_text
30	cc46ca6c-72dd-5e94-9414-2913e51664f4	primary_button_url	7fda9c38-b346-4986-a696-18201f90d4cf	primary_button_url
31	6e56d503-a47e-582d-a0ca-d8c94a9b1727	secondary_button_text	7fda9c38-b346-4986-a696-18201f90d4cf	secondary_button_text
32	ae874f66-7eb4-58a2-bf6d-1842ca4a1dec	secondary_button_url	7fda9c38-b346-4986-a696-18201f90d4cf	secondary_button_url
33	f749566c-8a06-5c72-89b8-682e4e49f74f	title	5143db77-4839-4c26-82d9-aace00f3b48f	title
34	d71ad27b-d7c2-5061-865d-752015b09e05	slug	5143db77-4839-4c26-82d9-aace00f3b48f	slug
35	0f5f9e8e-f7a0-5477-879f-22272b6b55d4	intro	5143db77-4839-4c26-82d9-aace00f3b48f	intro
36	f749566c-8a06-5c72-89b8-682e4e49f74f	title	f3d8e853-fa27-45dd-90e9-b827949d0caf	title
37	d71ad27b-d7c2-5061-865d-752015b09e05	slug	f3d8e853-fa27-45dd-90e9-b827949d0caf	slug
38	f1bb8f34-e19f-5bd6-ae35-3a7d5d3fd8c8	short_summary	f3d8e853-fa27-45dd-90e9-b827949d0caf	short_summary
39	ab433977-a3cf-5362-af07-86cc4d6c4fb9	body	f3d8e853-fa27-45dd-90e9-b827949d0caf	body
40	6bd67040-fe51-5972-b4b5-52ed3feb4d22	price_note	f3d8e853-fa27-45dd-90e9-b827949d0caf	price_note
41	f749566c-8a06-5c72-89b8-682e4e49f74f	title	66297f35-3b4d-45c3-bf43-a0829292db4a	title
42	d71ad27b-d7c2-5061-865d-752015b09e05	slug	66297f35-3b4d-45c3-bf43-a0829292db4a	slug
43	f1bb8f34-e19f-5bd6-ae35-3a7d5d3fd8c8	short_summary	66297f35-3b4d-45c3-bf43-a0829292db4a	short_summary
44	ab433977-a3cf-5362-af07-86cc4d6c4fb9	body	66297f35-3b4d-45c3-bf43-a0829292db4a	body
56	0f5f9e8e-f7a0-5477-879f-22272b6b55d4	intro	53e99e8f-17df-4c04-a8b0-a10bb2bc530f	intro
57	ab433977-a3cf-5362-af07-86cc4d6c4fb9	body	53e99e8f-17df-4c04-a8b0-a10bb2bc530f	body
58	f749566c-8a06-5c72-89b8-682e4e49f74f	title	b98210f7-10ba-4d4e-b082-7e0b28c82d7f	title
59	d71ad27b-d7c2-5061-865d-752015b09e05	slug	b98210f7-10ba-4d4e-b082-7e0b28c82d7f	slug
60	d322f774-fc61-530d-95e0-ba55416fef16	seo_title	b98210f7-10ba-4d4e-b082-7e0b28c82d7f	seo_title
61	0f5f9e8e-f7a0-5477-879f-22272b6b55d4	intro	b98210f7-10ba-4d4e-b082-7e0b28c82d7f	intro
62	c6a89918-abc9-5363-a5a7-38b622746a21	thank_you_text	b98210f7-10ba-4d4e-b082-7e0b28c82d7f	thank_you_text
63	41e7e6e7-c489-5ff7-a320-3f16ab7130f5	email_to	b98210f7-10ba-4d4e-b082-7e0b28c82d7f	email_to
64	20fdfbc4-10fd-5237-8104-a33864d7dcb3	email_from	b98210f7-10ba-4d4e-b082-7e0b28c82d7f	email_from
65	6f276b78-c025-5366-8ceb-dfd049a087ec	email_subject	b98210f7-10ba-4d4e-b082-7e0b28c82d7f	email_subject
77	82af982b-03cf-595e-a256-709acee7c447	services_intro	5143db77-4839-4c26-82d9-aace00f3b48f	services_intro
78	c2528924-3557-5f91-bd72-1f54648536e1	service_card_text	5143db77-4839-4c26-82d9-aace00f3b48f	service_card_text
79	8cc67e32-f132-5786-af09-99bd9bd28aba	view_service_text	5143db77-4839-4c26-82d9-aace00f3b48f	view_service_text
80	20da070b-ba93-5a3d-85a5-855e493aca26	empty_services_text	5143db77-4839-4c26-82d9-aace00f3b48f	empty_services_text
81	8120a15d-f416-56b5-9f6e-db0e70d67302	hero_eyebrow	66297f35-3b4d-45c3-bf43-a0829292db4a	hero_eyebrow
82	e8ecb410-7f94-5d88-aa43-ee998c5e8350	sidebar_heading	66297f35-3b4d-45c3-bf43-a0829292db4a	sidebar_heading
83	211c97f2-9f2e-54aa-a7e5-ecf85f48fdd2	sidebar_text	66297f35-3b4d-45c3-bf43-a0829292db4a	sidebar_text
84	23027bc5-4392-5cbf-a00d-b790477ff0c7	sidebar_button_text	66297f35-3b4d-45c3-bf43-a0829292db4a	sidebar_button_text
85	d38eba22-581e-5934-9550-af4d5fa0aacc	pricing_note_heading	66297f35-3b4d-45c3-bf43-a0829292db4a	pricing_note_heading
86	e2ce9178-f4f5-58aa-b17c-55222bf6c574	back_to_services_text	66297f35-3b4d-45c3-bf43-a0829292db4a	back_to_services_text
87	8120a15d-f416-56b5-9f6e-db0e70d67302	hero_eyebrow	f3d8e853-fa27-45dd-90e9-b827949d0caf	hero_eyebrow
88	e8ecb410-7f94-5d88-aa43-ee998c5e8350	sidebar_heading	f3d8e853-fa27-45dd-90e9-b827949d0caf	sidebar_heading
89	211c97f2-9f2e-54aa-a7e5-ecf85f48fdd2	sidebar_text	f3d8e853-fa27-45dd-90e9-b827949d0caf	sidebar_text
90	23027bc5-4392-5cbf-a00d-b790477ff0c7	sidebar_button_text	f3d8e853-fa27-45dd-90e9-b827949d0caf	sidebar_button_text
91	d38eba22-581e-5934-9550-af4d5fa0aacc	pricing_note_heading	f3d8e853-fa27-45dd-90e9-b827949d0caf	pricing_note_heading
92	e2ce9178-f4f5-58aa-b17c-55222bf6c574	back_to_services_text	f3d8e853-fa27-45dd-90e9-b827949d0caf	back_to_services_text
93	8120a15d-f416-56b5-9f6e-db0e70d67302	hero_eyebrow	b98210f7-10ba-4d4e-b082-7e0b28c82d7f	hero_eyebrow
94	fc526b83-02e6-51c9-b61a-5a74843fc388	submit_button_text	b98210f7-10ba-4d4e-b082-7e0b28c82d7f	submit_button_text
95	1fb33466-fea4-5b11-a20e-bb7fe1088409	name_label	b98210f7-10ba-4d4e-b082-7e0b28c82d7f	name_label
96	948ef39e-caab-5bcb-9323-c64f6c1646d8	name_placeholder	b98210f7-10ba-4d4e-b082-7e0b28c82d7f	name_placeholder
97	49de159e-df05-5986-936a-da56d7f6e495	email_label	b98210f7-10ba-4d4e-b082-7e0b28c82d7f	email_label
98	90e5e504-527f-515e-b141-ca68115d1e65	email_placeholder	b98210f7-10ba-4d4e-b082-7e0b28c82d7f	email_placeholder
99	3c31f911-56be-5a27-95eb-dc707ec5cfb5	phone_label	b98210f7-10ba-4d4e-b082-7e0b28c82d7f	phone_label
100	9e605bad-2eb0-5a23-8292-a902a434a404	phone_placeholder	b98210f7-10ba-4d4e-b082-7e0b28c82d7f	phone_placeholder
101	af01e04b-0b2e-57b4-b7b4-c0a84026a3ad	message_label	b98210f7-10ba-4d4e-b082-7e0b28c82d7f	message_label
102	756aa329-4151-595f-a071-420198467886	message_placeholder	b98210f7-10ba-4d4e-b082-7e0b28c82d7f	message_placeholder
103	ed9821c7-66f8-5402-94af-16ede3e3aa1c	captcha_label	b98210f7-10ba-4d4e-b082-7e0b28c82d7f	captcha_label
\.


--
-- Data for Name: wagtail_localize_translationlog; Type: TABLE DATA; Schema: public; Owner: smallbiz_app
--

COPY public.wagtail_localize_translationlog (id, created_at, locale_id, revision_id, source_id) FROM stdin;
9	2026-05-03 20:12:33.595181+00	2	120	5
10	2026-05-03 20:12:33.732877+00	2	122	6
11	2026-05-03 20:12:33.876693+00	2	124	7
12	2026-05-03 20:12:34.020961+00	2	126	8
13	2026-05-03 20:12:34.159466+00	2	128	9
14	2026-05-03 20:12:34.301042+00	2	130	10
15	2026-05-03 20:12:34.455172+00	2	132	11
16	2026-05-03 20:12:34.629971+00	2	134	12
17	2026-05-03 20:15:09.091115+00	2	135	5
18	2026-05-03 20:22:13.756164+00	2	136	5
19	2026-05-03 20:44:31.676469+00	2	137	5
20	2026-05-03 20:48:05.633334+00	2	138	5
21	2026-05-03 21:08:53.267371+00	2	139	6
22	2026-05-04 12:03:12.565317+00	2	141	12
23	2026-05-04 12:03:22.74809+00	2	142	6
24	2026-05-04 12:03:40.037382+00	2	143	6
25	2026-05-04 12:08:30.717315+00	2	144	12
26	2026-05-04 12:11:02.458062+00	2	145	11
27	2026-05-04 23:09:56.160646+00	2	146	9
28	2026-05-04 23:19:04.467507+00	2	147	10
29	2026-05-04 23:29:45.288428+00	2	148	10
30	2026-05-04 23:31:10.846523+00	2	149	10
31	2026-05-07 11:27:46.354694+00	2	150	6
32	2026-05-07 11:29:03.984695+00	2	151	5
33	2026-05-07 11:43:50.245129+00	2	152	7
34	2026-05-07 12:06:44.663946+00	2	153	8
35	2026-05-07 12:14:55.26136+00	2	154	7
36	2026-05-07 22:48:22.521324+00	2	158	12
37	2026-05-07 23:18:39.777394+00	2	162	12
38	2026-05-07 23:21:35.657248+00	2	166	12
39	2026-05-07 23:24:04.122685+00	2	167	12
\.


--
-- Data for Name: wagtail_localize_translationsource; Type: TABLE DATA; Schema: public; Owner: smallbiz_app
--

COPY public.wagtail_localize_translationsource (id, object_repr, content_json, created_at, locale_id, object_id, specific_content_type_id, last_updated_at, schema_version) FROM stdin;
5	Home	{"pk": 3, "path": "00010001", "depth": 2, "numchild": 4, "translation_key": "7fda9c38-b346-4986-a696-18201f90d4cf", "locale": 1, "latest_revision": 80, "live": true, "has_unpublished_changes": false, "first_published_at": "2026-05-03T17:15:49.854Z", "last_published_at": "2026-05-03T17:33:49.892Z", "live_revision": 80, "go_live_at": null, "expire_at": null, "expired": false, "locked": false, "locked_at": null, "locked_by": null, "title": "Home", "draft_title": "Home", "slug": "home", "content_type": 2, "url_path": "/home/", "owner": null, "seo_title": "", "show_in_menus": false, "search_description": "", "latest_revision_created_at": "2026-05-03T17:33:49.860Z", "alias_of": null, "hero_eyebrow": "Your Immigration Partner", "hero_heading": "Globalview International Immigration", "hero_text": "Protect your Canadian dream for you and your family", "primary_button_text": "Book a Consultation", "primary_button_url": "/inquiry", "secondary_button_text": "Our Services", "secondary_button_url": "/services", "wagtail_admin_comments": []}	2026-05-03 20:12:33.438706+00	1	7fda9c38-b346-4986-a696-18201f90d4cf	2	2026-05-03 20:22:13.652668+00	0003_homepage_hero_eyebrow_homepage_hero_heading_and_more
11	About Us	{"pk": 10, "path": "000100010003", "depth": 3, "numchild": 0, "translation_key": "53e99e8f-17df-4c04-a8b0-a10bb2bc530f", "locale": 1, "latest_revision": 106, "live": true, "has_unpublished_changes": false, "first_published_at": "2026-04-21T11:03:16.201Z", "last_published_at": "2026-05-03T19:04:30.747Z", "live_revision": 106, "go_live_at": null, "expire_at": null, "expired": false, "locked": false, "locked_at": null, "locked_by": null, "title": "About Us", "draft_title": "About Us", "slug": "about", "content_type": 52, "url_path": "/home/about/", "owner": 1, "seo_title": "About Us", "show_in_menus": false, "search_description": "", "latest_revision_created_at": "2026-05-03T19:04:30.713Z", "alias_of": null, "intro": "<p data-block-key=\\"2jmu2\\">Globalview International Immigration</p>", "body": "<p data-block-key=\\"7inzo\\">Canada Globalview International Immigration Ltd. is a professional immigration consulting firm registered with the Canadian federal government and authorized by Immigration, Refugees and Citizenship Canada (IRCC). Our founders have accumulated extensive industry experience since 2009 and possess a deep understanding of Canadian immigration programs and regulations. We are one of the earliest immigration consulting firms to specialize in Provincial Nominee Program (PNP) business immigration programs, boasting strong professional advantages in business immigration applications and consistently maintaining a high success rate. All applications are personally handled by experienced, licensed Canadian immigration consultants and business experts, ensuring professional, efficient, and reliable services to help you and your family successfully immigrate to Canada.</p>", "wagtail_admin_comments": []}	2026-05-03 20:12:34.312018+00	1	53e99e8f-17df-4c04-a8b0-a10bb2bc530f	52	2026-05-03 20:12:34.309994+00	0001_initial
8	Express Entry Application Assistance	{"pk": 8, "path": "0001000100010002", "depth": 4, "numchild": 0, "translation_key": "66297f35-3b4d-45c3-bf43-a0829292db4a", "locale": 1, "latest_revision": 62, "live": true, "has_unpublished_changes": false, "first_published_at": "2026-04-19T21:16:58.752Z", "last_published_at": "2026-05-02T22:36:18.690Z", "live_revision": 62, "go_live_at": null, "expire_at": null, "expired": false, "locked": false, "locked_at": null, "locked_by": null, "title": "Express Entry Application Assistance", "draft_title": "Express Entry Application Assistance", "slug": "express-entry-application-assistance", "content_type": 45, "url_path": "/home/services/express-entry-application-assistance/", "owner": 1, "seo_title": "", "show_in_menus": false, "search_description": "", "latest_revision_created_at": "2026-05-02T22:36:18.657Z", "alias_of": null, "short_summary": "Short summary text.", "body": "<p data-block-key=\\"c0sdo\\">Details for the service.</p>", "price_note": "Pricing varies depending on the complexity of your situation. Please contact us for a quote.", "image": null, "hero_eyebrow": "Service", "sidebar_heading": "Need help?", "sidebar_text": "Send us an inquiry and we\\u2019ll respond with the next steps.", "sidebar_button_text": "Send an Inquiry", "pricing_note_heading": "Pricing note", "back_to_services_text": "\\u2190 Back to Services", "wagtail_admin_comments": []}	2026-05-03 20:12:33.886183+00	1	66297f35-3b4d-45c3-bf43-a0829292db4a	45	2026-05-07 11:52:04.755834+00	0003_servicepage_back_to_services_text_and_more
10	Our First Blog	{"pk": 9, "path": "0001000100020001", "depth": 4, "numchild": 0, "translation_key": "7f172c69-2353-48f6-9fec-10c7876b9188", "locale": 1, "latest_revision": 40, "live": true, "has_unpublished_changes": false, "first_published_at": "2026-04-19T21:24:25.789Z", "last_published_at": "2026-04-19T21:26:58.508Z", "live_revision": 40, "go_live_at": null, "expire_at": null, "expired": false, "locked": false, "locked_at": null, "locked_by": null, "title": "Our First Blog", "draft_title": "Our First Blog", "slug": "our-first-blog", "content_type": 48, "url_path": "/home/blog/our-first-blog/", "owner": 1, "seo_title": "", "show_in_menus": false, "search_description": "", "latest_revision_created_at": "2026-04-19T21:26:58.476Z", "alias_of": null, "date": "2026-04-19", "intro": "Blog Introduction text.", "body": "<p data-block-key=\\"1vm2i\\">Blog content area.</p>", "image": null, "article_label": "Article", "back_to_blog_text": "\\u2190 Back to Blog", "wagtail_admin_comments": []}	2026-05-03 20:12:34.171706+00	1	7f172c69-2353-48f6-9fec-10c7876b9188	48	2026-05-04 23:30:55.586943+00	0003_blogindexpage_article_label_and_more
9	Immigration News and Blogs	{"pk": 5, "path": "000100010002", "depth": 3, "numchild": 1, "translation_key": "71923e57-59e4-4ddc-a488-b73586d61d81", "locale": 1, "latest_revision": 112, "live": true, "has_unpublished_changes": false, "first_published_at": "2026-04-19T21:09:44.461Z", "last_published_at": "2026-05-03T19:08:20.002Z", "live_revision": 112, "go_live_at": null, "expire_at": null, "expired": false, "locked": false, "locked_at": null, "locked_by": null, "title": "Immigration News and Blogs", "draft_title": "Immigration News and Blogs", "slug": "blog", "content_type": 47, "url_path": "/home/blog/", "owner": 1, "seo_title": "", "show_in_menus": false, "search_description": "", "latest_revision_created_at": "2026-05-03T19:08:19.970Z", "alias_of": null, "intro": "<p data-block-key=\\"ds5qa\\">See the latest in immigration news and programs.</p>", "hero_eyebrow": "Blog", "posts_heading": "Latest Posts", "posts_intro": "Read helpful updates, guidance, and information.", "article_label": "Article", "post_card_text": "Read more about this topic and how it may apply to your situation.", "read_post_text": "Read post \\u2192", "empty_posts_text": "No blog posts yet.", "wagtail_admin_comments": []}	2026-05-03 20:12:34.031614+00	1	71923e57-59e4-4ddc-a488-b73586d61d81	47	2026-05-04 22:57:19.495995+00	0003_blogindexpage_article_label_and_more
6	Our Services	{"pk": 4, "path": "000100010001", "depth": 3, "numchild": 2, "translation_key": "5143db77-4839-4c26-82d9-aace00f3b48f", "locale": 1, "latest_revision": 109, "live": true, "has_unpublished_changes": false, "first_published_at": "2026-04-19T21:03:11.819Z", "last_published_at": "2026-05-03T19:06:57.594Z", "live_revision": 109, "go_live_at": null, "expire_at": null, "expired": false, "locked": false, "locked_at": null, "locked_by": null, "title": "Our Services", "draft_title": "Our Services", "slug": "services", "content_type": 46, "url_path": "/home/services/", "owner": 1, "seo_title": "", "show_in_menus": false, "search_description": "", "latest_revision_created_at": "2026-05-03T19:06:57.560Z", "alias_of": null, "intro": "<p data-block-key=\\"pcve9\\">Globalview International Immigration can assist with various immigration programs that become available over time, however, below are some of the most common programs that we have been asked to assist with.</p>", "hero_eyebrow": "Services", "services_heading": "Immigration Services", "services_intro": "Explore our available service areas and choose the option that best fits your needs.", "service_card_text": "Learn more about this service and how we can help.", "view_service_text": "View service \\u2192", "empty_services_text": "No services available yet.", "wagtail_admin_comments": []}	2026-05-03 20:12:33.609702+00	1	5143db77-4839-4c26-82d9-aace00f3b48f	46	2026-05-07 11:16:17.45123+00	0003_servicepage_back_to_services_text_and_more
7	NBPNP Application Assistance	{"pk": 7, "path": "0001000100010001", "depth": 4, "numchild": 0, "translation_key": "f3d8e853-fa27-45dd-90e9-b827949d0caf", "locale": 1, "latest_revision": 59, "live": true, "has_unpublished_changes": false, "first_published_at": "2026-04-19T21:17:04.407Z", "last_published_at": "2026-05-02T22:36:09.624Z", "live_revision": 59, "go_live_at": null, "expire_at": null, "expired": false, "locked": false, "locked_at": null, "locked_by": null, "title": "NBPNP Application Assistance", "draft_title": "NBPNP Application Assistance", "slug": "nbpnp-application-assistance", "content_type": 45, "url_path": "/home/services/nbpnp-application-assistance/", "owner": 1, "seo_title": "", "show_in_menus": false, "search_description": "", "latest_revision_created_at": "2026-05-02T22:36:09.583Z", "alias_of": null, "short_summary": "Short summary text.", "body": "<p data-block-key=\\"74xxr\\">Details for this service.</p>", "price_note": "Pricing varies depending on the complexity of your situation. Please contact us for a quote.", "image": null, "hero_eyebrow": "Service", "sidebar_heading": "Need help?", "sidebar_text": "Send us an inquiry and we\\u2019ll respond with the next steps.", "sidebar_button_text": "Send an Inquiry", "pricing_note_heading": "Pricing note", "back_to_services_text": "\\u2190 Back to Services", "wagtail_admin_comments": []}	2026-05-03 20:12:33.744825+00	1	f3d8e853-fa27-45dd-90e9-b827949d0caf	45	2026-05-07 12:07:05.857133+00	0003_servicepage_back_to_services_text_and_more
12	Book a Consultation	{"pk": 11, "path": "000100010004", "depth": 3, "numchild": 0, "translation_key": "b98210f7-10ba-4d4e-b082-7e0b28c82d7f", "locale": 1, "latest_revision": 165, "live": true, "has_unpublished_changes": false, "first_published_at": "2026-04-21T22:30:47.386Z", "last_published_at": "2026-05-07T23:20:42.951Z", "live_revision": 165, "go_live_at": null, "expire_at": null, "expired": false, "locked": false, "locked_at": null, "locked_by": null, "title": "Book a Consultation", "draft_title": "Book a Consultation", "slug": "inquiry", "content_type": 53, "url_path": "/home/inquiry/", "owner": 1, "seo_title": "Inquiry", "show_in_menus": false, "search_description": "", "latest_revision_created_at": "2026-05-07T23:20:42.917Z", "alias_of": null, "intro": "<p data-block-key=\\"aayaj\\">Please reach out if you would like to schedule a consultation and we will be happy to get back to you.</p>", "thank_you_text": "<p data-block-key=\\"afig6\\">Thank you for your interest in our services!</p>", "hero_eyebrow": "Contact us", "submit_button_text": "Send Consultation Request", "name_label": "Full name", "name_placeholder": "Your full name", "email_label": "Email address", "email_placeholder": "you@example.com", "phone_label": "Phone number", "phone_placeholder": "555-555-5555", "message_label": "How can we help?", "message_placeholder": "Tell us a little about your immigration needs.", "captcha_label": "Captcha", "email_to": "golfknut@gmail.com", "email_from": "bgr7597@hotmail.com", "email_subject": "Consultation Request", "wagtail_admin_comments": []}	2026-05-03 20:12:34.465572+00	1	b98210f7-10ba-4d4e-b082-7e0b28c82d7f	53	2026-05-07 23:20:54.998414+00	0002_inquirypage_captcha_label_inquirypage_email_label_and_more
\.


--
-- Data for Name: wagtailadmin_admin; Type: TABLE DATA; Schema: public; Owner: smallbiz_app
--

COPY public.wagtailadmin_admin (id) FROM stdin;
\.


--
-- Data for Name: wagtailadmin_editingsession; Type: TABLE DATA; Schema: public; Owner: smallbiz_app
--

COPY public.wagtailadmin_editingsession (id, object_id, last_seen_at, content_type_id, user_id, is_editing) FROM stdin;
450	11	2026-05-07 23:16:45.926295+00	1	1	f
451	11	2026-05-07 23:16:48.391624+00	1	1	f
458	11	2026-05-07 23:20:28.980432+00	1	1	f
459	11	2026-05-07 23:20:32.516585+00	1	1	f
460	11	2026-05-07 23:20:34.513665+00	1	1	f
461	11	2026-05-07 23:20:36.052447+00	1	1	f
439	11	2026-05-07 22:27:32.792309+00	1	1	f
440	11	2026-05-07 22:30:07.348123+00	1	1	f
441	11	2026-05-07 22:30:08.165287+00	1	1	f
442	11	2026-05-07 22:30:20.746492+00	1	1	f
443	11	2026-05-07 22:30:23.807165+00	1	1	f
444	11	2026-05-07 22:30:34.268754+00	1	1	f
445	11	2026-05-07 22:30:43.748019+00	1	1	f
\.


--
-- Data for Name: wagtailcore_collection; Type: TABLE DATA; Schema: public; Owner: smallbiz_app
--

COPY public.wagtailcore_collection (id, path, depth, numchild, name) FROM stdin;
1	0001	1	0	Root
\.


--
-- Data for Name: wagtailcore_collectionviewrestriction; Type: TABLE DATA; Schema: public; Owner: smallbiz_app
--

COPY public.wagtailcore_collectionviewrestriction (id, restriction_type, password, collection_id) FROM stdin;
\.


--
-- Data for Name: wagtailcore_collectionviewrestriction_groups; Type: TABLE DATA; Schema: public; Owner: smallbiz_app
--

COPY public.wagtailcore_collectionviewrestriction_groups (id, collectionviewrestriction_id, group_id) FROM stdin;
\.


--
-- Data for Name: wagtailcore_comment; Type: TABLE DATA; Schema: public; Owner: smallbiz_app
--

COPY public.wagtailcore_comment (id, text, contentpath, "position", created_at, updated_at, resolved_at, page_id, resolved_by_id, revision_created_id, user_id) FROM stdin;
\.


--
-- Data for Name: wagtailcore_commentreply; Type: TABLE DATA; Schema: public; Owner: smallbiz_app
--

COPY public.wagtailcore_commentreply (id, text, created_at, updated_at, comment_id, user_id) FROM stdin;
\.


--
-- Data for Name: wagtailcore_groupapprovaltask; Type: TABLE DATA; Schema: public; Owner: smallbiz_app
--

COPY public.wagtailcore_groupapprovaltask (task_ptr_id) FROM stdin;
1
\.


--
-- Data for Name: wagtailcore_groupapprovaltask_groups; Type: TABLE DATA; Schema: public; Owner: smallbiz_app
--

COPY public.wagtailcore_groupapprovaltask_groups (id, groupapprovaltask_id, group_id) FROM stdin;
1	1	1
\.


--
-- Data for Name: wagtailcore_groupcollectionpermission; Type: TABLE DATA; Schema: public; Owner: smallbiz_app
--

COPY public.wagtailcore_groupcollectionpermission (id, collection_id, group_id, permission_id) FROM stdin;
1	1	1	106
2	1	2	106
3	1	1	107
4	1	2	107
5	1	1	109
6	1	2	109
7	1	1	110
8	1	2	110
9	1	1	111
10	1	2	111
11	1	1	113
12	1	2	113
\.


--
-- Data for Name: wagtailcore_grouppagepermission; Type: TABLE DATA; Schema: public; Owner: smallbiz_app
--

COPY public.wagtailcore_grouppagepermission (id, group_id, page_id, permission_id) FROM stdin;
1	1	1	66
2	1	1	67
3	1	1	72
4	2	1	66
5	2	1	67
6	1	1	71
7	1	1	73
\.


--
-- Data for Name: wagtailcore_groupsitepermission; Type: TABLE DATA; Schema: public; Owner: smallbiz_app
--

COPY public.wagtailcore_groupsitepermission (id, group_id, permission_id, site_id) FROM stdin;
\.


--
-- Data for Name: wagtailcore_locale; Type: TABLE DATA; Schema: public; Owner: smallbiz_app
--

COPY public.wagtailcore_locale (id, language_code) FROM stdin;
1	en
2	zh-hans
\.


--
-- Data for Name: wagtailcore_modellogentry; Type: TABLE DATA; Schema: public; Owner: smallbiz_app
--

COPY public.wagtailcore_modellogentry (id, label, action, data, "timestamp", content_changed, deleted, object_id, content_type_id, user_id, uuid, revision_id) FROM stdin;
1	business settings for localhost [default]	wagtail.edit	{}	2026-04-20 21:12:10.888734+00	t	f	1	50	1	c9a9931a-70db-4203-a8e0-b07f5a74aa4f	\N
2	business settings for localhost [default]	wagtail.edit	{}	2026-04-22 12:06:52.510475+00	t	f	1	50	1	87cb62a8-a794-49a3-af16-53b307f38c1c	\N
3	Simplified Chinese	wagtail.create	{}	2026-05-03 16:20:05.577476+00	t	f	2	12	1	c49bbf3a-587c-4dfa-a56b-3790ee4e7f31	\N
4	Simplified Chinese	wagtail.edit	{}	2026-05-03 18:49:32.109801+00	f	f	2	12	1	4cc020aa-08e1-4fc7-8e4c-e099432c276f	\N
\.


--
-- Data for Name: wagtailcore_page; Type: TABLE DATA; Schema: public; Owner: smallbiz_app
--

COPY public.wagtailcore_page (id, path, depth, numchild, title, slug, live, has_unpublished_changes, url_path, seo_title, show_in_menus, search_description, go_live_at, expire_at, expired, content_type_id, owner_id, locked, latest_revision_created_at, first_published_at, live_revision_id, last_published_at, draft_title, locked_at, locked_by_id, translation_key, locale_id, alias_of_id, latest_revision_id) FROM stdin;
9	0001000100020001	4	0	Our First Blog	our-first-blog	t	f	/home/blog/our-first-blog/		f		\N	\N	f	48	1	f	2026-04-19 21:26:58.476851+00	2026-04-19 21:24:25.789+00	40	2026-04-19 21:26:58.508834+00	Our First Blog	\N	\N	7f172c69-2353-48f6-9fec-10c7876b9188	1	\N	40
29	0001000200020001	4	0	我们的第一个博客	our-first-blog	t	f	/home-1/blog/our-first-blog/		f		\N	\N	f	48	1	f	2026-05-04 23:31:10.748992+00	2026-05-03 20:12:35.30692+00	149	2026-05-04 23:31:10.798917+00	我们的第一个博客	\N	\N	7f172c69-2353-48f6-9fec-10c7876b9188	2	\N	149
7	0001000100010001	4	0	NBPNP Application Assistance	nbpnp-application-assistance	t	f	/home/services/nbpnp-application-assistance/		f		\N	\N	f	45	1	f	2026-05-02 22:36:09.583289+00	2026-04-19 21:17:04.407+00	59	2026-05-02 22:36:09.624961+00	NBPNP Application Assistance	\N	\N	f3d8e853-fa27-45dd-90e9-b827949d0caf	1	\N	59
28	000100020002	3	1	移民新闻和博客	blog	t	f	/home-1/blog/		f		\N	\N	f	47	1	f	2026-05-04 23:09:56.058363+00	2026-05-03 20:12:35.194373+00	146	2026-05-04 23:09:56.110066+00	移民新闻和博客	\N	\N	71923e57-59e4-4ddc-a488-b73586d61d81	2	\N	146
25	000100020001	3	2	我们的服务	services	t	f	/home-1/services/		f		\N	\N	f	46	1	f	2026-05-07 11:27:46.246497+00	2026-05-03 20:12:34.835531+00	150	2026-05-07 11:27:46.306467+00	我们的服务	\N	\N	5143db77-4839-4c26-82d9-aace00f3b48f	2	\N	150
8	0001000100010002	4	0	Express Entry Application Assistance	express-entry-application-assistance	t	f	/home/services/express-entry-application-assistance/		f		\N	\N	f	45	1	f	2026-05-02 22:36:18.657738+00	2026-04-19 21:16:58.752+00	62	2026-05-02 22:36:18.690841+00	Express Entry Application Assistance	\N	\N	66297f35-3b4d-45c3-bf43-a0829292db4a	1	\N	62
5	000100010002	3	1	Immigration News and Blogs	blog	t	f	/home/blog/		f		\N	\N	f	47	1	f	2026-05-03 19:08:19.970511+00	2026-04-19 21:09:44.461+00	112	2026-05-03 19:08:20.002399+00	Immigration News and Blogs	\N	\N	71923e57-59e4-4ddc-a488-b73586d61d81	1	\N	112
27	0001000200010002	4	0	快速入境申请协助	express-entry-application-assistance	t	f	/home-1/services/express-entry-application-assistance/		f		\N	\N	f	45	1	f	2026-05-07 12:06:44.563016+00	2026-05-03 20:12:35.066353+00	153	2026-05-07 12:06:44.616583+00	快速入境申请协助	\N	\N	66297f35-3b4d-45c3-bf43-a0829292db4a	2	\N	153
4	000100010001	3	2	Our Services	services	t	f	/home/services/		f		\N	\N	f	46	1	f	2026-05-03 19:06:57.560806+00	2026-04-19 21:03:11.819+00	109	2026-05-03 19:06:57.594305+00	Our Services	\N	\N	5143db77-4839-4c26-82d9-aace00f3b48f	1	\N	109
26	0001000200010001	4	0	价格会根据您情况的复杂程度而有所不同。请联系我们获取报价	nbpnp-application-assistance	t	f	/home-1/services/nbpnp-application-assistance/		f		\N	\N	f	45	1	f	2026-05-07 12:14:55.163112+00	2026-05-03 20:12:34.944359+00	154	2026-05-07 12:14:55.211982+00	价格会根据您情况的复杂程度而有所不同。请联系我们获取报价	\N	\N	f3d8e853-fa27-45dd-90e9-b827949d0caf	2	\N	154
3	00010001	2	4	Home	home	t	f	/home/		f		\N	\N	f	2	\N	f	2026-05-03 17:33:49.860194+00	2026-05-03 17:15:49.854+00	80	2026-05-03 17:33:49.892313+00	Home	\N	\N	7fda9c38-b346-4986-a696-18201f90d4cf	1	\N	80
11	000100010004	3	0	Book a Consultation	inquiry	t	f	/home/inquiry/	Inquiry	f		\N	\N	f	53	1	f	2026-05-07 23:20:42.917777+00	2026-04-21 22:30:47.386+00	165	2026-05-07 23:20:42.951228+00	Book a Consultation	\N	\N	b98210f7-10ba-4d4e-b082-7e0b28c82d7f	1	\N	165
1	0001	1	2	Root	root	t	f	/		f		\N	\N	f	1	\N	f	\N	\N	\N	\N	Root	\N	\N	5a59b8cf-e6eb-40b7-9461-4ade53585750	1	\N	\N
10	000100010003	3	0	About Us	about	t	f	/home/about/	About Us	f		\N	\N	f	52	1	f	2026-05-03 19:04:30.713764+00	2026-04-21 11:03:16.201+00	106	2026-05-03 19:04:30.747576+00	About Us	\N	\N	53e99e8f-17df-4c04-a8b0-a10bb2bc530f	1	\N	106
30	000100020003	3	0	关于我们	about	t	f	/home-1/about/	About Us	f		\N	\N	f	52	1	f	2026-05-04 12:11:02.228804+00	2026-05-03 20:12:35.415456+00	145	2026-05-04 12:11:02.337539+00	关于我们	\N	\N	53e99e8f-17df-4c04-a8b0-a10bb2bc530f	2	\N	145
24	00010002	2	4	家	home-1	t	f	/home-1/		f		\N	\N	f	2	\N	f	2026-05-07 11:29:03.386998+00	2026-05-03 20:12:34.718835+00	151	2026-05-07 11:29:03.755162+00	家	\N	\N	7fda9c38-b346-4986-a696-18201f90d4cf	2	\N	151
31	000100020004	3	0	预约咨询	inquiry	t	f	/home-1/inquiry/	Inquiry	f		\N	\N	f	53	1	f	2026-05-07 23:24:03.58019+00	2026-05-03 20:12:35.521231+00	167	2026-05-07 23:24:03.864576+00	预约咨询	\N	\N	b98210f7-10ba-4d4e-b082-7e0b28c82d7f	2	\N	167
\.


--
-- Data for Name: wagtailcore_pagelogentry; Type: TABLE DATA; Schema: public; Owner: smallbiz_app
--

COPY public.wagtailcore_pagelogentry (id, label, action, data, "timestamp", content_changed, deleted, content_type_id, page_id, revision_id, user_id, uuid) FROM stdin;
1	Our Sere	wagtail.create	{}	2026-04-19 19:48:43.265851+00	t	f	46	4	\N	1	1491a803-a27e-48bb-b2ff-05d3badabb5c
2	Our Sere	wagtail.edit	{}	2026-04-19 19:48:43.307687+00	t	f	46	4	1	1	1491a803-a27e-48bb-b2ff-05d3badabb5c
3	Our Service	wagtail.edit	{}	2026-04-19 19:48:46.237248+00	t	f	46	4	1	1	a0637461-0810-452f-997b-6ad69bef05df
4	Our Services	wagtail.edit	{}	2026-04-19 19:48:48.225941+00	t	f	46	4	1	1	81104742-a42b-4fc5-a141-15966275f9d1
5	Our Services	wagtail.edit	{}	2026-04-19 19:49:05.723453+00	t	f	46	4	1	1	01470689-768c-4ecf-9f5e-d79962e3e507
6	Our Services	wagtail.edit	{}	2026-04-19 19:49:08.739871+00	t	f	46	4	1	1	ff388602-ba2c-4764-8cb2-43c897037d6d
7	Our Services	wagtail.edit	{}	2026-04-19 19:49:10.228344+00	t	f	46	4	1	1	105def0e-52b8-44e2-93dc-718604263b8c
8	Our Services	wagtail.edit	{}	2026-04-19 19:49:11.721643+00	t	f	46	4	1	1	a3be64de-db29-44d3-acd2-506a659ba68a
9	Our Services	wagtail.edit	{}	2026-04-19 19:49:14.72942+00	t	f	46	4	1	1	ff0454bb-df02-4b18-9072-205540cfe32f
10	Our Services	wagtail.edit	{}	2026-04-19 19:49:18.726014+00	t	f	46	4	1	1	f426d8ce-467b-4f2f-bbdf-67d361aa56df
11	Our Services	wagtail.edit	{}	2026-04-19 19:49:21.735108+00	t	f	46	4	1	1	6403c347-c78e-49d9-ac00-275975c09710
12	Our Services	wagtail.edit	{}	2026-04-19 19:49:23.734555+00	t	f	46	4	1	1	7c69a9e1-e8a4-458d-bad4-029948572465
13	Our Services	wagtail.edit	{}	2026-04-19 19:49:25.227607+00	t	f	46	4	1	1	fdc54b00-1853-41ca-8e3d-9526613e0756
14	Our Services	wagtail.edit	{}	2026-04-19 19:49:27.727148+00	t	f	46	4	1	1	18c59504-23ca-4dc4-a41c-b5fa24a7545d
15	Our Services	wagtail.edit	{}	2026-04-19 19:49:29.237178+00	t	f	46	4	1	1	74da9dae-0a45-4f60-8180-3689ea194e4e
16	Our Services	wagtail.edit	{}	2026-04-19 19:49:32.727059+00	t	f	46	4	1	1	57ceb533-ab3e-4e45-958b-c70e6d94d458
17	Our Services	wagtail.edit	{}	2026-04-19 19:49:35.736831+00	t	f	46	4	1	1	da0b825b-0627-4cd0-87fe-cced7d08837f
18	Our Services	wagtail.edit	{}	2026-04-19 19:49:39.731033+00	t	f	46	4	1	1	d36e930a-5c4b-4f2f-bdcc-f64224cd7545
19	Our Services	wagtail.edit	{}	2026-04-19 19:49:42.238587+00	t	f	46	4	1	1	851e67f9-16f2-4023-a45c-9e76b4039a23
20	Our Services	wagtail.edit	{}	2026-04-19 19:49:45.749061+00	t	f	46	4	1	1	605bb1c6-0cb5-4b9e-815c-552c4d79c6db
21	Our Services	wagtail.edit	{}	2026-04-19 19:49:48.743447+00	t	f	46	4	1	1	277dfedd-ff27-427e-b717-8e9700cf48ef
22	Our Services	wagtail.edit	{}	2026-04-19 19:49:51.723924+00	t	f	46	4	1	1	77c049ed-a404-4a9e-9a23-1e2e4a11cc5b
23	Our Services	wagtail.edit	{}	2026-04-19 19:49:53.722549+00	t	f	46	4	1	1	42dee2e1-fa15-4207-a85a-2c45b80ef6f7
24	Our Services	wagtail.edit	{}	2026-04-19 19:49:57.718099+00	t	f	46	4	1	1	614495ce-fc6a-41f0-ad02-dfcf019959b7
25	Our Services	wagtail.edit	{}	2026-04-19 19:49:59.443947+00	t	f	46	4	2	1	f708a742-2ab5-4dfa-8b57-9249e50b526b
26	Immigration	wagtail.create	{}	2026-04-19 19:50:36.300151+00	t	f	47	5	\N	1	f6bcbc0a-8c9c-453c-bf40-95161d89515d
27	Immigration	wagtail.edit	{}	2026-04-19 19:50:36.31793+00	t	f	47	5	3	1	f6bcbc0a-8c9c-453c-bf40-95161d89515d
28	Immigration News and Blogs	wagtail.edit	{}	2026-04-19 19:50:52.331472+00	t	f	47	5	3	1	414a90d8-0ac5-4159-a6f5-943d0fbad1f1
29	Immigration News and Blogs	wagtail.edit	{}	2026-04-19 19:51:16.313822+00	t	f	47	5	3	1	1f1c6690-8ce9-4995-8f79-7925f472327d
30	Immigration News and Blogs	wagtail.edit	{}	2026-04-19 19:51:19.819703+00	t	f	47	5	3	1	dedb96b7-4dce-42c9-924b-d0c04be44c89
31	Immigration News and Blogs	wagtail.edit	{}	2026-04-19 19:51:22.811226+00	t	f	47	5	3	1	01e07bbb-acd3-44ef-910e-cd34f04bc9d8
32	Immigration News and Blogs	wagtail.edit	{}	2026-04-19 19:51:24.327277+00	t	f	47	5	3	1	50af88e5-4228-43e8-a397-c208318c4091
33	Immigration News and Blogs	wagtail.edit	{}	2026-04-19 19:51:27.323082+00	t	f	47	5	3	1	1b6319bf-3e6a-4f0a-ab0e-ce1f0038184f
34	Immigration News and Blogs	wagtail.edit	{}	2026-04-19 19:51:28.816187+00	t	f	47	5	3	1	ccfabc7a-72d9-43bf-b489-79108c532c7e
35	Immigration News and Blogs	wagtail.edit	{}	2026-04-19 19:51:29.263623+00	t	f	47	5	4	1	2c3cefd6-66cf-4d06-9cb6-1d61160f96df
36	Contact Us	wagtail.create	{}	2026-04-19 19:52:00.613899+00	t	f	49	6	\N	1	f4d7022b-7a98-43c5-933d-84df371425f0
37	Contact Us	wagtail.edit	{}	2026-04-19 19:52:00.640184+00	t	f	49	6	5	1	f4d7022b-7a98-43c5-933d-84df371425f0
38	Contact Us	wagtail.edit	{}	2026-04-19 19:52:13.622596+00	t	f	49	6	5	1	be6588e7-4a21-4f63-8313-5ca042f56600
39	Contact Us	wagtail.edit	{}	2026-04-19 19:52:16.123369+00	t	f	49	6	5	1	81dc894a-9bad-4787-a0dc-105388f7865f
40	Contact Us	wagtail.edit	{}	2026-04-19 19:52:17.623059+00	t	f	49	6	5	1	0caaf996-658f-467f-abb4-8fc032c8b13a
41	Contact Us	wagtail.edit	{}	2026-04-19 19:52:20.120112+00	t	f	49	6	5	1	16811218-1e4f-47e9-8002-4d7b23fda3bc
42	Contact Us	wagtail.edit	{}	2026-04-19 19:52:22.616047+00	t	f	49	6	5	1	e90cc401-0c22-4c87-b974-daee765bd595
43	Contact Us	wagtail.edit	{}	2026-04-19 19:52:29.643124+00	t	f	49	6	5	1	b670fb3d-b712-4311-a61b-a7ccc37106fc
44	Contact Us	wagtail.edit	{}	2026-04-19 19:52:34.627647+00	t	f	49	6	5	1	9cb97ba8-e219-4ee2-b447-38a81edf6b02
45	Contact Us	wagtail.edit	{}	2026-04-19 19:52:36.625452+00	t	f	49	6	5	1	e911ac08-6b8e-4fdb-b23d-a21f349ceee0
46	Contact Us	wagtail.edit	{}	2026-04-19 19:52:38.118764+00	t	f	49	6	5	1	c2f993d4-ea69-4953-b8ce-221faff8ce91
47	Contact Us	wagtail.edit	{}	2026-04-19 19:52:40.619134+00	t	f	49	6	5	1	1e47e81b-b385-43a0-a279-fa9fd986ced3
48	Contact Us	wagtail.edit	{}	2026-04-19 19:52:42.128942+00	t	f	49	6	5	1	8a8b4eaa-cdef-4c6b-9734-e1fe18c99e52
49	Contact Us	wagtail.edit	{}	2026-04-19 19:52:44.125545+00	t	f	49	6	5	1	de142332-e196-42a5-b675-15a22ae99019
50	Contact Us	wagtail.edit	{}	2026-04-19 19:52:46.628087+00	t	f	49	6	5	1	cd8bb89b-74d3-43c0-b422-f3cad96d5bd9
51	Contact Us	wagtail.edit	{}	2026-04-19 19:52:48.689539+00	t	f	49	6	5	1	6556ab3c-6415-484b-9d3e-de25599df6a7
52	Contact Us	wagtail.edit	{}	2026-04-19 19:52:51.623858+00	t	f	49	6	5	1	7a4a99a6-efad-4fa8-b2c1-269421bf5cb7
53	Contact Us	wagtail.edit	{}	2026-04-19 19:52:54.131313+00	t	f	49	6	5	1	8f0d8155-907f-4dbf-9aa0-55b846145be8
54	Contact Us	wagtail.edit	{}	2026-04-19 19:53:22.138654+00	t	f	49	6	5	1	7010fa16-160d-484d-9602-a91582062005
55	Contact Us	wagtail.edit	{}	2026-04-19 19:53:23.625447+00	t	f	49	6	5	1	5e02389c-b676-4916-977e-37a20f21b000
56	Contact Us	wagtail.edit	{}	2026-04-19 19:53:26.124021+00	t	f	49	6	5	1	1c83b24e-9adc-4880-8f63-e70a29e324f8
57	Contact Us	wagtail.edit	{}	2026-04-19 19:53:28.118249+00	t	f	49	6	5	1	5e9f344a-c843-4d02-9464-535245db1f47
58	Contact Us	wagtail.edit	{}	2026-04-19 19:53:34.631715+00	t	f	49	6	5	1	ba8df630-ce79-442b-9717-26f6645d25ff
59	Contact Us	wagtail.edit	{}	2026-04-19 19:53:36.642582+00	t	f	49	6	5	1	85918749-9f48-4e5d-a2bc-02e574ea2b9d
60	Contact Us	wagtail.edit	{}	2026-04-19 19:53:38.128212+00	t	f	49	6	5	1	8eb3396a-f506-400d-b4b0-76438fd07f78
61	Contact Us	wagtail.edit	{}	2026-04-19 19:53:40.627278+00	t	f	49	6	5	1	b4033c11-f8d2-407f-9163-25358b61a335
62	Contact Us	wagtail.edit	{}	2026-04-19 19:53:52.642874+00	t	f	49	6	5	1	3d11b6d5-1caf-43ee-9f6a-ed319c1666a4
63	Contact Us	wagtail.edit	{}	2026-04-19 19:53:58.129515+00	t	f	49	6	5	1	45043762-68de-4e7b-a4fb-b854504fd910
64	Contact Us	wagtail.edit	{}	2026-04-19 19:54:07.720588+00	t	f	49	6	6	1	07b484dc-57eb-4f9f-bb5a-704f87931059
65	NB	wagtail.create	{}	2026-04-19 19:55:03.272327+00	t	f	45	7	\N	1	c46a5f4b-4455-4207-a9d2-1b313f0f5e24
66	NB	wagtail.edit	{}	2026-04-19 19:55:03.311806+00	t	f	45	7	7	1	c46a5f4b-4455-4207-a9d2-1b313f0f5e24
67	NBPNP	wagtail.edit	{}	2026-04-19 19:55:05.290621+00	t	f	45	7	7	1	42c829f6-f5f7-4c98-a100-d85db1f86a43
68	NBPNP	wagtail.edit	{}	2026-04-19 19:55:07.792871+00	t	f	45	7	7	1	99be63ba-633f-40d2-8f44-74e4730475e5
69	NBPNP Application	wagtail.edit	{}	2026-04-19 19:55:10.801977+00	t	f	45	7	7	1	ca053365-10d7-4083-bc8f-2a2f93ab052f
70	NBPNP Application	wagtail.edit	{}	2026-04-19 19:55:14.303435+00	t	f	45	7	7	1	17a3c52b-9195-47cc-823e-df094be40395
71	NBPNP Application Ass	wagtail.edit	{}	2026-04-19 19:55:15.792834+00	t	f	45	7	7	1	53ccbe61-161c-42df-aa11-64521d183b3b
72	NBPNP Application Assistance	wagtail.edit	{}	2026-04-19 19:55:18.300712+00	t	f	45	7	7	1	014e3eac-c807-45f4-91fb-9a4ff31fcce8
73	NBPNP Application Assistance	wagtail.edit	{}	2026-04-19 19:55:33.800947+00	t	f	45	7	7	1	1615d238-3600-4226-82c4-1d0db8e59f22
74	NBPNP Application Assistance	wagtail.edit	{}	2026-04-19 19:55:36.293102+00	t	f	45	7	7	1	c366d4c3-6354-46db-bb42-aa7175bdf904
75	NBPNP Application Assistance	wagtail.edit	{}	2026-04-19 19:55:38.79971+00	t	f	45	7	7	1	d520721a-8582-4dc6-82d9-554adc3c0e12
76	NBPNP Application Assistance	wagtail.edit	{}	2026-04-19 19:55:44.792963+00	t	f	45	7	7	1	b2fd3023-c411-4a78-aaf0-102744d0c6d0
77	NBPNP Application Assistance	wagtail.edit	{}	2026-04-19 19:55:46.799395+00	t	f	45	7	7	1	0c33ea6f-1ad6-474c-8656-a07faf4cb8da
78	NBPNP Application Assistance	wagtail.edit	{}	2026-04-19 19:55:48.851435+00	t	f	45	7	7	1	6033f24f-c790-41e6-9b73-981a9a8f439e
79	NBPNP Application Assistance	wagtail.edit	{}	2026-04-19 19:55:50.844507+00	t	f	45	7	7	1	e7303179-4784-4d27-9c63-3f72c202717c
80	NBPNP Application Assistance	wagtail.edit	{}	2026-04-19 19:55:56.306839+00	t	f	45	7	7	1	36af357c-413b-4b5f-951a-841a02cf86cb
81	NBPNP Application Assistance	wagtail.edit	{}	2026-04-19 19:55:58.806411+00	t	f	45	7	7	1	b03b8d60-e817-439e-b031-3b21e65f99bd
82	NBPNP Application Assistance	wagtail.edit	{}	2026-04-19 19:55:59.47949+00	t	f	45	7	8	1	e5a6b2d3-7b70-458f-a406-5d22556961e3
83	Express Entry Application As	wagtail.create	{}	2026-04-19 19:56:32.280371+00	t	f	45	8	\N	1	dce92761-1262-44c5-812b-be7f2585f050
84	Express Entry Application As	wagtail.edit	{}	2026-04-19 19:56:32.299335+00	t	f	45	8	9	1	dce92761-1262-44c5-812b-be7f2585f050
85	Express Entry Application Assistance	wagtail.edit	{}	2026-04-19 19:56:35.295668+00	t	f	45	8	9	1	bb8e020c-0bc7-4ea6-a88e-baab8ea7fbc2
86	Express Entry Application Assistance	wagtail.edit	{}	2026-04-19 19:56:38.27696+00	t	f	45	8	9	1	387e59f9-395e-4f44-9bed-5cc88829f4f0
87	Express Entry Application Assistance	wagtail.edit	{}	2026-04-19 19:56:42.29111+00	t	f	45	8	9	1	9748ac59-1751-44a5-ac17-86f41fa06ab0
88	Express Entry Application Assistance	wagtail.edit	{}	2026-04-19 19:56:44.778741+00	t	f	45	8	9	1	66a99033-d0af-4bab-a51f-528057a08d69
89	Express Entry Application Assistance	wagtail.edit	{}	2026-04-19 19:56:50.287261+00	t	f	45	8	9	1	a444ee85-e451-473c-bb40-5c1f3ff2c3e8
90	Express Entry Application Assistance	wagtail.edit	{}	2026-04-19 19:56:54.807745+00	t	f	45	8	10	1	3cbfb61e-9c20-4ade-add3-72a251e06244
91	Our First Blog	wagtail.create	{}	2026-04-19 20:12:51.110334+00	t	f	48	9	\N	1	5cd320ae-9610-40c9-8437-75399f485b31
92	Our First Blog	wagtail.edit	{}	2026-04-19 20:12:51.159041+00	t	f	48	9	11	1	5cd320ae-9610-40c9-8437-75399f485b31
93	Our First Blog	wagtail.edit	{}	2026-04-19 20:13:15.103378+00	t	f	48	9	11	1	d471ae61-eb18-4ac0-8d78-29f50e0d03b6
94	Our First Blog	wagtail.edit	{}	2026-04-19 20:13:17.591241+00	t	f	48	9	11	1	b4aa45fb-61bd-4b3e-a4b9-9ab7ddf60234
95	Our First Blog	wagtail.edit	{}	2026-04-19 20:13:19.595998+00	t	f	48	9	11	1	39c5719f-1498-4ad5-b996-0fc6dc87e7eb
96	Our First Blog	wagtail.edit	{}	2026-04-19 20:13:27.091008+00	t	f	48	9	11	1	90ef10a3-a82a-42be-a1fc-a313de85c907
97	Our First Blog	wagtail.edit	{}	2026-04-19 20:13:29.591481+00	t	f	48	9	11	1	68f442b1-d654-4a47-a116-8ed4d0445dc5
98	Our First Blog	wagtail.edit	{}	2026-04-19 20:13:31.581922+00	t	f	48	9	11	1	6eb5edfe-dc22-4dee-9326-01537873ad11
99	Our First Blog	wagtail.edit	{}	2026-04-19 20:13:33.112125+00	t	f	48	9	12	1	2b068dd2-0da1-4e44-94ff-049b6fa85654
100	Services	wagtail.edit	{}	2026-04-19 20:40:30.493357+00	t	f	46	4	13	1	5d131ad4-c827-4866-88bd-95facb859043
101	Services	wagtail.edit	{}	2026-04-19 20:40:35.300054+00	t	f	46	4	14	1	06ec4445-7abb-43b8-926e-0a18d2c4eb3a
102	Contact	wagtail.edit	{}	2026-04-19 20:41:01.425068+00	t	f	49	6	15	1	84ee1380-c342-4594-b3ae-031817e1ee66
103	Contact	wagtail.edit	{}	2026-04-19 20:41:03.779355+00	t	f	49	6	16	1	85ddcbef-0d26-4566-9758-cd5cde7a3903
104	Services	wagtail.edit	{}	2026-04-19 20:55:47.925557+00	t	f	46	4	17	1	cbfa6760-a6d0-4d06-84a4-b5ffb6cc4ed1
105	Services	wagtail.edit	{}	2026-04-19 21:03:11.792182+00	t	f	46	4	18	1	9f7a87e9-bd4f-49d3-a69c-6cab2ffb18c2
106	Services	wagtail.publish	{}	2026-04-19 21:03:11.850778+00	f	f	46	4	18	1	9f7a87e9-bd4f-49d3-a69c-6cab2ffb18c2
107	Contact	wagtail.edit	{}	2026-04-19 21:03:41.328246+00	t	f	49	6	19	1	874f1f6d-c097-4ab5-a81e-9859ca0abffd
108	Contact	wagtail.publish	{}	2026-04-19 21:03:41.38599+00	f	f	49	6	19	1	874f1f6d-c097-4ab5-a81e-9859ca0abffd
109	Contact	wagtail.edit	{}	2026-04-19 21:03:55.329875+00	t	f	49	6	20	1	558fb6f6-6bd4-447b-919a-28bb392f8bf3
110	Contact	wagtail.publish	{}	2026-04-19 21:03:55.39497+00	f	f	49	6	20	1	558fb6f6-6bd4-447b-919a-28bb392f8bf3
111	Immigration News and Blogs	wagtail.edit	{}	2026-04-19 21:09:44.432287+00	t	f	47	5	21	1	44dbf4dc-7ae2-42aa-a577-c4446ba3bcd8
112	Immigration News and Blogs	wagtail.publish	{}	2026-04-19 21:09:44.496073+00	f	f	47	5	21	1	44dbf4dc-7ae2-42aa-a577-c4446ba3bcd8
113	Immigration News and Blogs	wagtail.edit	{}	2026-04-19 21:10:07.043679+00	t	f	47	5	22	1	abe677b4-4e6f-490b-be12-4ccb42b2ecee
114	Immigration News and Blogs	wagtail.edit	{}	2026-04-19 21:10:10.013611+00	t	f	47	5	23	1	08f04d46-e29c-4dba-8b52-d8675913d697
115	Immigration News and Blogs	wagtail.edit	{}	2026-04-19 21:10:13.674553+00	t	f	47	5	24	1	0ad1a700-1581-4c02-8d5c-f0a219300aa7
116	Immigration News and Blogs	wagtail.publish	{}	2026-04-19 21:10:13.74401+00	f	f	47	5	24	1	0ad1a700-1581-4c02-8d5c-f0a219300aa7
117	Contact	wagtail.edit	{}	2026-04-19 21:11:26.858027+00	t	f	49	6	25	1	1432d977-eba1-43e1-b5cb-9aebd432fc1d
118	Contact Us	wagtail.edit	{}	2026-04-19 21:11:28.231873+00	t	f	49	6	26	1	afb97a69-c472-4688-9121-25de925ae678
119	Contact Us	wagtail.edit	{}	2026-04-19 21:11:30.881469+00	t	f	49	6	27	1	1402833a-2298-4774-92ce-46137362b21c
120	Contact Us	wagtail.rename	{"title": {"new": "Contact Us", "old": "Contact"}}	2026-04-19 21:11:30.960926+00	f	f	49	6	27	1	1402833a-2298-4774-92ce-46137362b21c
121	Contact Us	wagtail.publish	{"title": {"new": "Contact Us", "old": "Contact"}}	2026-04-19 21:11:30.96443+00	f	f	49	6	27	1	1402833a-2298-4774-92ce-46137362b21c
122	Services	wagtail.edit	{}	2026-04-19 21:11:42.405729+00	t	f	46	4	28	1	55d266c1-9e67-4d3c-ba9a-bf85b5bfcff2
123	Our ImmiServices	wagtail.edit	{}	2026-04-19 21:11:46.422538+00	t	f	46	4	28	1	ce519cf3-bf52-4ac4-bfc6-2ae9820f24ec
124	Our Services	wagtail.edit	{}	2026-04-19 21:11:48.91051+00	t	f	46	4	28	1	35fdaacb-2505-46ae-9939-cdf864b3ca2d
125	Our Services	wagtail.edit	{}	2026-04-19 21:11:49.829172+00	t	f	46	4	29	1	1f21cc2f-f23b-47f9-982c-0016392d73ae
126	Our Services	wagtail.edit	{}	2026-04-19 21:11:52.113051+00	t	f	46	4	30	1	c7ee374c-992f-4914-bc80-e78267e839da
127	Our Services	wagtail.rename	{"title": {"new": "Our Services", "old": "Services"}}	2026-04-19 21:11:52.190107+00	f	f	46	4	30	1	c7ee374c-992f-4914-bc80-e78267e839da
128	Our Services	wagtail.publish	{"title": {"new": "Our Services", "old": "Services"}}	2026-04-19 21:11:52.194788+00	f	f	46	4	30	1	c7ee374c-992f-4914-bc80-e78267e839da
129	Express Entry Application Assistance	wagtail.edit	{}	2026-04-19 21:16:58.727929+00	t	f	45	8	31	1	f601ca11-e539-44b1-83d3-99138f4d5a9b
130	Express Entry Application Assistance	wagtail.publish	{}	2026-04-19 21:16:58.787723+00	f	f	45	8	31	1	f601ca11-e539-44b1-83d3-99138f4d5a9b
131	NBPNP Application Assistance	wagtail.edit	{}	2026-04-19 21:17:04.381142+00	t	f	45	7	32	1	459d914a-b655-4d47-9c7f-ef71eca6da48
132	NBPNP Application Assistance	wagtail.publish	{}	2026-04-19 21:17:04.443473+00	f	f	45	7	32	1	459d914a-b655-4d47-9c7f-ef71eca6da48
133	Our First Blog	wagtail.edit	{}	2026-04-19 21:24:22.889868+00	t	f	48	9	33	1	a62557cb-4c34-4d8a-95cd-e11340e69583
134	Our First Blog	wagtail.edit	{}	2026-04-19 21:24:25.763219+00	t	f	48	9	34	1	0398cf87-238f-4058-8881-6af762d65710
135	Our First Blog	wagtail.publish	{}	2026-04-19 21:24:25.825529+00	f	f	48	9	34	1	0398cf87-238f-4058-8881-6af762d65710
136	Contact Us	wagtail.edit	{}	2026-04-19 21:24:35.7737+00	t	f	49	6	35	1	fa47a441-ac09-4052-a56f-b892e0bb3de8
137	Contact Us	wagtail.edit	{}	2026-04-19 21:24:39.132012+00	t	f	49	6	36	1	13197983-5d5d-418c-8516-386bba0b10cd
138	Contact Us	wagtail.publish	{}	2026-04-19 21:24:39.195614+00	f	f	49	6	36	1	13197983-5d5d-418c-8516-386bba0b10cd
139	Our Services	wagtail.edit	{}	2026-04-19 21:24:47.366327+00	t	f	46	4	37	1	05ca078e-7a5d-41b5-9954-421945060c3a
140	Our Services	wagtail.edit	{}	2026-04-19 21:24:49.658802+00	t	f	46	4	38	1	1e64141c-2248-40f1-b8ed-719e45a2af45
141	Our Services	wagtail.publish	{}	2026-04-19 21:24:49.724943+00	f	f	46	4	38	1	1e64141c-2248-40f1-b8ed-719e45a2af45
142	Our First Blog	wagtail.edit	{}	2026-04-19 21:26:55.89474+00	t	f	48	9	39	1	7e556afe-de95-4d4c-9ef1-ee5e6c736137
143	Our First Blog	wagtail.edit	{}	2026-04-19 21:26:58.480259+00	t	f	48	9	40	1	8ec617ae-a013-4246-8e73-eb6a7e956ded
144	Our First Blog	wagtail.publish	{}	2026-04-19 21:26:58.545975+00	f	f	48	9	40	1	8ec617ae-a013-4246-8e73-eb6a7e956ded
146	About Us	wagtail.create	{}	2026-04-21 11:01:22.820416+00	t	f	52	10	\N	1	6c1679f1-0d6a-40e9-b1fa-02299cf313d9
147	About Us	wagtail.edit	{}	2026-04-21 11:01:22.870659+00	t	f	52	10	41	1	6c1679f1-0d6a-40e9-b1fa-02299cf313d9
148	About Us	wagtail.edit	{}	2026-04-21 11:01:28.67389+00	t	f	52	10	41	1	768613e2-bf60-4c83-96a9-eb365380942b
149	About Us	wagtail.edit	{}	2026-04-21 11:01:30.671094+00	t	f	52	10	41	1	e1340830-9350-4f99-87b7-a0e479e8e541
150	About Us	wagtail.edit	{}	2026-04-21 11:01:34.169379+00	t	f	52	10	41	1	b92a5239-6897-4b35-b88a-282a42976ac8
151	About Us	wagtail.edit	{}	2026-04-21 11:01:35.65884+00	t	f	52	10	41	1	721017db-bf50-460b-9b04-72c4d34626e5
152	About Us	wagtail.edit	{}	2026-04-21 11:01:37.653863+00	t	f	52	10	41	1	817fa0be-9cf9-43f4-a8a3-cf6532fc5840
153	About Us	wagtail.edit	{}	2026-04-21 11:01:40.669604+00	t	f	52	10	41	1	e0bf3443-c73a-440f-9ef8-124f509029e7
154	About Us	wagtail.edit	{}	2026-04-21 11:01:43.160106+00	t	f	52	10	41	1	0e168bd5-8133-4b2f-9e96-6b264b5a54fa
155	About Us	wagtail.edit	{}	2026-04-21 11:01:49.657747+00	t	f	52	10	41	1	7dfb5388-52ab-4d81-b22b-0d64553e727c
156	About Us	wagtail.edit	{}	2026-04-21 11:01:51.177264+00	t	f	52	10	41	1	a5a39bda-7291-4dc9-acd9-d8b85a161218
157	About Us	wagtail.edit	{}	2026-04-21 11:01:54.169291+00	t	f	52	10	41	1	6f1f9fcc-fc35-4111-a710-139ebc6701b4
158	About Us	wagtail.edit	{}	2026-04-21 11:01:59.656969+00	t	f	52	10	41	1	4cd8af25-ae81-4492-b0e6-af758466049e
159	About Us	wagtail.edit	{}	2026-04-21 11:02:03.176734+00	t	f	52	10	41	1	0e3ccebb-7622-4efd-8770-a68683c6f64a
160	About Us	wagtail.edit	{}	2026-04-21 11:02:10.160749+00	t	f	52	10	41	1	f44085db-7fbb-48ea-9dd2-0a9055fe2d5c
161	About Us	wagtail.edit	{}	2026-04-21 11:02:13.652761+00	t	f	52	10	41	1	ee460f80-d27e-44a5-b46d-b80445953969
162	About Us	wagtail.edit	{}	2026-04-21 11:02:18.170754+00	t	f	52	10	41	1	6b917dd2-c410-4837-935f-69ffbb59f6ac
163	About Us	wagtail.edit	{}	2026-04-21 11:02:35.678005+00	t	f	52	10	41	1	9054191a-d5e2-4e1a-bc48-493f3d184f8b
164	About Us	wagtail.edit	{}	2026-04-21 11:02:37.674049+00	t	f	52	10	41	1	0f6c9d02-c7e9-4c34-9824-fbfff1312973
165	About Us	wagtail.edit	{}	2026-04-21 11:02:39.669346+00	t	f	52	10	41	1	089b063a-e74b-4a2e-8757-a3377d55e6a2
166	About Us	wagtail.edit	{}	2026-04-21 11:02:57.734847+00	t	f	52	10	41	1	299d7c74-e34e-41e8-8ca7-407d62d3fb70
167	About Us	wagtail.edit	{}	2026-04-21 11:03:09.268662+00	t	f	52	10	42	1	863a5ddc-7ad9-472b-a9f7-8f6d9da49587
168	About Us	wagtail.edit	{}	2026-04-21 11:03:16.175402+00	t	f	52	10	43	1	330d8ff1-bfa2-40c3-bda3-e77b89d69e4b
169	About Us	wagtail.publish	{}	2026-04-21 11:03:16.237198+00	f	f	52	10	43	1	330d8ff1-bfa2-40c3-bda3-e77b89d69e4b
170	About Us	wagtail.edit	{}	2026-04-21 11:04:04.007071+00	t	f	52	10	44	1	9b879926-89fd-4ec8-a723-7137f59de8d6
171	About Us	wagtail.edit	{}	2026-04-21 11:04:14.090879+00	t	f	52	10	44	1	bdbace9e-e8dd-4fa3-840c-e2fd0d92ea28
172	About Us	wagtail.edit	{}	2026-04-21 11:04:16.529977+00	t	f	52	10	44	1	906c3e7e-107e-4f3a-a6d5-92d5673e0dbf
173	About Us	wagtail.edit	{}	2026-04-21 11:04:36.534602+00	t	f	52	10	44	1	a144deab-1d8a-4c1f-a3be-80019a72e14b
174	About Us	wagtail.edit	{}	2026-04-21 11:04:36.774227+00	t	f	52	10	45	1	cdf9f4bb-4c26-403c-88c8-77f8cf1d0556
175	About Us	wagtail.edit	{}	2026-04-21 11:24:50.401537+00	t	f	52	10	46	1	2e66638e-29eb-49a2-b9f8-602ad63ab802
176	About Us	wagtail.edit	{}	2026-04-21 11:25:05.603932+00	t	f	52	10	47	1	f34cd10c-566a-49ac-825d-943eaa2e0319
177	About Us	wagtail.publish	{}	2026-04-21 11:25:05.674957+00	f	f	52	10	47	1	f34cd10c-566a-49ac-825d-943eaa2e0319
178	Inquiry	wagtail.create	{}	2026-04-21 22:29:10.022202+00	t	f	53	11	\N	1	f2689254-7c9f-424e-8116-8975adccf857
179	Inquiry	wagtail.edit	{}	2026-04-21 22:29:10.130062+00	t	f	53	11	48	1	f2689254-7c9f-424e-8116-8975adccf857
180	Inquiry	wagtail.edit	{}	2026-04-21 22:29:23.495096+00	t	f	53	11	48	1	8b62523b-4e9a-46ac-8e0b-3fbc48fa5544
181	Inquiry	wagtail.edit	{}	2026-04-21 22:29:25.500513+00	t	f	53	11	48	1	5bed77eb-8931-4165-b320-0a016af3a958
182	Inquiry	wagtail.edit	{}	2026-04-21 22:29:27.493005+00	t	f	53	11	48	1	022499f0-6b8d-4cd8-83b8-7422fa0d50d5
183	Inquiry	wagtail.edit	{}	2026-04-21 22:29:29.501301+00	t	f	53	11	48	1	962d2b4d-60dd-4288-9f3c-ee04c760e007
184	Inquiry	wagtail.edit	{}	2026-04-21 22:29:32.00523+00	t	f	53	11	48	1	58754044-6137-43f7-b987-f6a9f044b6dc
185	Inquiry	wagtail.edit	{}	2026-04-21 22:29:37.503944+00	t	f	53	11	48	1	0ba68a83-f6eb-4abf-8dba-ac0e559352ec
186	Inquiry	wagtail.edit	{}	2026-04-21 22:29:38.999129+00	t	f	53	11	48	1	4285240c-1aa6-4bf6-a661-022b06d07036
187	Inquiry	wagtail.edit	{}	2026-04-21 22:29:41.513963+00	t	f	53	11	48	1	ea28a76a-a4d2-4dfb-ba74-721678b80ed8
188	Inquiry	wagtail.edit	{}	2026-04-21 22:29:43.505095+00	t	f	53	11	48	1	19d172e8-94e5-4161-8fca-4658e75d5934
189	Inquiry	wagtail.edit	{}	2026-04-21 22:29:46.987885+00	t	f	53	11	48	1	f8e7c200-bb04-4acc-a0c1-caaa2116b0c8
190	Inquiry	wagtail.edit	{}	2026-04-21 22:29:53.008273+00	t	f	53	11	48	1	15e9ee89-e7fa-4beb-aed6-5466dc94720a
191	Inquiry	wagtail.edit	{}	2026-04-21 22:29:54.483833+00	t	f	53	11	48	1	90f519d5-753b-4816-a55c-a8c93facb093
192	Inquiry	wagtail.edit	{}	2026-04-21 22:29:56.00175+00	t	f	53	11	48	1	9643c8d6-0afe-4328-90f7-5dd107d3326f
193	Inquiry	wagtail.edit	{}	2026-04-21 22:29:59.982986+00	t	f	53	11	48	1	15e50390-d354-4e6c-9d39-176703ccab84
194	Inquiry	wagtail.edit	{}	2026-04-21 22:30:02.515368+00	t	f	53	11	48	1	414bc06e-0282-4b9d-86fa-803818b4b357
195	Inquiry	wagtail.edit	{}	2026-04-21 22:30:04.490586+00	t	f	53	11	48	1	ee5941bf-a843-4429-a9e0-ced8322af894
196	Inquiry	wagtail.edit	{}	2026-04-21 22:30:06.522354+00	t	f	53	11	48	1	3cdd42ee-35fa-403a-836a-953944b90df1
197	Inquiry	wagtail.edit	{}	2026-04-21 22:30:12.56295+00	t	f	53	11	48	1	a53fd865-e0b7-4f07-997e-49709e67f3ac
198	Inquiry	wagtail.edit	{}	2026-04-21 22:30:40.346823+00	t	f	53	11	49	1	b72444d1-2d2a-4808-a880-90d2905ea146
199	Inquiry	wagtail.edit	{}	2026-04-21 22:30:47.364936+00	t	f	53	11	50	1	0605be8d-0eac-4eec-8838-4068820daa4e
200	Inquiry	wagtail.publish	{}	2026-04-21 22:30:47.422357+00	f	f	53	11	50	1	0605be8d-0eac-4eec-8838-4068820daa4e
201	Inquiry	wagtail.edit	{}	2026-04-21 22:31:24.365587+00	t	f	53	11	51	1	87f312b4-810e-4017-8305-b01cbc470574
202	Inquiry	wagtail.edit	{}	2026-04-21 22:31:26.372978+00	t	f	53	11	51	1	151ca53e-f9fc-49b4-8a21-c254210b7180
203	Inquiry	wagtail.edit	{}	2026-04-21 22:31:27.869263+00	t	f	53	11	51	1	a3ccb292-71db-4bca-a9cb-c5408201600b
204	Inquiry	wagtail.edit	{}	2026-04-21 22:31:36.004651+00	t	f	53	11	52	1	e2b9cea5-1466-4ed1-922d-e63fae487308
205	Inquiry	wagtail.edit	{}	2026-04-21 22:31:51.387916+00	t	f	53	11	53	1	572c868c-31b0-4e84-9eb7-4d8fd38d62fa
206	Inquiry	wagtail.publish	{}	2026-04-21 22:31:51.45503+00	f	f	53	11	53	1	572c868c-31b0-4e84-9eb7-4d8fd38d62fa
207	Inquiry	wagtail.edit	{}	2026-04-22 12:08:04.826937+00	t	f	53	11	54	1	847d4924-e80b-4012-8ff4-bbaab84f7b88
208	Inquiry	wagtail.edit	{}	2026-04-22 12:08:11.167248+00	t	f	53	11	55	1	07301437-c005-4958-800e-e00c7aa32cfb
209	Inquiry	wagtail.edit	{}	2026-04-22 12:08:17.649443+00	t	f	53	11	56	1	8b1692c6-b3d3-4705-96cb-77ff07561b73
210	Inquiry	wagtail.publish	{}	2026-04-22 12:08:17.713876+00	f	f	53	11	56	1	8b1692c6-b3d3-4705-96cb-77ff07561b73
211	NBPNP Application Assistance	wagtail.edit	{}	2026-05-02 22:36:03.081931+00	t	f	45	7	57	1	9197fc7e-8bad-4061-a965-267ab26999f8
212	NBPNP Application Assistance	wagtail.edit	{}	2026-05-02 22:36:04.910532+00	t	f	45	7	58	1	177ccc9e-b4bf-4f9a-acc0-efd61edde1d2
213	NBPNP Application Assistance	wagtail.edit	{}	2026-05-02 22:36:09.590689+00	t	f	45	7	59	1	ce5273bf-2da4-46c6-bd81-2f32f07589bb
214	NBPNP Application Assistance	wagtail.publish	{}	2026-05-02 22:36:09.665061+00	f	f	45	7	59	1	ce5273bf-2da4-46c6-bd81-2f32f07589bb
215	Express Entry Application Assistance	wagtail.edit	{}	2026-05-02 22:36:15.601392+00	t	f	45	8	60	1	5f7bf034-1bd7-4b92-a9c4-67dfcb137cba
216	Express Entry Application Assistance	wagtail.edit	{}	2026-05-02 22:36:15.875052+00	t	f	45	8	61	1	e64954a9-7258-4ab8-b84f-5b967a6145d2
217	Express Entry Application Assistance	wagtail.edit	{}	2026-05-02 22:36:18.662742+00	t	f	45	8	62	1	a8001304-a9d3-455b-aac9-f7a349c4b535
218	Express Entry Application Assistance	wagtail.publish	{}	2026-05-02 22:36:18.728143+00	f	f	45	8	62	1	a8001304-a9d3-455b-aac9-f7a349c4b535
219	Home	wagtail.create	{}	2026-05-03 16:34:39.800236+00	t	f	2	12	\N	1	38368a86-6eda-4bd9-8028-a22048c9ca35
220	Home	wagtail.copy_for_translation	{"page": {"id": 12, "title": "Home", "locale": {"id": 2, "language_code": "zh-hans"}}, "source": {"id": 1, "title": "Root"}, "keep_live": false, "destination": {"id": 1, "title": "Root"}, "source_locale": {"id": 1, "language_code": "en"}}	2026-05-03 16:34:39.812842+00	f	f	2	12	\N	1	38368a86-6eda-4bd9-8028-a22048c9ca35
221	Home	wagtail.publish	{}	2026-05-03 16:34:40.035321+00	t	f	2	12	64	1	38368a86-6eda-4bd9-8028-a22048c9ca35
223	Home	wagtail.delete	{}	2026-05-03 16:58:05.814033+00	f	t	2	12	\N	1	93bace9d-a9ac-4eb7-8633-c19eba900078
224	首页	wagtail.create	{}	2026-05-03 16:59:25.966804+00	t	f	2	13	\N	1	59a48707-83d6-44f4-ae64-99db6eab2a04
225	首页	wagtail.edit	{}	2026-05-03 16:59:25.998422+00	t	f	2	13	65	1	59a48707-83d6-44f4-ae64-99db6eab2a04
226	首页	wagtail.edit	{}	2026-05-03 16:59:36.203959+00	t	f	2	13	66	1	0753c04c-6c1a-4a58-813a-e2b5bbaa4a59
227	首页	wagtail.edit	{}	2026-05-03 17:01:13.321224+00	t	f	2	13	67	1	caa2b528-7b73-4e76-b556-8030e4b7683c
228	首页	wagtail.publish	{}	2026-05-03 17:01:13.386271+00	f	f	2	13	67	1	caa2b528-7b73-4e76-b556-8030e4b7683c
229	首页	wagtail.delete	{}	2026-05-03 17:02:46.682241+00	f	t	2	13	\N	\N	\N
230	首页	wagtail.create	{}	2026-05-03 17:03:54.093171+00	t	f	2	14	\N	1	55c6461d-ce46-4d5d-b35d-52d56d698cfd
231	首页	wagtail.edit	{}	2026-05-03 17:03:54.122903+00	t	f	2	14	68	1	55c6461d-ce46-4d5d-b35d-52d56d698cfd
232	首页	wagtail.edit	{}	2026-05-03 17:03:58.637477+00	t	f	2	14	69	1	390bf886-7bb0-4027-81f8-e17d9cb18935
233	首页	wagtail.publish	{}	2026-05-03 17:03:58.703539+00	f	f	2	14	69	1	390bf886-7bb0-4027-81f8-e17d9cb18935
234	Home	wagtail.edit	{}	2026-05-03 17:15:16.498644+00	t	f	2	3	70	1	5c60efbe-52b1-4bc7-9516-46b3963290e3
235	Home	wagtail.edit	{}	2026-05-03 17:15:19.570619+00	t	f	2	3	71	1	ed03481b-4f45-4cd3-9e80-42ec87215357
236	Home	wagtail.edit	{}	2026-05-03 17:15:26.67203+00	t	f	2	3	72	1	367c8834-d1e2-46ca-8642-2f7d3f4492f0
237	Home	wagtail.edit	{}	2026-05-03 17:15:30.670382+00	t	f	2	3	72	1	f6bf7371-944e-417e-844d-857227e9d608
238	Home	wagtail.edit	{}	2026-05-03 17:15:37.166631+00	t	f	2	3	72	1	3bd35ed2-7a8d-4b59-928d-8a406460661d
239	Home	wagtail.edit	{}	2026-05-03 17:15:42.796006+00	t	f	2	3	73	1	4557fc02-0247-46b8-87e7-5e060400b76f
240	Home	wagtail.edit	{}	2026-05-03 17:15:49.829322+00	t	f	2	3	74	1	005753c5-29b2-4021-bf0c-1c4787125a5d
241	Home	wagtail.publish	{}	2026-05-03 17:15:49.892946+00	f	f	2	3	74	1	005753c5-29b2-4021-bf0c-1c4787125a5d
242	Home	wagtail.edit	{}	2026-05-03 17:17:44.224575+00	t	f	2	3	75	1	9dce6ac0-5af6-4594-8c19-756ab5ddeb09
243	Home	wagtail.edit	{}	2026-05-03 17:17:48.742219+00	t	f	2	3	75	1	f06e0c01-6b4c-4c43-b470-8eba5f3c125c
244	Home	wagtail.edit	{}	2026-05-03 17:19:06.248102+00	t	f	2	3	75	1	2be1bd38-9435-4c9e-9b0c-9c7dafb6c477
245	Home	wagtail.edit	{}	2026-05-03 17:19:07.754666+00	t	f	2	3	75	1	7ece1902-7ae0-4e5b-b66d-c5ac9be86dfa
246	Home	wagtail.edit	{}	2026-05-03 17:19:13.229695+00	t	f	2	3	75	1	80ff5797-6f45-4e06-9ce7-e8b6f6b9a066
247	Home	wagtail.edit	{}	2026-05-03 17:19:38.732955+00	t	f	2	3	75	1	555d5b96-901a-43a1-bee3-94c7da13e7d7
248	Home	wagtail.edit	{}	2026-05-03 17:19:42.232059+00	t	f	2	3	75	1	08f2c36a-65c1-49bb-a4d8-77b42b4a2aab
249	Home	wagtail.edit	{}	2026-05-03 17:20:41.732147+00	t	f	2	3	75	1	80043ea9-9cc2-4ce9-b685-e46e8e3fad40
250	Home	wagtail.edit	{}	2026-05-03 17:20:55.750393+00	t	f	2	3	75	1	9308b909-1654-4e90-9c6e-0639cd8797ab
251	Home	wagtail.edit	{}	2026-05-03 17:20:57.731624+00	t	f	2	3	75	1	e79a3d59-c627-4201-aac5-7a895516b61f
252	Home	wagtail.edit	{}	2026-05-03 17:21:00.394669+00	t	f	2	3	76	1	316fd015-ffa7-40ce-b859-2b853b9c2a71
253	Home	wagtail.edit	{}	2026-05-03 17:21:06.205243+00	t	f	2	3	77	1	a0650091-e24a-4dee-9730-512a5007ea76
254	Home	wagtail.publish	{}	2026-05-03 17:21:06.381681+00	f	f	2	3	77	1	a0650091-e24a-4dee-9730-512a5007ea76
255	Home	wagtail.edit	{}	2026-05-03 17:29:42.128133+00	t	f	2	3	78	1	37da5283-166c-48b8-84c0-274a4192e329
256	Home	wagtail.edit	{}	2026-05-03 17:29:44.153638+00	t	f	2	3	78	1	1ff051bb-a304-4c63-81ec-f6462e0fb791
257	Home	wagtail.edit	{}	2026-05-03 17:29:46.63144+00	t	f	2	3	78	1	57df7ae0-508a-4315-8e54-312ea33983b1
258	Home	wagtail.edit	{}	2026-05-03 17:29:50.633117+00	t	f	2	3	78	1	47948eff-5c4e-409c-b2d1-7167a4c24b04
259	Home	wagtail.edit	{}	2026-05-03 17:29:53.11227+00	t	f	2	3	78	1	cd0cd017-bb05-45e0-830d-523006d2c9e3
260	Home	wagtail.edit	{}	2026-05-03 17:29:57.636603+00	t	f	2	3	78	1	25958fda-6fdb-411e-9e3e-d42922eaf4eb
261	Home	wagtail.edit	{}	2026-05-03 17:29:59.118422+00	t	f	2	3	78	1	519c7786-36d9-42f6-8794-11b9a4caea0c
262	Home	wagtail.edit	{}	2026-05-03 17:30:00.645804+00	t	f	2	3	78	1	54306d30-c153-4e6e-bae6-70db56f5f801
263	Home	wagtail.edit	{}	2026-05-03 17:31:17.632559+00	t	f	2	3	78	1	9b3d7b73-ec3e-4268-9bc8-152e0327aafa
264	Home	wagtail.edit	{}	2026-05-03 17:31:24.135138+00	t	f	2	3	78	1	ac64194c-756b-497b-84e2-fe7340cb4454
265	Home	wagtail.edit	{}	2026-05-03 17:31:27.129927+00	t	f	2	3	78	1	09c59d24-864f-48d6-8382-8664de38fdd9
266	Home	wagtail.edit	{}	2026-05-03 17:32:43.134939+00	t	f	2	3	78	1	39769d00-dcaa-4435-8bbd-36507f623546
267	Home	wagtail.edit	{}	2026-05-03 17:32:45.651301+00	t	f	2	3	78	1	6e4f42b6-6409-44fb-b2e0-758c9b170046
268	Home	wagtail.edit	{}	2026-05-03 17:32:52.140274+00	t	f	2	3	78	1	3388d6d7-ebc4-47e0-91cc-ffd44082a7bf
269	Home	wagtail.edit	{}	2026-05-03 17:32:58.162647+00	t	f	2	3	78	1	3f9f99c3-b885-46d0-97e7-2be926ab46c2
270	Home	wagtail.edit	{}	2026-05-03 17:33:29.630987+00	t	f	2	3	78	1	32a8a1e3-9d2b-4153-85b9-f8f9c62e3c20
271	Home	wagtail.edit	{}	2026-05-03 17:33:32.127886+00	t	f	2	3	78	1	6fa1b3f7-24d1-4be0-bd59-898471c5bad2
272	Home	wagtail.edit	{}	2026-05-03 17:33:34.648726+00	t	f	2	3	78	1	d017aa38-63fb-47c3-a126-9c9fa1c5f832
273	Home	wagtail.edit	{}	2026-05-03 17:33:41.630372+00	t	f	2	3	78	1	63e73524-65f5-443f-b5aa-691bcda8beb8
274	Home	wagtail.edit	{}	2026-05-03 17:33:45.153434+00	t	f	2	3	78	1	ff62815d-e502-4222-ba56-e218d61e84f3
275	Home	wagtail.edit	{}	2026-05-03 17:33:46.90765+00	t	f	2	3	79	1	b83e6258-523f-4b14-8b72-8b0c645e9a42
276	Home	wagtail.edit	{}	2026-05-03 17:33:49.865468+00	t	f	2	3	80	1	40adde03-5c80-4c1d-9035-2b4bd810690b
277	Home	wagtail.publish	{}	2026-05-03 17:33:49.931542+00	f	f	2	3	80	1	40adde03-5c80-4c1d-9035-2b4bd810690b
278	首页	wagtail.edit	{}	2026-05-03 18:01:40.561111+00	t	f	2	14	81	1	a1fcf368-0ca5-438f-a5e2-f21ae1c1f188
279	首页	wagtail.edit	{}	2026-05-03 18:01:46.58269+00	t	f	2	14	81	1	5a078fdf-6bde-4704-b6d6-59b9ee818d19
280	首页	wagtail.edit	{}	2026-05-03 18:01:53.600395+00	t	f	2	14	81	1	c11650ac-10ed-471d-a47d-174fae13b4e2
281	首页	wagtail.edit	{}	2026-05-03 18:03:55.898406+00	t	f	2	14	82	1	23703e12-a4c5-4940-8252-bc21de99cb2e
282	首页	wagtail.edit	{}	2026-05-03 18:04:02.52602+00	t	f	2	14	82	1	0f5b21fd-0d34-4935-abaf-f1cf49619919
283	首页	wagtail.edit	{}	2026-05-03 18:04:10.908235+00	t	f	2	14	82	1	53f6f372-5e44-4d8e-ae05-3496abf26a07
284	首页	wagtail.edit	{}	2026-05-03 18:04:11.353504+00	t	f	2	14	83	1	3def8eb7-d86c-4bbd-a4a7-01ec63c982ae
285	首页	wagtail.edit	{}	2026-05-03 18:04:14.536747+00	t	f	2	14	84	1	2ee7cbb4-53ab-4732-95e0-89e40cdef095
286	首页	wagtail.publish	{}	2026-05-03 18:04:14.604174+00	f	f	2	14	84	1	2ee7cbb4-53ab-4732-95e0-89e40cdef095
287	首页	wagtail.edit	{}	2026-05-03 18:12:20.804644+00	t	f	2	14	85	1	0af94d0e-179b-4c8c-9ad4-86abaa006059
288	zh	wagtail.edit	{}	2026-05-03 18:12:23.639009+00	t	f	2	14	86	1	2d19cfaf-573a-42a5-95a8-49ad7978ec2f
289	zh	wagtail.edit	{}	2026-05-03 18:12:27.193271+00	t	f	2	14	87	1	b5c93de9-4002-43cc-b0d4-62e4c655d385
290	zh	wagtail.rename	{"title": {"new": "zh", "old": "首页"}}	2026-05-03 18:12:27.260482+00	f	f	2	14	87	1	b5c93de9-4002-43cc-b0d4-62e4c655d385
291	zh	wagtail.publish	{"title": {"new": "zh", "old": "首页"}}	2026-05-03 18:12:27.266+00	f	f	2	14	87	1	b5c93de9-4002-43cc-b0d4-62e4c655d385
292	zh	wagtail.edit	{}	2026-05-03 18:14:36.721057+00	t	f	2	14	88	1	cf2c391f-d87c-45fc-b228-d3456f32c271
293	zh	wagtail.edit	{}	2026-05-03 18:14:40.738625+00	t	f	2	14	88	1	2618ccab-fd1f-4899-adc4-c7ca3c57f89e
294	zh	wagtail.edit	{}	2026-05-03 18:14:45.230469+00	t	f	2	14	88	1	c643453d-ebd5-4559-a283-8684c6e43669
295	zh	wagtail.edit	{}	2026-05-03 18:14:51.93163+00	t	f	2	14	89	1	3633065a-b887-4c46-906e-57be89fba735
296	首页	wagtail.edit	{}	2026-05-03 18:15:00.979984+00	t	f	2	14	90	1	036ed8e2-ef9c-4216-b3b1-24cc00d4eb2f
297	首页	wagtail.edit	{}	2026-05-03 18:15:03.7794+00	t	f	2	14	91	1	89647aee-e56a-4315-aa30-ab072581f86f
298	首页	wagtail.edit	{}	2026-05-03 18:15:07.122391+00	t	f	2	14	92	1	2acd06f2-965d-4348-9ed7-8da063274506
299	首页	wagtail.rename	{"title": {"new": "首页", "old": "zh"}}	2026-05-03 18:15:07.389836+00	f	f	2	14	92	1	2acd06f2-965d-4348-9ed7-8da063274506
300	首页	wagtail.publish	{"title": {"new": "首页", "old": "zh"}}	2026-05-03 18:15:07.406594+00	f	f	2	14	92	1	2acd06f2-965d-4348-9ed7-8da063274506
301	Home	wagtail.create	{}	2026-05-03 18:49:32.183079+00	t	f	2	15	\N	1	4cc020aa-08e1-4fc7-8e4c-e099432c276f
302	Home	wagtail.create_alias	{"page": {"id": 15, "title": "Home"}, "source": {"id": 1, "title": "Root"}, "destination": {"id": 1, "title": "Root"}}	2026-05-03 18:49:32.187551+00	f	f	2	15	\N	1	4cc020aa-08e1-4fc7-8e4c-e099432c276f
303	Our Services	wagtail.create	{}	2026-05-03 18:49:32.217612+00	t	f	46	16	\N	1	4cc020aa-08e1-4fc7-8e4c-e099432c276f
304	Our Services	wagtail.create_alias	{"page": {"id": 16, "title": "Our Services"}, "source": {"id": 3, "title": "Home"}, "destination": {"id": 15, "title": "Home"}}	2026-05-03 18:49:32.221314+00	f	f	46	16	\N	1	4cc020aa-08e1-4fc7-8e4c-e099432c276f
305	NBPNP Application Assistance	wagtail.create	{}	2026-05-03 18:49:32.252297+00	t	f	45	17	\N	1	4cc020aa-08e1-4fc7-8e4c-e099432c276f
306	NBPNP Application Assistance	wagtail.create_alias	{"page": {"id": 17, "title": "NBPNP Application Assistance"}, "source": {"id": 4, "title": "Our Services"}, "destination": {"id": 16, "title": "Our Services"}}	2026-05-03 18:49:32.256098+00	f	f	45	17	\N	1	4cc020aa-08e1-4fc7-8e4c-e099432c276f
307	Express Entry Application Assistance	wagtail.create	{}	2026-05-03 18:49:32.287691+00	t	f	45	18	\N	1	4cc020aa-08e1-4fc7-8e4c-e099432c276f
308	Express Entry Application Assistance	wagtail.create_alias	{"page": {"id": 18, "title": "Express Entry Application Assistance"}, "source": {"id": 4, "title": "Our Services"}, "destination": {"id": 16, "title": "Our Services"}}	2026-05-03 18:49:32.291358+00	f	f	45	18	\N	1	4cc020aa-08e1-4fc7-8e4c-e099432c276f
309	Immigration News and Blogs	wagtail.create	{}	2026-05-03 18:49:32.326329+00	t	f	47	19	\N	1	4cc020aa-08e1-4fc7-8e4c-e099432c276f
310	Immigration News and Blogs	wagtail.create_alias	{"page": {"id": 19, "title": "Immigration News and Blogs"}, "source": {"id": 3, "title": "Home"}, "destination": {"id": 15, "title": "Home"}}	2026-05-03 18:49:32.329929+00	f	f	47	19	\N	1	4cc020aa-08e1-4fc7-8e4c-e099432c276f
311	Our First Blog	wagtail.create	{}	2026-05-03 18:49:32.36112+00	t	f	48	20	\N	1	4cc020aa-08e1-4fc7-8e4c-e099432c276f
312	Our First Blog	wagtail.create_alias	{"page": {"id": 20, "title": "Our First Blog"}, "source": {"id": 5, "title": "Immigration News and Blogs"}, "destination": {"id": 19, "title": "Immigration News and Blogs"}}	2026-05-03 18:49:32.364924+00	f	f	48	20	\N	1	4cc020aa-08e1-4fc7-8e4c-e099432c276f
313	About Us	wagtail.create	{}	2026-05-03 18:49:32.398661+00	t	f	52	21	\N	1	4cc020aa-08e1-4fc7-8e4c-e099432c276f
314	About Us	wagtail.create_alias	{"page": {"id": 21, "title": "About Us"}, "source": {"id": 3, "title": "Home"}, "destination": {"id": 15, "title": "Home"}}	2026-05-03 18:49:32.402364+00	f	f	52	21	\N	1	4cc020aa-08e1-4fc7-8e4c-e099432c276f
315	Inquiry	wagtail.create	{}	2026-05-03 18:49:32.478209+00	t	f	53	22	\N	1	4cc020aa-08e1-4fc7-8e4c-e099432c276f
316	Inquiry	wagtail.create_alias	{"page": {"id": 22, "title": "Inquiry"}, "source": {"id": 3, "title": "Home"}, "destination": {"id": 15, "title": "Home"}}	2026-05-03 18:49:32.482053+00	f	f	53	22	\N	1	4cc020aa-08e1-4fc7-8e4c-e099432c276f
317	首页	wagtail.create	{}	2026-05-03 18:49:32.512327+00	t	f	2	23	\N	1	4cc020aa-08e1-4fc7-8e4c-e099432c276f
318	首页	wagtail.create_alias	{"page": {"id": 23, "title": "首页"}, "source": {"id": 3, "title": "Home"}, "destination": {"id": 15, "title": "Home"}}	2026-05-03 18:49:32.515977+00	f	f	2	23	\N	1	4cc020aa-08e1-4fc7-8e4c-e099432c276f
319	首页	wagtail.convert_alias	{"page": {"id": 23, "title": "首页"}}	2026-05-03 18:51:32.693485+00	f	f	2	23	93	1	\N
320	首页	wagtail.publish	{}	2026-05-03 18:51:32.839327+00	t	f	2	23	94	1	ddafef3f-ddbf-4ea5-a2ca-51b02ca8f6b5
321	Home	wagtail.convert_alias	{"page": {"id": 15, "title": "Home"}}	2026-05-03 18:56:02.024704+00	f	f	2	15	95	1	\N
322	Home	wagtail.publish	{}	2026-05-03 18:56:03.104343+00	t	f	2	15	96	1	b57e4bdf-1d27-4e32-a99a-1b06e1e38f9b
323	Home	wagtail.publish	{}	2026-05-03 18:58:17.804671+00	t	f	2	15	97	1	b7728e6f-668d-4407-85eb-45dcb6c83373
324	首页	wagtail.edit	{}	2026-05-03 18:58:39.993755+00	t	f	2	14	98	1	de151d41-53f1-485a-bcc8-c0f5feb3ebad
325	首页	wagtail.edit	{}	2026-05-03 18:58:46.507164+00	t	f	2	14	98	1	bf975644-96c0-447c-b5ec-d31ef915250a
326	首页	wagtail.edit	{}	2026-05-03 18:58:50.845238+00	t	f	2	14	99	1	a69ec979-275a-4b9f-966a-3354cf913362
327	首页	wagtail.edit	{}	2026-05-03 18:58:54.338231+00	t	f	2	14	100	1	655f0b00-8d0c-4de0-8f84-78f8c1bce9e3
328	首页	wagtail.publish	{}	2026-05-03 18:58:54.409846+00	f	f	2	14	100	1	655f0b00-8d0c-4de0-8f84-78f8c1bce9e3
329	Inquiry	wagtail.edit	{}	2026-05-03 19:02:48.148273+00	t	f	53	11	101	1	4497d629-e5ff-4795-b73d-0f07f04246bb
330	Inquiry	wagtail.edit	{}	2026-05-03 19:02:50.109593+00	t	f	53	11	101	1	d21e6c3e-feda-47f9-9177-26793edce574
331	Inquiry	wagtail.edit	{}	2026-05-03 19:03:03.938187+00	t	f	53	11	102	1	0e4c1a64-1042-4600-b9ea-aa37592d3c23
332	Inquiry	wagtail.edit	{}	2026-05-03 19:03:07.684802+00	t	f	53	11	103	1	31bcc985-fa65-404d-a3b9-0093cff3dc64
333	Inquiry	wagtail.publish	{}	2026-05-03 19:03:07.796124+00	f	f	53	11	103	1	31bcc985-fa65-404d-a3b9-0093cff3dc64
334	About Us	wagtail.edit	{}	2026-05-03 19:04:07.450075+00	t	f	52	10	104	1	8a10e40e-e3d5-46df-93f6-61213f4ce2b4
335	About Us	wagtail.edit	{}	2026-05-03 19:04:09.426947+00	t	f	52	10	104	1	0cbffc5c-c605-48f0-a5e5-622c4d0514a4
336	About Us	wagtail.edit	{}	2026-05-03 19:04:19.983094+00	t	f	52	10	104	1	6053b959-d3f4-4bf4-a109-77f460ce0e5b
337	About Us	wagtail.edit	{}	2026-05-03 19:04:24.428332+00	t	f	52	10	104	1	33886070-109c-426c-a21d-022532d471a8
338	About Us	wagtail.edit	{}	2026-05-03 19:04:25.972365+00	t	f	52	10	105	1	4bc71052-5ae1-4913-afdf-9e5ef085476c
339	About Us	wagtail.edit	{}	2026-05-03 19:04:30.719229+00	t	f	52	10	106	1	ae4fdf64-e7f9-413f-bff6-6c7567cce9e6
340	About Us	wagtail.publish	{}	2026-05-03 19:04:30.818652+00	t	f	52	10	106	1	ae4fdf64-e7f9-413f-bff6-6c7567cce9e6
341	Our Services	wagtail.edit	{}	2026-05-03 19:05:04.87317+00	t	f	46	4	107	1	fc6fe62f-8ec3-4762-b6b1-f1af758e8af6
342	Our Services	wagtail.edit	{}	2026-05-03 19:05:07.865015+00	t	f	46	4	107	1	c639384b-5e3b-42f9-a2c5-69f5732f49f6
343	Our Services	wagtail.edit	{}	2026-05-03 19:05:10.339318+00	t	f	46	4	107	1	d4fc8dfb-6301-4a5a-a768-4eb31f0ed258
344	Our Services	wagtail.edit	{}	2026-05-03 19:05:11.833895+00	t	f	46	4	107	1	cff0d80e-6236-4947-a1a3-52c215aae76c
345	Our Services	wagtail.edit	{}	2026-05-03 19:05:16.332259+00	t	f	46	4	107	1	cd3661e9-2d36-4582-97d7-3ab599b9fa0c
346	Our Services	wagtail.edit	{}	2026-05-03 19:05:20.342409+00	t	f	46	4	107	1	5fc46981-b066-4529-85d6-0a1852bd6f16
347	Our Services	wagtail.edit	{}	2026-05-03 19:05:24.356614+00	t	f	46	4	107	1	4ac4c78c-e697-4900-88cc-9831d3a9713c
348	Our Services	wagtail.edit	{}	2026-05-03 19:05:26.832064+00	t	f	46	4	107	1	6970121c-0645-4753-88fd-54c4889e44fb
349	Our Services	wagtail.edit	{}	2026-05-03 19:05:32.329514+00	t	f	46	4	107	1	6caa475c-d465-4a47-99f3-80d921d60874
350	Our Services	wagtail.edit	{}	2026-05-03 19:05:39.824454+00	t	f	46	4	107	1	b08866b6-249d-40b5-b3ed-38a2d20935a4
351	Our Services	wagtail.edit	{}	2026-05-03 19:05:42.324702+00	t	f	46	4	107	1	3a0f1c63-243e-4145-b83b-e87ca672cc5f
352	Our Services	wagtail.edit	{}	2026-05-03 19:05:44.323589+00	t	f	46	4	107	1	68963e6c-92ac-433e-b71a-94a2fa01581f
353	Our Services	wagtail.edit	{}	2026-05-03 19:05:45.827234+00	t	f	46	4	107	1	b09d69bc-de0f-4605-aa72-154b2244f740
354	Our Services	wagtail.edit	{}	2026-05-03 19:05:47.83096+00	t	f	46	4	107	1	35eedd76-bf12-41b9-99fd-1b215267c9a7
355	Our Services	wagtail.edit	{}	2026-05-03 19:05:49.85291+00	t	f	46	4	107	1	f9697964-427b-4116-b9bf-2549bab54e64
356	Our Services	wagtail.edit	{}	2026-05-03 19:05:55.818457+00	t	f	46	4	107	1	404616fd-c2bb-412c-9f9a-d9028e0f997b
357	Our Services	wagtail.edit	{}	2026-05-03 19:06:01.443524+00	t	f	46	4	107	1	84e557cb-a48e-4a13-a02b-2dbc45abd4fd
358	Our Services	wagtail.edit	{}	2026-05-03 19:06:03.431284+00	t	f	46	4	107	1	5aeaab84-55ff-42f9-aa28-df014882f781
359	Our Services	wagtail.edit	{}	2026-05-03 19:06:05.922008+00	t	f	46	4	107	1	dd235014-465f-407e-b2c6-916000193252
360	Our Services	wagtail.edit	{}	2026-05-03 19:06:07.832524+00	t	f	46	4	107	1	9a52dac1-b4bd-4649-9d83-e784231ced54
361	Our Services	wagtail.edit	{}	2026-05-03 19:06:09.825706+00	t	f	46	4	107	1	f3c9ce5d-c88e-4178-8bb9-1a4e63f31327
362	Our Services	wagtail.edit	{}	2026-05-03 19:06:11.83082+00	t	f	46	4	107	1	5e80233a-2874-460c-a75c-dd33089513d8
363	Our Services	wagtail.edit	{}	2026-05-03 19:06:16.344721+00	t	f	46	4	107	1	c0256f8a-3072-4089-8102-f465b4531851
364	Our Services	wagtail.edit	{}	2026-05-03 19:06:18.333838+00	t	f	46	4	107	1	3ffa23be-6e8a-4dd4-93f9-2d0b3effe007
365	Our Services	wagtail.edit	{}	2026-05-03 19:06:21.840339+00	t	f	46	4	107	1	3ca8c09b-0f5a-4b91-869d-acf14afcc1ee
366	Our Services	wagtail.edit	{}	2026-05-03 19:06:26.857642+00	t	f	46	4	107	1	d1ebe8f1-6bfe-4651-9600-a895cd5ec60d
367	Our Services	wagtail.edit	{}	2026-05-03 19:06:31.837883+00	t	f	46	4	107	1	f17a8649-0090-4401-a2ab-f94a99990d04
368	Our Services	wagtail.edit	{}	2026-05-03 19:06:35.336381+00	t	f	46	4	107	1	bea0c08c-6f17-43d8-86b0-65c5ba33a13c
369	Our Services	wagtail.edit	{}	2026-05-03 19:06:36.821496+00	t	f	46	4	107	1	a71f285a-cd8b-4ac2-ab66-6dfaa08fab4b
370	Our Services	wagtail.edit	{}	2026-05-03 19:06:40.833227+00	t	f	46	4	107	1	75003441-8248-42e3-8e45-3dbdf7ff60b6
371	Our Services	wagtail.edit	{}	2026-05-03 19:06:42.82324+00	t	f	46	4	107	1	a70fee41-0b79-4f91-a054-bb647910de04
372	Our Services	wagtail.edit	{}	2026-05-03 19:06:44.854297+00	t	f	46	4	107	1	12e6eb4b-060d-40ac-8853-1b8d20f30da4
373	Our Services	wagtail.edit	{}	2026-05-03 19:06:47.325662+00	t	f	46	4	107	1	1a66076b-d296-4955-b660-55c545d0fa5c
374	Our Services	wagtail.edit	{}	2026-05-03 19:06:48.843056+00	t	f	46	4	107	1	cc80b547-b529-4584-97a3-92f5531a90fa
375	Our Services	wagtail.edit	{}	2026-05-03 19:06:50.835478+00	t	f	46	4	107	1	57538d5f-2265-4efc-95d3-76145e5a3d3d
376	Our Services	wagtail.edit	{}	2026-05-03 19:06:54.780272+00	t	f	46	4	108	1	2a07d760-12f3-4bfe-92ad-0063b7eadbf3
377	Our Services	wagtail.edit	{}	2026-05-03 19:06:57.565765+00	t	f	46	4	109	1	40b906a9-6d4a-44ac-8698-9c37a00a7492
378	Our Services	wagtail.publish	{}	2026-05-03 19:06:57.664059+00	f	f	46	4	109	1	40b906a9-6d4a-44ac-8698-9c37a00a7492
379	Immigration News and Blogs	wagtail.edit	{}	2026-05-03 19:07:32.400705+00	t	f	47	5	110	1	a82885c5-0e32-4014-8c99-0970d437602c
380	Immigration News and Blogs	wagtail.edit	{}	2026-05-03 19:07:33.889017+00	t	f	47	5	110	1	4c5d399b-2dbf-4daf-b70c-8b02e03860bd
381	Immigration News and Blogs	wagtail.edit	{}	2026-05-03 19:07:36.390966+00	t	f	47	5	110	1	ec22a790-f231-4bad-b815-4dd2e4dd2f38
382	Immigration News and Blogs	wagtail.edit	{}	2026-05-03 19:07:38.390062+00	t	f	47	5	110	1	81844153-289a-44a7-8e1c-f497abbce4fa
383	Immigration News and Blogs	wagtail.edit	{}	2026-05-03 19:07:44.903073+00	t	f	47	5	110	1	c707d117-4031-43b2-8bca-dcd8ae4d0ac5
384	Immigration News and Blogs	wagtail.edit	{}	2026-05-03 19:07:46.881735+00	t	f	47	5	110	1	784709f0-eabc-430a-a050-fde684641bca
385	Immigration News and Blogs	wagtail.edit	{}	2026-05-03 19:07:50.892887+00	t	f	47	5	110	1	1a3cc92e-d180-4a4f-986a-a1ff5c20faad
386	Immigration News and Blogs	wagtail.edit	{}	2026-05-03 19:07:54.373651+00	t	f	47	5	110	1	865063f1-cbd5-41e3-a68f-f6a422ea263b
387	Immigration News and Blogs	wagtail.edit	{}	2026-05-03 19:08:00.376333+00	t	f	47	5	110	1	bde50d57-3710-4cc6-a939-f0841b4cddf3
388	Immigration News and Blogs	wagtail.edit	{}	2026-05-03 19:08:04.518729+00	t	f	47	5	110	1	dcbfbd50-ae6e-48a7-98d7-82b60969d684
389	Immigration News and Blogs	wagtail.edit	{}	2026-05-03 19:08:07.375893+00	t	f	47	5	110	1	e809ccc7-08d5-4ab9-a04e-8f46cbda2f41
390	Immigration News and Blogs	wagtail.edit	{}	2026-05-03 19:08:11.39289+00	t	f	47	5	110	1	37573258-4975-43aa-8799-34d43f2da448
391	Immigration News and Blogs	wagtail.edit	{}	2026-05-03 19:08:12.894921+00	t	f	47	5	110	1	aac0949b-128b-480d-bdd1-62297ea532de
392	Immigration News and Blogs	wagtail.edit	{}	2026-05-03 19:08:14.876719+00	t	f	47	5	110	1	3b8c9872-febf-4af9-a7a6-ac00550bf426
393	Immigration News and Blogs	wagtail.edit	{}	2026-05-03 19:08:17.303608+00	t	f	47	5	111	1	d29d12d0-c0e2-43c2-9038-45e1da97953b
394	Immigration News and Blogs	wagtail.edit	{}	2026-05-03 19:08:19.975367+00	t	f	47	5	112	1	9017ac1d-a590-499c-bbf5-f570aeb6eae5
395	Immigration News and Blogs	wagtail.publish	{}	2026-05-03 19:08:20.07234+00	f	f	47	5	112	1	9017ac1d-a590-499c-bbf5-f570aeb6eae5
396	Immigration News and Blogs	wagtail.convert_alias	{"page": {"id": 19, "title": "Immigration News and Blogs"}}	2026-05-03 19:10:08.065302+00	f	f	47	19	113	1	\N
397	Our First Blog	wagtail.convert_alias	{"page": {"id": 20, "title": "Our First Blog"}}	2026-05-03 19:10:08.210365+00	f	f	48	20	115	1	\N
398	Immigration News and Blogs	wagtail.publish	{}	2026-05-03 19:10:08.367233+00	t	f	47	19	114	1	c8b17666-5cf4-491c-88cb-05da3c457572
399	Our First Blog	wagtail.publish	{}	2026-05-03 19:10:08.501256+00	t	f	48	20	116	1	c8b17666-5cf4-491c-88cb-05da3c457572
400	Immigration News and Blogs	wagtail.publish	{}	2026-05-03 19:10:55.120316+00	t	f	47	19	117	1	6199e6e4-381e-4eea-95e9-c229c333aa47
401	Immigration News and Blogs	wagtail.publish	{}	2026-05-03 19:12:18.260159+00	t	f	47	19	118	1	a38b27d7-690f-4d43-9a86-0eb15418564d
402	首页	wagtail.delete	{}	2026-05-03 19:26:35.174656+00	f	t	2	23	\N	1	45ccf34d-aa77-463a-88eb-aea342cc089b
403	Inquiry	wagtail.delete	{}	2026-05-03 19:27:05.775416+00	f	t	53	22	\N	1	eaa6d592-2264-4797-b197-0c6642fd04f9
404	About Us	wagtail.delete	{}	2026-05-03 19:27:15.820216+00	f	t	52	21	\N	1	388e3ba8-fe1d-4139-b6cc-541ecfebf1a0
405	NBPNP Application Assistance	wagtail.delete	{}	2026-05-03 19:27:21.881378+00	f	t	45	17	\N	1	b2fc0d60-10d9-48e5-8a95-c380b02f5591
406	Express Entry Application Assistance	wagtail.delete	{}	2026-05-03 19:27:21.885195+00	f	t	45	18	\N	1	b2fc0d60-10d9-48e5-8a95-c380b02f5591
407	Our Services	wagtail.delete	{}	2026-05-03 19:27:21.890257+00	f	t	46	16	\N	1	b2fc0d60-10d9-48e5-8a95-c380b02f5591
408	Our First Blog	wagtail.delete	{}	2026-05-03 19:27:31.473428+00	f	t	48	20	\N	1	77f7c0c9-78c7-44f9-91b5-a6ddbdd62820
409	Immigration News and Blogs	wagtail.delete	{}	2026-05-03 19:27:31.4785+00	f	t	47	19	\N	1	77f7c0c9-78c7-44f9-91b5-a6ddbdd62820
410	Home	wagtail.delete	{}	2026-05-03 19:27:52.967835+00	f	t	2	15	\N	1	3baf2fd3-6b2b-4b07-95b7-c9fb2d88c6ff
411	首页	wagtail.delete	{}	2026-05-03 19:28:17.794627+00	f	t	2	14	\N	1	27f301d9-0b39-4f47-85ce-81e058a78669
412	Home	wagtail.create	{}	2026-05-03 20:12:33.539294+00	t	f	2	24	\N	1	e0f055c9-3451-44a9-aad0-fb137e6dfb37
413	Home	wagtail.copy_for_translation	{"page": {"id": 24, "title": "Home", "locale": {"id": 2, "language_code": "zh-hans"}}, "source": {"id": 1, "title": "Root"}, "keep_live": false, "destination": {"id": 1, "title": "Root"}, "source_locale": {"id": 1, "language_code": "en"}}	2026-05-03 20:12:33.552034+00	f	f	2	24	\N	1	e0f055c9-3451-44a9-aad0-fb137e6dfb37
414	Our Services	wagtail.create	{}	2026-05-03 20:12:33.680976+00	t	f	46	25	\N	1	e0f055c9-3451-44a9-aad0-fb137e6dfb37
415	Our Services	wagtail.copy_for_translation	{"page": {"id": 25, "title": "Our Services", "locale": {"id": 2, "language_code": "zh-hans"}}, "source": {"id": 3, "title": "Home"}, "keep_live": false, "destination": {"id": 24, "title": "Home"}, "source_locale": {"id": 1, "language_code": "en"}}	2026-05-03 20:12:33.692701+00	f	f	46	25	\N	1	e0f055c9-3451-44a9-aad0-fb137e6dfb37
416	NBPNP Application Assistance	wagtail.create	{}	2026-05-03 20:12:33.8266+00	t	f	45	26	\N	1	e0f055c9-3451-44a9-aad0-fb137e6dfb37
417	NBPNP Application Assistance	wagtail.copy_for_translation	{"page": {"id": 26, "title": "NBPNP Application Assistance", "locale": {"id": 2, "language_code": "zh-hans"}}, "source": {"id": 4, "title": "Our Services"}, "keep_live": false, "destination": {"id": 25, "title": "Our Services"}, "source_locale": {"id": 1, "language_code": "en"}}	2026-05-03 20:12:33.837805+00	f	f	45	26	\N	1	e0f055c9-3451-44a9-aad0-fb137e6dfb37
418	Express Entry Application Assistance	wagtail.create	{}	2026-05-03 20:12:33.969313+00	t	f	45	27	\N	1	e0f055c9-3451-44a9-aad0-fb137e6dfb37
419	Express Entry Application Assistance	wagtail.copy_for_translation	{"page": {"id": 27, "title": "Express Entry Application Assistance", "locale": {"id": 2, "language_code": "zh-hans"}}, "source": {"id": 4, "title": "Our Services"}, "keep_live": false, "destination": {"id": 25, "title": "Our Services"}, "source_locale": {"id": 1, "language_code": "en"}}	2026-05-03 20:12:33.980941+00	f	f	45	27	\N	1	e0f055c9-3451-44a9-aad0-fb137e6dfb37
420	Immigration News and Blogs	wagtail.create	{}	2026-05-03 20:12:34.102961+00	t	f	47	28	\N	1	e0f055c9-3451-44a9-aad0-fb137e6dfb37
421	Immigration News and Blogs	wagtail.copy_for_translation	{"page": {"id": 28, "title": "Immigration News and Blogs", "locale": {"id": 2, "language_code": "zh-hans"}}, "source": {"id": 3, "title": "Home"}, "keep_live": false, "destination": {"id": 24, "title": "Home"}, "source_locale": {"id": 1, "language_code": "en"}}	2026-05-03 20:12:34.115511+00	f	f	47	28	\N	1	e0f055c9-3451-44a9-aad0-fb137e6dfb37
422	Our First Blog	wagtail.create	{}	2026-05-03 20:12:34.244327+00	t	f	48	29	\N	1	e0f055c9-3451-44a9-aad0-fb137e6dfb37
423	Our First Blog	wagtail.copy_for_translation	{"page": {"id": 29, "title": "Our First Blog", "locale": {"id": 2, "language_code": "zh-hans"}}, "source": {"id": 5, "title": "Immigration News and Blogs"}, "keep_live": false, "destination": {"id": 28, "title": "Immigration News and Blogs"}, "source_locale": {"id": 1, "language_code": "en"}}	2026-05-03 20:12:34.256513+00	f	f	48	29	\N	1	e0f055c9-3451-44a9-aad0-fb137e6dfb37
424	About Us	wagtail.create	{}	2026-05-03 20:12:34.403314+00	t	f	52	30	\N	1	e0f055c9-3451-44a9-aad0-fb137e6dfb37
425	About Us	wagtail.copy_for_translation	{"page": {"id": 30, "title": "About Us", "locale": {"id": 2, "language_code": "zh-hans"}}, "source": {"id": 3, "title": "Home"}, "keep_live": false, "destination": {"id": 24, "title": "Home"}, "source_locale": {"id": 1, "language_code": "en"}}	2026-05-03 20:12:34.415021+00	f	f	52	30	\N	1	e0f055c9-3451-44a9-aad0-fb137e6dfb37
426	Inquiry	wagtail.create	{}	2026-05-03 20:12:34.576256+00	t	f	53	31	\N	1	e0f055c9-3451-44a9-aad0-fb137e6dfb37
427	Inquiry	wagtail.copy_for_translation	{"page": {"id": 31, "title": "Inquiry", "locale": {"id": 2, "language_code": "zh-hans"}}, "source": {"id": 3, "title": "Home"}, "keep_live": false, "destination": {"id": 24, "title": "Home"}, "source_locale": {"id": 1, "language_code": "en"}}	2026-05-03 20:12:34.588246+00	f	f	53	31	\N	1	e0f055c9-3451-44a9-aad0-fb137e6dfb37
428	Home	wagtail.publish	{}	2026-05-03 20:12:34.764338+00	t	f	2	24	120	1	e0f055c9-3451-44a9-aad0-fb137e6dfb37
429	Our Services	wagtail.publish	{}	2026-05-03 20:12:34.874451+00	t	f	46	25	122	1	e0f055c9-3451-44a9-aad0-fb137e6dfb37
430	NBPNP Application Assistance	wagtail.publish	{}	2026-05-03 20:12:34.987134+00	t	f	45	26	124	1	e0f055c9-3451-44a9-aad0-fb137e6dfb37
431	Express Entry Application Assistance	wagtail.publish	{}	2026-05-03 20:12:35.114438+00	t	f	45	27	126	1	e0f055c9-3451-44a9-aad0-fb137e6dfb37
432	Immigration News and Blogs	wagtail.publish	{}	2026-05-03 20:12:35.236466+00	t	f	47	28	128	1	e0f055c9-3451-44a9-aad0-fb137e6dfb37
433	Our First Blog	wagtail.publish	{}	2026-05-03 20:12:35.344782+00	t	f	48	29	130	1	e0f055c9-3451-44a9-aad0-fb137e6dfb37
434	About Us	wagtail.publish	{}	2026-05-03 20:12:35.453682+00	t	f	52	30	132	1	e0f055c9-3451-44a9-aad0-fb137e6dfb37
435	Inquiry	wagtail.publish	{}	2026-05-03 20:12:35.560485+00	t	f	53	31	134	1	e0f055c9-3451-44a9-aad0-fb137e6dfb37
436	Home	wagtail.publish	{}	2026-05-03 20:15:09.255563+00	t	f	2	24	135	1	0601d0a0-88c9-4fe8-ad4b-b193a85d1468
437	Home	wagtail.publish	{}	2026-05-03 20:22:13.835546+00	t	f	2	24	136	1	df47365d-e40b-418e-bba4-65959c6ba5ee
438	主页	wagtail.publish	{}	2026-05-03 20:44:31.669901+00	t	f	2	24	137	1	3e7618f1-099c-4ae0-a368-8636f1dbfb84
439	主页	wagtail.publish	{}	2026-05-03 20:48:05.627136+00	t	f	2	24	138	1	8a126d65-b812-4881-903e-a5e35f2472b4
440	我们的服务	wagtail.publish	{}	2026-05-03 21:08:53.26014+00	t	f	46	25	139	1	210c3149-5705-416f-8420-32b0140b09da
441	Inquiry	wagtail.edit	{}	2026-05-04 11:41:32.462908+00	t	f	53	11	140	1	56c6d40f-400d-461b-87a2-3781a71bafe9
442	Inquiry	wagtail.edit	{}	2026-05-04 11:41:35.450229+00	t	f	53	11	140	1	ce8e5698-127b-4351-b39a-8057a9dc8e45
443	Inquiry	wagtail.edit	{}	2026-05-04 11:41:37.936616+00	t	f	53	11	140	1	4c415ffd-a8f9-4125-bb02-0338a743dffd
444	Inquiry	wagtail.edit	{}	2026-05-04 11:41:40.906803+00	t	f	53	11	140	1	a2d8af63-c346-437f-a86e-46cff67bdb59
445	Inquiry	wagtail.edit	{}	2026-05-04 11:41:46.406941+00	t	f	53	11	140	1	23d71759-9322-4179-9949-f5b0f0f1b51b
446	Inquiry	wagtail.edit	{}	2026-05-04 11:41:49.408675+00	t	f	53	11	140	1	3cb816ad-5c89-42fe-ae83-5f96d74b35ce
447	Inquiry	wagtail.edit	{}	2026-05-04 11:41:51.42239+00	t	f	53	11	140	1	d1092b84-a64a-432f-829c-7217b1ab3496
448	Inquiry	wagtail.edit	{}	2026-05-04 11:41:52.900918+00	t	f	53	11	140	1	252d81a4-4c7d-4da9-940e-1a19f0c0ecb7
449	Inquiry	wagtail.edit	{}	2026-05-04 11:41:57.393935+00	t	f	53	11	140	1	648e859f-e52f-430b-9a5c-9e75183bdf53
450	Inquiry	wagtail.publish	{}	2026-05-04 12:03:12.55884+00	t	f	53	31	141	1	b05e4a32-fc9c-48e7-ab40-0dea4408e412
451	我们的服务	wagtail.publish	{}	2026-05-04 12:03:22.741723+00	t	f	46	25	142	1	6b90525a-f388-4b34-9ecd-b33674cb6229
452	我们的服务	wagtail.publish	{}	2026-05-04 12:03:40.031803+00	t	f	46	25	143	1	47c129c9-b9fd-484e-8740-be6ae3cbf344
453	询问	wagtail.publish	{}	2026-05-04 12:08:30.710637+00	t	f	53	31	144	1	9018d61d-b55d-4a09-bb23-6797d48a15b3
454	关于我们	wagtail.publish	{}	2026-05-04 12:11:02.439179+00	t	f	52	30	145	1	35d89ae0-ccb7-4d16-80a4-e23d99b890cc
455	移民新闻和博客	wagtail.publish	{}	2026-05-04 23:09:56.153122+00	t	f	47	28	146	1	a1c08e20-3505-4dda-981f-1a80076f2500
456	我们的第一个博客	wagtail.publish	{}	2026-05-04 23:19:04.451409+00	t	f	48	29	147	1	508ab02c-7fbb-4abc-af62-1f13fd5962ab
457	我们的第一个博客	wagtail.publish	{}	2026-05-04 23:29:45.280394+00	t	f	48	29	148	1	f77e2347-9e77-44d6-80a2-7f6b64b8c2eb
458	我们的第一个博客	wagtail.publish	{}	2026-05-04 23:31:10.839959+00	t	f	48	29	149	1	338b5cd4-a1b7-4d6b-849b-c3a2b6f87557
459	我们的服务	wagtail.publish	{}	2026-05-07 11:27:46.347629+00	t	f	46	25	150	1	34da0ce4-5787-4c10-9d8c-fda0c0aba5dc
460	家	wagtail.publish	{}	2026-05-07 11:29:03.961087+00	t	f	2	24	151	1	e71e79a8-52b5-412a-8c64-7aa1467739ab
461	价格会根据您情况的复杂程度而有所不同。请联系我们获取报价	wagtail.publish	{}	2026-05-07 11:43:50.237908+00	t	f	45	26	152	1	6aedb748-1d2a-4fee-b1ad-f3f2ab13de40
462	快速入境申请协助	wagtail.publish	{}	2026-05-07 12:06:44.656461+00	t	f	45	27	153	1	54a17aa5-c96b-49f7-85c7-d7f0e6bae474
463	价格会根据您情况的复杂程度而有所不同。请联系我们获取报价	wagtail.publish	{}	2026-05-07 12:14:55.253998+00	t	f	45	26	154	1	d7447b76-1ebe-495a-b779-9f5ef90998d9
464	Inquiry	wagtail.edit	{}	2026-05-07 22:27:32.723933+00	t	f	53	11	155	1	e9eaa78b-216c-46b6-b005-cde0b7c33a95
465	Inquiry	wagtail.edit	{}	2026-05-07 22:30:07.105401+00	t	f	53	11	155	1	99000c64-da46-4507-909b-37244757efda
466	Inquiry	wagtail.edit	{}	2026-05-07 22:30:07.941477+00	t	f	53	11	155	1	9f480ccc-c20b-40b7-ba5d-abbd14774a88
467	Inquiry	wagtail.edit	{}	2026-05-07 22:30:20.685764+00	t	f	53	11	155	1	3d9bdda3-d282-4932-864a-6442481cf2d5
468	Inquiry	wagtail.edit	{}	2026-05-07 22:30:23.741415+00	t	f	53	11	155	1	35da7659-2031-4cf8-9e14-b2abf0be2919
469	Inquiry	wagtail.edit	{}	2026-05-07 22:30:34.203616+00	t	f	53	11	155	1	2a66401c-e0cc-498a-a884-16875042433b
470	Inquiry	wagtail.edit	{}	2026-05-07 22:30:43.690364+00	t	f	53	11	155	1	5922fd9a-8f96-4ffe-8ca6-6068539f9bcb
471	Inquiry	wagtail.edit	{}	2026-05-07 22:30:50.028823+00	t	f	53	11	156	1	da5e34fe-b23e-445e-b427-38d0161a4aa4
472	Inquiry	wagtail.edit	{}	2026-05-07 22:30:54.397634+00	t	f	53	11	157	1	7affb086-0fda-4b02-80cc-64e824061007
473	Inquiry	wagtail.publish	{}	2026-05-07 22:30:54.551638+00	f	f	53	11	157	1	7affb086-0fda-4b02-80cc-64e824061007
474	询问	wagtail.publish	{}	2026-05-07 22:48:22.514943+00	t	f	53	31	158	1	bb5f3695-befa-42a8-bcfe-58a68f74ebfc
475	Inquiry	wagtail.edit	{}	2026-05-07 23:16:45.875172+00	t	f	53	11	159	1	dd0bbdbe-6ce3-4497-b572-27ae534a51de
476	Inquiry	wagtail.edit	{}	2026-05-07 23:16:48.336507+00	t	f	53	11	159	1	d781d2d8-f442-442b-a3ad-a48a195d595f
477	Inquiry	wagtail.edit	{}	2026-05-07 23:16:55.351491+00	t	f	53	11	160	1	f649f9e2-7f5d-4d3d-8af9-19698ac60390
478	Inquiry	wagtail.edit	{}	2026-05-07 23:16:59.164095+00	t	f	53	11	161	1	66b63812-2414-49f2-a750-7020ea2a331d
479	Inquiry	wagtail.publish	{}	2026-05-07 23:16:59.238272+00	f	f	53	11	161	1	66b63812-2414-49f2-a750-7020ea2a331d
480	询问	wagtail.publish	{}	2026-05-07 23:18:39.770913+00	t	f	53	31	162	1	12a2016a-6989-48f3-b74a-d6ca14bce0e5
481	Inquiry	wagtail.edit	{}	2026-05-07 23:20:28.939962+00	t	f	53	11	163	1	4ef24b06-6e4f-4af3-9a40-3723e1dd5b59
482	Book a Con	wagtail.edit	{}	2026-05-07 23:20:32.453984+00	t	f	53	11	163	1	12a03509-a744-4113-984d-11463618aa12
483	Book a Consult	wagtail.edit	{}	2026-05-07 23:20:34.454157+00	t	f	53	11	163	1	0bcba4e0-c1f1-4a66-8b97-0ecefc49645a
484	Book a Consultation	wagtail.edit	{}	2026-05-07 23:20:35.989646+00	t	f	53	11	163	1	759eaf07-fe85-4b4c-aca7-40ff95abc68e
485	Book a Consultation	wagtail.edit	{}	2026-05-07 23:20:38.773175+00	t	f	53	11	164	1	298466d6-f18e-40fe-b2eb-2916f8966c34
486	Book a Consultation	wagtail.edit	{}	2026-05-07 23:20:42.923278+00	t	f	53	11	165	1	c57a16ec-62ae-4f9c-a38a-ab8dc732a186
487	Book a Consultation	wagtail.rename	{"title": {"new": "Book a Consultation", "old": "Inquiry"}}	2026-05-07 23:20:42.989663+00	f	f	53	11	165	1	c57a16ec-62ae-4f9c-a38a-ab8dc732a186
488	Book a Consultation	wagtail.publish	{"title": {"new": "Book a Consultation", "old": "Inquiry"}}	2026-05-07 23:20:42.995292+00	f	f	53	11	165	1	c57a16ec-62ae-4f9c-a38a-ab8dc732a186
489	Book a Consultation	wagtail.publish	{}	2026-05-07 23:21:35.651489+00	t	f	53	31	166	1	41dd919e-65af-48d0-8db0-926ce9f0ab8a
490	预约咨询	wagtail.publish	{}	2026-05-07 23:24:04.098296+00	t	f	53	31	167	1	662bccf1-9dba-4160-a5ee-5be04699d0ec
\.


--
-- Data for Name: wagtailcore_pagesubscription; Type: TABLE DATA; Schema: public; Owner: smallbiz_app
--

COPY public.wagtailcore_pagesubscription (id, comment_notifications, page_id, user_id) FROM stdin;
7	t	9	1
5	t	7	1
6	t	8	1
9	t	11	1
2	t	4	1
8	t	10	1
3	t	5	1
1	f	3	1
\.


--
-- Data for Name: wagtailcore_pageviewrestriction; Type: TABLE DATA; Schema: public; Owner: smallbiz_app
--

COPY public.wagtailcore_pageviewrestriction (id, password, page_id, restriction_type) FROM stdin;
\.


--
-- Data for Name: wagtailcore_pageviewrestriction_groups; Type: TABLE DATA; Schema: public; Owner: smallbiz_app
--

COPY public.wagtailcore_pageviewrestriction_groups (id, pageviewrestriction_id, group_id) FROM stdin;
\.


--
-- Data for Name: wagtailcore_referenceindex; Type: TABLE DATA; Schema: public; Owner: smallbiz_app
--

COPY public.wagtailcore_referenceindex (id, object_id, to_object_id, model_path, content_path, content_path_hash, base_content_type_id, content_type_id, to_content_type_id) FROM stdin;
\.


--
-- Data for Name: wagtailcore_revision; Type: TABLE DATA; Schema: public; Owner: smallbiz_app
--

COPY public.wagtailcore_revision (id, created_at, content, approved_go_live_at, object_id, user_id, content_type_id, base_content_type_id, object_str) FROM stdin;
39	2026-04-19 21:26:55.889791+00	{"pk": 9, "body": "<p data-block-key=\\"1vm2i\\">Blog content area.</p>", "date": "2026-04-19", "live": true, "path": "0001000100020001", "slug": "our-first-blog", "depth": 4, "intro": "Blog Introduction text.", "owner": 1, "title": "Our First Blog", "locale": 1, "locked": false, "expired": false, "alias_of": null, "numchild": 0, "url_path": "/home/blog/our-first-blog/", "expire_at": null, "locked_at": null, "locked_by": null, "seo_title": "", "go_live_at": null, "draft_title": "Our First Blog", "content_type": 48, "live_revision": 34, "show_in_menus": false, "latest_revision": 34, "translation_key": "7f172c69-2353-48f6-9fec-10c7876b9188", "last_published_at": "2026-04-19T21:24:25.789Z", "first_published_at": "2026-04-19T21:24:25.789Z", "search_description": "", "wagtail_admin_comments": [], "has_unpublished_changes": false, "latest_revision_created_at": "2026-04-19T21:24:25.760Z"}	\N	9	1	48	1	Our First Blog
40	2026-04-19 21:26:58.476851+00	{"pk": 9, "body": "<p data-block-key=\\"1vm2i\\">Blog content area.</p>", "date": "2026-04-19", "live": true, "path": "0001000100020001", "slug": "our-first-blog", "depth": 4, "intro": "Blog Introduction text.", "owner": 1, "title": "Our First Blog", "locale": 1, "locked": false, "expired": false, "alias_of": null, "numchild": 0, "url_path": "/home/blog/our-first-blog/", "expire_at": null, "locked_at": null, "locked_by": null, "seo_title": "", "go_live_at": null, "draft_title": "Our First Blog", "content_type": 48, "live_revision": 34, "show_in_menus": false, "latest_revision": 39, "translation_key": "7f172c69-2353-48f6-9fec-10c7876b9188", "last_published_at": "2026-04-19T21:24:25.789Z", "first_published_at": "2026-04-19T21:24:25.789Z", "search_description": "", "wagtail_admin_comments": [], "has_unpublished_changes": true, "latest_revision_created_at": "2026-04-19T21:26:55.889Z"}	\N	9	1	48	1	Our First Blog
17	2026-04-19 20:55:47.909859+00	{"pk": 4, "live": false, "path": "000100010001", "slug": "services", "depth": 3, "intro": "<p data-block-key=\\"pcve9\\">Edit this text for a general description of the services offered by the company.</p>", "owner": 1, "title": "Services", "locale": 1, "locked": false, "expired": false, "alias_of": null, "numchild": 2, "url_path": "/home/services/", "expire_at": null, "locked_at": null, "locked_by": null, "seo_title": "", "go_live_at": null, "draft_title": "Services", "content_type": 46, "live_revision": null, "show_in_menus": false, "latest_revision": 14, "translation_key": "5143db77-4839-4c26-82d9-aace00f3b48f", "last_published_at": null, "first_published_at": null, "search_description": "", "wagtail_admin_comments": [], "has_unpublished_changes": true, "latest_revision_created_at": "2026-04-19T20:40:35.296Z"}	\N	4	1	46	1	Services
6	2026-04-19 19:54:07.714888+00	{"pk": 6, "live": false, "path": "000100010003", "slug": "contact-us", "depth": 3, "email": "", "hours": "", "intro": "<p data-block-key=\\"3aqwt\\">We continuously monitor communications so please reach out with any questions or inquiries and the best way for us to reach out to you with a response.</p>", "owner": 1, "phone": "", "title": "Contact Us", "locale": 1, "locked": false, "address": "", "expired": false, "alias_of": null, "numchild": 0, "url_path": "/home/contact-us/", "expire_at": null, "locked_at": null, "locked_by": null, "seo_title": "", "go_live_at": null, "draft_title": "Contact Us", "content_type": 49, "live_revision": null, "show_in_menus": false, "latest_revision": 5, "translation_key": "5ff041e7-ded8-482f-9c6f-98ae08dfe02a", "last_published_at": null, "first_published_at": null, "search_description": "", "wagtail_admin_comments": [], "has_unpublished_changes": true, "latest_revision_created_at": "2026-04-19T19:53:58.125Z"}	\N	6	1	49	1	Contact Us
11	2026-04-19 20:13:31.578655+00	{"pk": 9, "body": "<p data-block-key=\\"1vm2i\\">Blog content area</p>", "date": "2026-04-19", "live": false, "path": "0001000100020001", "slug": "our-first-blog", "depth": 4, "intro": "Blog Introduction text.", "owner": 1, "title": "Our First Blog", "locale": 1, "locked": false, "expired": false, "alias_of": null, "numchild": 0, "url_path": "/home/immigration-news-and-blogs/our-first-blog/", "expire_at": null, "locked_at": null, "locked_by": null, "seo_title": "", "go_live_at": null, "draft_title": "Our First Blog", "content_type": 48, "live_revision": null, "show_in_menus": false, "latest_revision": 11, "translation_key": "7f172c69-2353-48f6-9fec-10c7876b9188", "last_published_at": null, "first_published_at": null, "search_description": "", "wagtail_admin_comments": [], "has_unpublished_changes": true, "latest_revision_created_at": "2026-04-19T20:13:29.587Z"}	\N	9	1	48	1	Our First Blog
12	2026-04-19 20:13:33.109127+00	{"pk": 9, "body": "<p data-block-key=\\"1vm2i\\">Blog content area.</p>", "date": "2026-04-19", "live": false, "path": "0001000100020001", "slug": "our-first-blog", "depth": 4, "intro": "Blog Introduction text.", "owner": 1, "title": "Our First Blog", "locale": 1, "locked": false, "expired": false, "alias_of": null, "numchild": 0, "url_path": "/home/immigration-news-and-blogs/our-first-blog/", "expire_at": null, "locked_at": null, "locked_by": null, "seo_title": "", "go_live_at": null, "draft_title": "Our First Blog", "content_type": 48, "live_revision": null, "show_in_menus": false, "latest_revision": 11, "translation_key": "7f172c69-2353-48f6-9fec-10c7876b9188", "last_published_at": null, "first_published_at": null, "search_description": "", "wagtail_admin_comments": [], "has_unpublished_changes": true, "latest_revision_created_at": "2026-04-19T20:13:31.578Z"}	\N	9	1	48	1	Our First Blog
1	2026-04-19 19:49:57.714868+00	{"pk": 4, "live": false, "path": "000100010001", "slug": "our-services", "depth": 3, "intro": "<p data-block-key=\\"pcve9\\">Edit this text for a general description of the services offered by the company.</p>", "owner": 1, "title": "Our Services", "locale": 1, "locked": false, "expired": false, "alias_of": null, "numchild": 0, "url_path": "/home/our-services/", "expire_at": null, "locked_at": null, "locked_by": null, "seo_title": "", "go_live_at": null, "draft_title": "Our Services", "content_type": 46, "live_revision": null, "show_in_menus": false, "latest_revision": 1, "translation_key": "5143db77-4839-4c26-82d9-aace00f3b48f", "last_published_at": null, "first_published_at": null, "search_description": "", "wagtail_admin_comments": [], "has_unpublished_changes": true, "latest_revision_created_at": "2026-04-19T19:49:53.718Z"}	\N	4	1	46	1	Our Services
5	2026-04-19 19:53:58.125952+00	{"pk": 6, "live": false, "path": "000100010003", "slug": "contact-us", "depth": 3, "email": "", "hours": "", "intro": "<p data-block-key=\\"3aqwt\\">We continuously monitor communications so please reach out with any questions or inquiries and the best way for us to reach out to you with a response.</p>", "owner": 1, "phone": "", "title": "Contact Us", "locale": 1, "locked": false, "address": "", "expired": false, "alias_of": null, "numchild": 0, "url_path": "/home/contact-us/", "expire_at": null, "locked_at": null, "locked_by": null, "seo_title": "", "go_live_at": null, "draft_title": "Contact Us", "content_type": 49, "live_revision": null, "show_in_menus": false, "latest_revision": 5, "translation_key": "5ff041e7-ded8-482f-9c6f-98ae08dfe02a", "last_published_at": null, "first_published_at": null, "search_description": "", "wagtail_admin_comments": [], "has_unpublished_changes": true, "latest_revision_created_at": "2026-04-19T19:53:52.638Z"}	\N	6	1	49	1	Contact Us
9	2026-04-19 19:56:50.283268+00	{"pk": 8, "body": "<p data-block-key=\\"c0sdo\\">Details for the service.</p>", "live": false, "path": "0001000100010002", "slug": "express-entry-application-assistance", "depth": 4, "owner": 1, "title": "Express Entry Application Assistance", "locale": 1, "locked": false, "expired": false, "alias_of": null, "numchild": 0, "url_path": "/home/our-services/express-entry-application-assistance/", "expire_at": null, "locked_at": null, "locked_by": null, "seo_title": "", "go_live_at": null, "price_note": "", "draft_title": "Express Entry Application Assistance", "content_type": 45, "live_revision": null, "short_summary": "Short summary text.", "show_in_menus": false, "latest_revision": 9, "translation_key": "66297f35-3b4d-45c3-bf43-a0829292db4a", "last_published_at": null, "first_published_at": null, "search_description": "", "wagtail_admin_comments": [], "has_unpublished_changes": true, "latest_revision_created_at": "2026-04-19T19:56:44.775Z"}	\N	8	1	45	1	Express Entry Application Assistance
41	2026-04-21 11:02:57.731755+00	{"pk": 10, "body": "<p data-block-key=\\"7inzo\\">Canada Globalview Immigration was established in 2013....</p>", "live": false, "path": "000100010003", "slug": "about-us", "depth": 3, "intro": "<p data-block-key=\\"2jmu2\\">Canada Globalview Immigration</p>", "owner": 1, "title": "About Us", "locale": 1, "locked": false, "expired": false, "alias_of": null, "numchild": 0, "url_path": "/home/about-us/", "expire_at": null, "locked_at": null, "locked_by": null, "seo_title": "", "go_live_at": null, "draft_title": "About Us", "content_type": 52, "live_revision": null, "show_in_menus": false, "latest_revision": 41, "translation_key": "53e99e8f-17df-4c04-a8b0-a10bb2bc530f", "last_published_at": null, "first_published_at": null, "search_description": "", "wagtail_admin_comments": [], "has_unpublished_changes": true, "latest_revision_created_at": "2026-04-21T11:02:39.665Z"}	\N	10	1	52	1	About Us
121	2026-05-03 20:12:33.687347+00	{"pk": 25, "live": false, "path": "000100020001", "slug": "services", "depth": 3, "intro": "<p data-block-key=\\"pcve9\\">Globalview International Immigration can assist with various immigration programs that become available over time, however, below are some of the most common programs that we have been asked to assist with.</p>", "owner": 1, "title": "Our Services", "locale": 2, "locked": false, "expired": false, "alias_of": null, "numchild": 0, "url_path": "/home-1/services/", "expire_at": null, "locked_at": null, "locked_by": null, "seo_title": "", "go_live_at": null, "draft_title": "Our Services", "content_type": 46, "live_revision": null, "show_in_menus": false, "latest_revision": null, "translation_key": "5143db77-4839-4c26-82d9-aace00f3b48f", "last_published_at": null, "first_published_at": null, "search_description": "", "wagtail_admin_comments": [], "has_unpublished_changes": true, "latest_revision_created_at": "2026-05-03T19:06:57.560Z"}	\N	25	\N	46	1	Our Services
16	2026-04-19 20:41:03.776019+00	{"pk": 6, "live": false, "path": "000100010003", "slug": "contact", "depth": 3, "email": "", "hours": "", "intro": "<p data-block-key=\\"3aqwt\\">We continuously monitor communications so please reach out with any questions or inquiries and the best way for us to reach out to you with a response.</p>", "owner": 1, "phone": "", "title": "Contact", "locale": 1, "locked": false, "address": "", "expired": false, "alias_of": null, "numchild": 0, "url_path": "/home/contact/", "expire_at": null, "locked_at": null, "locked_by": null, "seo_title": "", "go_live_at": null, "draft_title": "Contact", "content_type": 49, "live_revision": null, "show_in_menus": false, "latest_revision": 15, "translation_key": "5ff041e7-ded8-482f-9c6f-98ae08dfe02a", "last_published_at": null, "first_published_at": null, "search_description": "", "wagtail_admin_comments": [], "has_unpublished_changes": true, "latest_revision_created_at": "2026-04-19T20:41:01.422Z"}	\N	6	1	49	1	Contact
108	2026-05-03 19:06:54.774826+00	{"pk": 4, "live": true, "path": "000100010001", "slug": "services", "depth": 3, "intro": "<p data-block-key=\\"pcve9\\">Globalview International Immigration can assist with various immigration programs that become available over time, however, below are some of the most common programs that we have been asked to assist with.</p>", "owner": 1, "title": "Our Services", "locale": 1, "locked": false, "expired": false, "alias_of": null, "numchild": 2, "url_path": "/home/services/", "expire_at": null, "locked_at": null, "locked_by": null, "seo_title": "", "go_live_at": null, "draft_title": "Our Services", "content_type": 46, "live_revision": 38, "show_in_menus": false, "latest_revision": 107, "translation_key": "5143db77-4839-4c26-82d9-aace00f3b48f", "last_published_at": "2026-04-19T21:24:49.682Z", "first_published_at": "2026-04-19T21:03:11.819Z", "search_description": "", "wagtail_admin_comments": [], "has_unpublished_changes": true, "latest_revision_created_at": "2026-05-03T19:06:50.830Z"}	\N	4	1	46	1	Our Services
109	2026-05-03 19:06:57.560806+00	{"pk": 4, "live": true, "path": "000100010001", "slug": "services", "depth": 3, "intro": "<p data-block-key=\\"pcve9\\">Globalview International Immigration can assist with various immigration programs that become available over time, however, below are some of the most common programs that we have been asked to assist with.</p>", "owner": 1, "title": "Our Services", "locale": 1, "locked": false, "expired": false, "alias_of": null, "numchild": 2, "url_path": "/home/services/", "expire_at": null, "locked_at": null, "locked_by": null, "seo_title": "", "go_live_at": null, "draft_title": "Our Services", "content_type": 46, "live_revision": 38, "show_in_menus": false, "latest_revision": 108, "translation_key": "5143db77-4839-4c26-82d9-aace00f3b48f", "last_published_at": "2026-04-19T21:24:49.682Z", "first_published_at": "2026-04-19T21:03:11.819Z", "search_description": "", "wagtail_admin_comments": [], "has_unpublished_changes": true, "latest_revision_created_at": "2026-05-03T19:06:54.774Z"}	\N	4	1	46	1	Our Services
19	2026-04-19 21:03:41.31309+00	{"pk": 6, "live": false, "path": "000100010003", "slug": "contact", "depth": 3, "email": "", "hours": "", "intro": "<p data-block-key=\\"3aqwt\\">We continuously monitor communications so please reach out with any questions or inquiries and the best way for us to reach out to you with a response.</p>", "owner": 1, "phone": "", "title": "Contact", "locale": 1, "locked": false, "address": "", "expired": false, "alias_of": null, "numchild": 0, "url_path": "/home/contact/", "expire_at": null, "locked_at": null, "locked_by": null, "seo_title": "", "go_live_at": null, "draft_title": "Contact", "content_type": 49, "live_revision": null, "show_in_menus": false, "latest_revision": 16, "translation_key": "5ff041e7-ded8-482f-9c6f-98ae08dfe02a", "last_published_at": null, "first_published_at": null, "search_description": "", "wagtail_admin_comments": [], "has_unpublished_changes": true, "latest_revision_created_at": "2026-04-19T20:41:03.776Z"}	\N	6	1	49	1	Contact
20	2026-04-19 21:03:55.325913+00	{"pk": 6, "live": true, "path": "000100010003", "slug": "contact", "depth": 3, "email": "", "hours": "", "intro": "<p data-block-key=\\"3aqwt\\">We continuously monitor communications so please reach out with any questions or inquiries and the best way for us to reach out to you with a response.</p>", "owner": 1, "phone": "", "title": "Contact", "locale": 1, "locked": false, "address": "", "expired": false, "alias_of": null, "numchild": 0, "url_path": "/home/contact/", "expire_at": null, "locked_at": null, "locked_by": null, "seo_title": "", "go_live_at": null, "draft_title": "Contact", "content_type": 49, "live_revision": 19, "show_in_menus": false, "latest_revision": 19, "translation_key": "5ff041e7-ded8-482f-9c6f-98ae08dfe02a", "last_published_at": "2026-04-19T21:03:41.352Z", "first_published_at": "2026-04-19T21:03:41.352Z", "search_description": "", "wagtail_admin_comments": [], "has_unpublished_changes": false, "latest_revision_created_at": "2026-04-19T21:03:41.313Z"}	\N	6	1	49	1	Contact
45	2026-04-21 11:04:36.762351+00	{"pk": 10, "body": "<p data-block-key=\\"7inzo\\">Canada Globalview Immigration was established in 2013....</p>", "live": true, "path": "000100010003", "slug": "about", "depth": 3, "intro": "<p data-block-key=\\"2jmu2\\">Canada Globalview Immigration</p>", "owner": 1, "title": "About Us", "locale": 1, "locked": false, "expired": false, "alias_of": null, "numchild": 0, "url_path": "/home/about/", "expire_at": null, "locked_at": null, "locked_by": null, "seo_title": "About Us", "go_live_at": null, "draft_title": "About Us", "content_type": 52, "live_revision": 43, "show_in_menus": true, "latest_revision": 44, "translation_key": "53e99e8f-17df-4c04-a8b0-a10bb2bc530f", "last_published_at": "2026-04-21T11:03:16.201Z", "first_published_at": "2026-04-21T11:03:16.201Z", "search_description": "", "wagtail_admin_comments": [], "has_unpublished_changes": true, "latest_revision_created_at": "2026-04-21T11:04:36.521Z"}	\N	10	1	52	1	About Us
13	2026-04-19 20:40:30.484143+00	{"pk": 4, "live": false, "path": "000100010001", "slug": "services", "depth": 3, "intro": "<p data-block-key=\\"pcve9\\">Edit this text for a general description of the services offered by the company.</p>", "owner": 1, "title": "Services", "locale": 1, "locked": false, "expired": false, "alias_of": null, "numchild": 2, "url_path": "/home/services/", "expire_at": null, "locked_at": null, "locked_by": null, "seo_title": "", "go_live_at": null, "draft_title": "Our Services", "content_type": 46, "live_revision": null, "show_in_menus": false, "latest_revision": 2, "translation_key": "5143db77-4839-4c26-82d9-aace00f3b48f", "last_published_at": null, "first_published_at": null, "search_description": "", "wagtail_admin_comments": [], "has_unpublished_changes": true, "latest_revision_created_at": "2026-04-19T19:49:59.438Z"}	\N	4	1	46	1	Services
29	2026-04-19 21:11:49.817486+00	{"pk": 4, "live": true, "path": "000100010001", "slug": "services", "depth": 3, "intro": "<p data-block-key=\\"pcve9\\">Edit this text for a general description of the services offered by the company.</p>", "owner": 1, "title": "Our Services", "locale": 1, "locked": false, "expired": false, "alias_of": null, "numchild": 2, "url_path": "/home/services/", "expire_at": null, "locked_at": null, "locked_by": null, "seo_title": "", "go_live_at": null, "draft_title": "Our Services", "content_type": 46, "live_revision": 18, "show_in_menus": false, "latest_revision": 28, "translation_key": "5143db77-4839-4c26-82d9-aace00f3b48f", "last_published_at": "2026-04-19T21:03:11.819Z", "first_published_at": "2026-04-19T21:03:11.819Z", "search_description": "", "wagtail_admin_comments": [], "has_unpublished_changes": true, "latest_revision_created_at": "2026-04-19T21:11:48.906Z"}	\N	4	1	46	1	Our Services
3	2026-04-19 19:51:28.812989+00	{"pk": 5, "live": false, "path": "000100010002", "slug": "immigration-news-and-blogs", "depth": 3, "intro": "<p data-block-key=\\"ds5qa\\">Write a general note about this section.</p>", "owner": 1, "title": "Immigration News and Blogs", "locale": 1, "locked": false, "expired": false, "alias_of": null, "numchild": 0, "url_path": "/home/immigration-news-and-blogs/", "expire_at": null, "locked_at": null, "locked_by": null, "seo_title": "", "go_live_at": null, "draft_title": "Immigration News and Blogs", "content_type": 47, "live_revision": null, "show_in_menus": false, "latest_revision": 3, "translation_key": "71923e57-59e4-4ddc-a488-b73586d61d81", "last_published_at": null, "first_published_at": null, "search_description": "", "wagtail_admin_comments": [], "has_unpublished_changes": true, "latest_revision_created_at": "2026-04-19T19:51:27.316Z"}	\N	5	1	47	1	Immigration News and Blogs
125	2026-05-03 20:12:33.975486+00	{"pk": 27, "body": "<p data-block-key=\\"c0sdo\\">Details for the service.</p>", "live": false, "path": "0001000200010002", "slug": "express-entry-application-assistance", "depth": 4, "image": null, "owner": 1, "title": "Express Entry Application Assistance", "locale": 2, "locked": false, "expired": false, "alias_of": null, "numchild": 0, "url_path": "/home-1/services/express-entry-application-assistance/", "expire_at": null, "locked_at": null, "locked_by": null, "seo_title": "", "go_live_at": null, "price_note": "Pricing varies depending on the complexity of your situation. Please contact us for a quote.", "draft_title": "Express Entry Application Assistance", "content_type": 45, "live_revision": null, "short_summary": "Short summary text.", "show_in_menus": false, "latest_revision": null, "translation_key": "66297f35-3b4d-45c3-bf43-a0829292db4a", "last_published_at": null, "first_published_at": null, "search_description": "", "wagtail_admin_comments": [], "has_unpublished_changes": true, "latest_revision_created_at": "2026-05-02T22:36:18.657Z"}	\N	27	\N	45	1	Express Entry Application Assistance
126	2026-05-03 20:12:34.014442+00	{"pk": 27, "body": "<p data-block-key=\\"c0sdo\\">Details for the service.</p>", "live": false, "path": "0001000200010002", "slug": "express-entry-application-assistance", "depth": 4, "image": null, "owner": 1, "title": "Express Entry Application Assistance", "locale": 2, "locked": false, "expired": false, "alias_of": null, "numchild": 0, "url_path": "/home-1/services/express-entry-application-assistance/", "expire_at": null, "locked_at": null, "locked_by": null, "seo_title": "", "go_live_at": null, "price_note": "Pricing varies depending on the complexity of your situation. Please contact us for a quote.", "draft_title": "Express Entry Application Assistance", "content_type": 45, "live_revision": null, "short_summary": "Short summary text.", "show_in_menus": false, "latest_revision": 125, "translation_key": "66297f35-3b4d-45c3-bf43-a0829292db4a", "last_published_at": null, "first_published_at": null, "search_description": "", "wagtail_admin_comments": [], "has_unpublished_changes": true, "latest_revision_created_at": "2026-05-03T20:12:33.975Z"}	\N	27	1	45	1	Express Entry Application Assistance
25	2026-04-19 21:11:26.84662+00	{"pk": 6, "live": true, "path": "000100010003", "slug": "contact", "depth": 3, "email": "", "hours": "", "intro": "<p data-block-key=\\"3aqwt\\">We continuously monitor communications so please reach out with any questions or inquiries and the best way for us to reach out to you with a response.</p>", "owner": 1, "phone": "", "title": "Contact Us", "locale": 1, "locked": false, "address": "", "expired": false, "alias_of": null, "numchild": 0, "url_path": "/home/contact/", "expire_at": null, "locked_at": null, "locked_by": null, "seo_title": "", "go_live_at": null, "draft_title": "Contact", "content_type": 49, "live_revision": 20, "show_in_menus": false, "latest_revision": 20, "translation_key": "5ff041e7-ded8-482f-9c6f-98ae08dfe02a", "last_published_at": "2026-04-19T21:03:55.359Z", "first_published_at": "2026-04-19T21:03:41.352Z", "search_description": "", "wagtail_admin_comments": [], "has_unpublished_changes": false, "latest_revision_created_at": "2026-04-19T21:03:55.325Z"}	\N	6	1	49	1	Contact Us
26	2026-04-19 21:11:28.226883+00	{"pk": 6, "live": true, "path": "000100010003", "slug": "contact", "depth": 3, "email": "", "hours": "", "intro": "<p data-block-key=\\"3aqwt\\">We continuously monitor communications so please reach out with any questions or inquiries and the best way for us to reach out to you with a response.</p>", "owner": 1, "phone": "", "title": "Contact Us", "locale": 1, "locked": false, "address": "", "expired": false, "alias_of": null, "numchild": 0, "url_path": "/home/contact/", "expire_at": null, "locked_at": null, "locked_by": null, "seo_title": "", "go_live_at": null, "draft_title": "Contact Us", "content_type": 49, "live_revision": 20, "show_in_menus": false, "latest_revision": 25, "translation_key": "5ff041e7-ded8-482f-9c6f-98ae08dfe02a", "last_published_at": "2026-04-19T21:03:55.359Z", "first_published_at": "2026-04-19T21:03:41.352Z", "search_description": "", "wagtail_admin_comments": [], "has_unpublished_changes": true, "latest_revision_created_at": "2026-04-19T21:11:26.846Z"}	\N	6	1	49	1	Contact Us
27	2026-04-19 21:11:30.876466+00	{"pk": 6, "live": true, "path": "000100010003", "slug": "contact", "depth": 3, "email": "", "hours": "", "intro": "<p data-block-key=\\"3aqwt\\">We continuously monitor communications so please reach out with any questions or inquiries and the best way for us to reach out to you with a response.</p>", "owner": 1, "phone": "", "title": "Contact Us", "locale": 1, "locked": false, "address": "", "expired": false, "alias_of": null, "numchild": 0, "url_path": "/home/contact/", "expire_at": null, "locked_at": null, "locked_by": null, "seo_title": "", "go_live_at": null, "draft_title": "Contact Us", "content_type": 49, "live_revision": 20, "show_in_menus": false, "latest_revision": 26, "translation_key": "5ff041e7-ded8-482f-9c6f-98ae08dfe02a", "last_published_at": "2026-04-19T21:03:55.359Z", "first_published_at": "2026-04-19T21:03:41.352Z", "search_description": "", "wagtail_admin_comments": [], "has_unpublished_changes": true, "latest_revision_created_at": "2026-04-19T21:11:28.226Z"}	\N	6	1	49	1	Contact Us
38	2026-04-19 21:24:49.649226+00	{"pk": 4, "live": true, "path": "000100010001", "slug": "services", "depth": 3, "intro": "<p data-block-key=\\"pcve9\\">Edit this text for a general description of the services offered by the company.</p>", "owner": 1, "title": "Our Services", "locale": 1, "locked": false, "expired": false, "alias_of": null, "numchild": 2, "url_path": "/home/services/", "expire_at": null, "locked_at": null, "locked_by": null, "seo_title": "", "go_live_at": null, "draft_title": "Our Services", "content_type": 46, "live_revision": 30, "show_in_menus": false, "latest_revision": 37, "translation_key": "5143db77-4839-4c26-82d9-aace00f3b48f", "last_published_at": "2026-04-19T21:11:52.144Z", "first_published_at": "2026-04-19T21:03:11.819Z", "search_description": "", "wagtail_admin_comments": [], "has_unpublished_changes": true, "latest_revision_created_at": "2026-04-19T21:24:47.358Z"}	\N	4	1	46	1	Our Services
53	2026-04-21 22:31:51.383362+00	{"pk": 11, "live": true, "path": "000100010004", "slug": "inquiry", "depth": 3, "intro": "<p data-block-key=\\"aayaj\\">Please reach out with any questions and we will be happy to get back to you.</p>", "owner": 1, "title": "Inquiry", "locale": 1, "locked": false, "expired": false, "alias_of": null, "email_to": "bgr7597@hotmail.com", "numchild": 0, "url_path": "/home/inquiry/", "expire_at": null, "locked_at": null, "locked_by": null, "seo_title": "Inquiry", "email_from": "bgr7597@hotmail.com", "go_live_at": null, "draft_title": "Inquiry", "content_type": 53, "email_subject": "New website inquiry", "live_revision": 50, "show_in_menus": false, "thank_you_text": "<p data-block-key=\\"afig6\\">Thank you for your interest in our services!</p>", "latest_revision": 52, "translation_key": "b98210f7-10ba-4d4e-b082-7e0b28c82d7f", "last_published_at": "2026-04-21T22:30:47.386Z", "first_published_at": "2026-04-21T22:30:47.386Z", "search_description": "", "wagtail_admin_comments": [], "has_unpublished_changes": true, "latest_revision_created_at": "2026-04-21T22:31:36.000Z"}	\N	11	1	53	1	Inquiry
46	2026-04-21 11:24:50.394547+00	{"pk": 10, "body": "<p data-block-key=\\"7inzo\\">Canada Globalview Immigration was established in 2013....</p>", "live": true, "path": "000100010003", "slug": "about", "depth": 3, "intro": "<p data-block-key=\\"2jmu2\\">Canada Globalview Immigration</p>", "owner": 1, "title": "About Us", "locale": 1, "locked": false, "expired": false, "alias_of": null, "numchild": 0, "url_path": "/home/about/", "expire_at": null, "locked_at": null, "locked_by": null, "seo_title": "About Us", "go_live_at": null, "draft_title": "About Us", "content_type": 52, "live_revision": 43, "show_in_menus": false, "latest_revision": 45, "translation_key": "53e99e8f-17df-4c04-a8b0-a10bb2bc530f", "last_published_at": "2026-04-21T11:03:16.201Z", "first_published_at": "2026-04-21T11:03:16.201Z", "search_description": "", "wagtail_admin_comments": [], "has_unpublished_changes": true, "latest_revision_created_at": "2026-04-21T11:04:36.762Z"}	\N	10	1	52	1	About Us
14	2026-04-19 20:40:35.296114+00	{"pk": 4, "live": false, "path": "000100010001", "slug": "services", "depth": 3, "intro": "<p data-block-key=\\"pcve9\\">Edit this text for a general description of the services offered by the company.</p>", "owner": 1, "title": "Services", "locale": 1, "locked": false, "expired": false, "alias_of": null, "numchild": 2, "url_path": "/home/services/", "expire_at": null, "locked_at": null, "locked_by": null, "seo_title": "", "go_live_at": null, "draft_title": "Services", "content_type": 46, "live_revision": null, "show_in_menus": false, "latest_revision": 13, "translation_key": "5143db77-4839-4c26-82d9-aace00f3b48f", "last_published_at": null, "first_published_at": null, "search_description": "", "wagtail_admin_comments": [], "has_unpublished_changes": true, "latest_revision_created_at": "2026-04-19T20:40:30.484Z"}	\N	4	1	46	1	Services
33	2026-04-19 21:24:22.865319+00	{"pk": 9, "body": "<p data-block-key=\\"1vm2i\\">Blog content area.</p>", "date": "2026-04-19", "live": false, "path": "0001000100020001", "slug": "our-first-blog", "depth": 4, "intro": "Blog Introduction text.", "owner": 1, "title": "Our First Blog", "locale": 1, "locked": false, "expired": false, "alias_of": null, "numchild": 0, "url_path": "/home/blog/our-first-blog/", "expire_at": null, "locked_at": null, "locked_by": null, "seo_title": "", "go_live_at": null, "draft_title": "Our First Blog", "content_type": 48, "live_revision": null, "show_in_menus": false, "latest_revision": 12, "translation_key": "7f172c69-2353-48f6-9fec-10c7876b9188", "last_published_at": null, "first_published_at": null, "search_description": "", "wagtail_admin_comments": [], "has_unpublished_changes": true, "latest_revision_created_at": "2026-04-19T20:13:33.109Z"}	\N	9	1	48	1	Our First Blog
34	2026-04-19 21:24:25.760182+00	{"pk": 9, "body": "<p data-block-key=\\"1vm2i\\">Blog content area.</p>", "date": "2026-04-19", "live": false, "path": "0001000100020001", "slug": "our-first-blog", "depth": 4, "intro": "Blog Introduction text.", "owner": 1, "title": "Our First Blog", "locale": 1, "locked": false, "expired": false, "alias_of": null, "numchild": 0, "url_path": "/home/blog/our-first-blog/", "expire_at": null, "locked_at": null, "locked_by": null, "seo_title": "", "go_live_at": null, "draft_title": "Our First Blog", "content_type": 48, "live_revision": null, "show_in_menus": false, "latest_revision": 33, "translation_key": "7f172c69-2353-48f6-9fec-10c7876b9188", "last_published_at": null, "first_published_at": null, "search_description": "", "wagtail_admin_comments": [], "has_unpublished_changes": true, "latest_revision_created_at": "2026-04-19T21:24:22.865Z"}	\N	9	1	48	1	Our First Blog
28	2026-04-19 21:11:48.906638+00	{"pk": 4, "live": true, "path": "000100010001", "slug": "services", "depth": 3, "intro": "<p data-block-key=\\"pcve9\\">Edit this text for a general description of the services offered by the company.</p>", "owner": 1, "title": "Our Services", "locale": 1, "locked": false, "expired": false, "alias_of": null, "numchild": 2, "url_path": "/home/services/", "expire_at": null, "locked_at": null, "locked_by": null, "seo_title": "", "go_live_at": null, "draft_title": "Our ImmiServices", "content_type": 46, "live_revision": 18, "show_in_menus": false, "latest_revision": 28, "translation_key": "5143db77-4839-4c26-82d9-aace00f3b48f", "last_published_at": "2026-04-19T21:03:11.819Z", "first_published_at": "2026-04-19T21:03:11.819Z", "search_description": "", "wagtail_admin_comments": [], "has_unpublished_changes": true, "latest_revision_created_at": "2026-04-19T21:11:46.415Z"}	\N	4	1	46	1	Our Services
129	2026-05-03 20:12:34.250924+00	{"pk": 29, "body": "<p data-block-key=\\"1vm2i\\">Blog content area.</p>", "date": "2026-04-19", "live": false, "path": "0001000200020001", "slug": "our-first-blog", "depth": 4, "image": null, "intro": "Blog Introduction text.", "owner": 1, "title": "Our First Blog", "locale": 2, "locked": false, "expired": false, "alias_of": null, "numchild": 0, "url_path": "/home-1/blog/our-first-blog/", "expire_at": null, "locked_at": null, "locked_by": null, "seo_title": "", "go_live_at": null, "draft_title": "Our First Blog", "content_type": 48, "live_revision": null, "show_in_menus": false, "latest_revision": null, "translation_key": "7f172c69-2353-48f6-9fec-10c7876b9188", "last_published_at": null, "first_published_at": null, "search_description": "", "wagtail_admin_comments": [], "has_unpublished_changes": true, "latest_revision_created_at": "2026-04-19T21:26:58.476Z"}	\N	29	\N	48	1	Our First Blog
2	2026-04-19 19:49:59.43895+00	{"pk": 4, "live": false, "path": "000100010001", "slug": "our-services", "depth": 3, "intro": "<p data-block-key=\\"pcve9\\">Edit this text for a general description of the services offered by the company.</p>", "owner": 1, "title": "Our Services", "locale": 1, "locked": false, "expired": false, "alias_of": null, "numchild": 0, "url_path": "/home/our-services/", "expire_at": null, "locked_at": null, "locked_by": null, "seo_title": "", "go_live_at": null, "draft_title": "Our Services", "content_type": 46, "live_revision": null, "show_in_menus": false, "latest_revision": 1, "translation_key": "5143db77-4839-4c26-82d9-aace00f3b48f", "last_published_at": null, "first_published_at": null, "search_description": "", "wagtail_admin_comments": [], "has_unpublished_changes": true, "latest_revision_created_at": "2026-04-19T19:49:57.714Z"}	\N	4	1	46	1	Our Services
18	2026-04-19 21:03:11.785363+00	{"pk": 4, "live": false, "path": "000100010001", "slug": "services", "depth": 3, "intro": "<p data-block-key=\\"pcve9\\">Edit this text for a general description of the services offered by the company.</p>", "owner": 1, "title": "Services", "locale": 1, "locked": false, "expired": false, "alias_of": null, "numchild": 2, "url_path": "/home/services/", "expire_at": null, "locked_at": null, "locked_by": null, "seo_title": "", "go_live_at": null, "draft_title": "Services", "content_type": 46, "live_revision": null, "show_in_menus": false, "latest_revision": 17, "translation_key": "5143db77-4839-4c26-82d9-aace00f3b48f", "last_published_at": null, "first_published_at": null, "search_description": "", "wagtail_admin_comments": [], "has_unpublished_changes": true, "latest_revision_created_at": "2026-04-19T20:55:47.909Z"}	\N	4	1	46	1	Services
15	2026-04-19 20:41:01.42208+00	{"pk": 6, "live": false, "path": "000100010003", "slug": "contact", "depth": 3, "email": "", "hours": "", "intro": "<p data-block-key=\\"3aqwt\\">We continuously monitor communications so please reach out with any questions or inquiries and the best way for us to reach out to you with a response.</p>", "owner": 1, "phone": "", "title": "Contact", "locale": 1, "locked": false, "address": "", "expired": false, "alias_of": null, "numchild": 0, "url_path": "/home/contact/", "expire_at": null, "locked_at": null, "locked_by": null, "seo_title": "", "go_live_at": null, "draft_title": "Contact Us", "content_type": 49, "live_revision": null, "show_in_menus": false, "latest_revision": 6, "translation_key": "5ff041e7-ded8-482f-9c6f-98ae08dfe02a", "last_published_at": null, "first_published_at": null, "search_description": "", "wagtail_admin_comments": [], "has_unpublished_changes": true, "latest_revision_created_at": "2026-04-19T19:54:07.714Z"}	\N	6	1	49	1	Contact
35	2026-04-19 21:24:35.764804+00	{"pk": 6, "live": true, "path": "000100010003", "slug": "contact", "depth": 3, "email": "", "hours": "", "intro": "<p data-block-key=\\"3aqwt\\">We continuously monitor communications so please reach out with any questions or inquiries and the best way for us to reach out to you with a response.</p>", "owner": 1, "phone": "", "title": "Contact Us", "locale": 1, "locked": false, "address": "", "expired": false, "alias_of": null, "numchild": 0, "url_path": "/home/contact/", "expire_at": null, "locked_at": null, "locked_by": null, "seo_title": "", "go_live_at": null, "draft_title": "Contact Us", "content_type": 49, "live_revision": 27, "show_in_menus": false, "latest_revision": 27, "translation_key": "5ff041e7-ded8-482f-9c6f-98ae08dfe02a", "last_published_at": "2026-04-19T21:11:30.913Z", "first_published_at": "2026-04-19T21:03:41.352Z", "search_description": "", "wagtail_admin_comments": [], "has_unpublished_changes": false, "latest_revision_created_at": "2026-04-19T21:11:30.876Z"}	\N	6	1	49	1	Contact Us
36	2026-04-19 21:24:39.128306+00	{"pk": 6, "live": true, "path": "000100010003", "slug": "contact", "depth": 3, "email": "", "hours": "", "intro": "<p data-block-key=\\"3aqwt\\">We continuously monitor communications so please reach out with any questions or inquiries and the best way for us to reach out to you with a response.</p>", "owner": 1, "phone": "", "title": "Contact Us", "locale": 1, "locked": false, "address": "", "expired": false, "alias_of": null, "numchild": 0, "url_path": "/home/contact/", "expire_at": null, "locked_at": null, "locked_by": null, "seo_title": "", "go_live_at": null, "draft_title": "Contact Us", "content_type": 49, "live_revision": 27, "show_in_menus": false, "latest_revision": 35, "translation_key": "5ff041e7-ded8-482f-9c6f-98ae08dfe02a", "last_published_at": "2026-04-19T21:11:30.913Z", "first_published_at": "2026-04-19T21:03:41.352Z", "search_description": "", "wagtail_admin_comments": [], "has_unpublished_changes": true, "latest_revision_created_at": "2026-04-19T21:24:35.764Z"}	\N	6	1	49	1	Contact Us
30	2026-04-19 21:11:52.108052+00	{"pk": 4, "live": true, "path": "000100010001", "slug": "services", "depth": 3, "intro": "<p data-block-key=\\"pcve9\\">Edit this text for a general description of the services offered by the company.</p>", "owner": 1, "title": "Our Services", "locale": 1, "locked": false, "expired": false, "alias_of": null, "numchild": 2, "url_path": "/home/services/", "expire_at": null, "locked_at": null, "locked_by": null, "seo_title": "", "go_live_at": null, "draft_title": "Our Services", "content_type": 46, "live_revision": 18, "show_in_menus": false, "latest_revision": 29, "translation_key": "5143db77-4839-4c26-82d9-aace00f3b48f", "last_published_at": "2026-04-19T21:03:11.819Z", "first_published_at": "2026-04-19T21:03:11.819Z", "search_description": "", "wagtail_admin_comments": [], "has_unpublished_changes": true, "latest_revision_created_at": "2026-04-19T21:11:49.817Z"}	\N	4	1	46	1	Our Services
37	2026-04-19 21:24:47.358808+00	{"pk": 4, "live": true, "path": "000100010001", "slug": "services", "depth": 3, "intro": "<p data-block-key=\\"pcve9\\">Edit this text for a general description of the services offered by the company.</p>", "owner": 1, "title": "Our Services", "locale": 1, "locked": false, "expired": false, "alias_of": null, "numchild": 2, "url_path": "/home/services/", "expire_at": null, "locked_at": null, "locked_by": null, "seo_title": "", "go_live_at": null, "draft_title": "Our Services", "content_type": 46, "live_revision": 30, "show_in_menus": false, "latest_revision": 30, "translation_key": "5143db77-4839-4c26-82d9-aace00f3b48f", "last_published_at": "2026-04-19T21:11:52.144Z", "first_published_at": "2026-04-19T21:03:11.819Z", "search_description": "", "wagtail_admin_comments": [], "has_unpublished_changes": false, "latest_revision_created_at": "2026-04-19T21:11:52.108Z"}	\N	4	1	46	1	Our Services
10	2026-04-19 19:56:54.801735+00	{"pk": 8, "body": "<p data-block-key=\\"c0sdo\\">Details for the service.</p>", "live": false, "path": "0001000100010002", "slug": "express-entry-application-assistance", "depth": 4, "owner": 1, "title": "Express Entry Application Assistance", "locale": 1, "locked": false, "expired": false, "alias_of": null, "numchild": 0, "url_path": "/home/our-services/express-entry-application-assistance/", "expire_at": null, "locked_at": null, "locked_by": null, "seo_title": "", "go_live_at": null, "price_note": "", "draft_title": "Express Entry Application Assistance", "content_type": 45, "live_revision": null, "short_summary": "Short summary text.", "show_in_menus": false, "latest_revision": 9, "translation_key": "66297f35-3b4d-45c3-bf43-a0829292db4a", "last_published_at": null, "first_published_at": null, "search_description": "", "wagtail_admin_comments": [], "has_unpublished_changes": true, "latest_revision_created_at": "2026-04-19T19:56:50.283Z"}	\N	8	1	45	1	Express Entry Application Assistance
48	2026-04-21 22:30:12.556256+00	{"pk": 11, "live": false, "path": "000100010004", "slug": "inquiry", "depth": 3, "intro": "<p data-block-key=\\"aayaj\\">Please reach out with any questions and we will be happy to get back to you.</p>", "owner": 1, "title": "Inquiry", "locale": 1, "locked": false, "expired": false, "alias_of": null, "email_to": "bgr7597@hotmail.com", "numchild": 0, "url_path": "/home/inquiry/", "expire_at": null, "locked_at": null, "locked_by": null, "seo_title": "", "email_from": "bgr7597@hotmail.com", "go_live_at": null, "draft_title": "Inquiry", "content_type": 53, "email_subject": "New website inquiry", "live_revision": null, "show_in_menus": false, "thank_you_text": "<p data-block-key=\\"afig6\\">Thank you for your interest in our services!</p>", "latest_revision": 48, "translation_key": "b98210f7-10ba-4d4e-b082-7e0b28c82d7f", "last_published_at": null, "first_published_at": null, "search_description": "", "wagtail_admin_comments": [], "has_unpublished_changes": true, "latest_revision_created_at": "2026-04-21T22:30:06.516Z"}	\N	11	1	53	1	Inquiry
133	2026-05-03 20:12:34.58277+00	{"pk": 31, "live": false, "path": "000100020004", "slug": "inquiry", "depth": 3, "intro": "<p data-block-key=\\"aayaj\\">Please reach out with any questions and we will be happy to get back to you.</p>", "owner": 1, "title": "Inquiry", "locale": 2, "locked": false, "expired": false, "alias_of": null, "email_to": "golfknut@gmail.com", "numchild": 0, "url_path": "/home-1/inquiry/", "expire_at": null, "locked_at": null, "locked_by": null, "seo_title": "Inquiry", "email_from": "bgr7597@hotmail.com", "go_live_at": null, "draft_title": "Inquiry", "content_type": 53, "email_subject": "Consultation Request", "live_revision": null, "show_in_menus": false, "thank_you_text": "<p data-block-key=\\"afig6\\">Thank you for your interest in our services!</p>", "latest_revision": null, "translation_key": "b98210f7-10ba-4d4e-b082-7e0b28c82d7f", "last_published_at": null, "first_published_at": null, "search_description": "", "wagtail_admin_comments": [], "has_unpublished_changes": true, "latest_revision_created_at": "2026-05-03T19:03:07.679Z"}	\N	31	\N	53	1	Inquiry
8	2026-04-19 19:55:59.476018+00	{"pk": 7, "body": "<p data-block-key=\\"74xxr\\">Details for this service.</p>", "live": false, "path": "0001000100010001", "slug": "nbpnp-application-assistance", "depth": 4, "owner": 1, "title": "NBPNP Application Assistance", "locale": 1, "locked": false, "expired": false, "alias_of": null, "numchild": 0, "url_path": "/home/our-services/nbpnp-application-assistance/", "expire_at": null, "locked_at": null, "locked_by": null, "seo_title": "", "go_live_at": null, "price_note": "", "draft_title": "NBPNP Application Assistance", "content_type": 45, "live_revision": null, "short_summary": "Short summary text.", "show_in_menus": false, "latest_revision": 7, "translation_key": "f3d8e853-fa27-45dd-90e9-b827949d0caf", "last_published_at": null, "first_published_at": null, "search_description": "", "wagtail_admin_comments": [], "has_unpublished_changes": true, "latest_revision_created_at": "2026-04-19T19:55:58.802Z"}	\N	7	1	45	1	NBPNP Application Assistance
7	2026-04-19 19:55:58.802411+00	{"pk": 7, "body": "<p data-block-key=\\"74xxr\\">Details for this service.</p>", "live": false, "path": "0001000100010001", "slug": "nbpnp-application-assistance", "depth": 4, "owner": 1, "title": "NBPNP Application Assistance", "locale": 1, "locked": false, "expired": false, "alias_of": null, "numchild": 0, "url_path": "/home/our-services/nbpnp-application-assistance/", "expire_at": null, "locked_at": null, "locked_by": null, "seo_title": "", "go_live_at": null, "price_note": "", "draft_title": "NBPNP Application Assistance", "content_type": 45, "live_revision": null, "short_summary": "Short summary text.", "show_in_menus": false, "latest_revision": 7, "translation_key": "f3d8e853-fa27-45dd-90e9-b827949d0caf", "last_published_at": null, "first_published_at": null, "search_description": "", "wagtail_admin_comments": [], "has_unpublished_changes": true, "latest_revision_created_at": "2026-04-19T19:55:56.303Z"}	\N	7	1	45	1	NBPNP Application Assistance
32	2026-04-19 21:17:04.378133+00	{"pk": 7, "body": "<p data-block-key=\\"74xxr\\">Details for this service.</p>", "live": false, "path": "0001000100010001", "slug": "nbpnp-application-assistance", "depth": 4, "owner": 1, "title": "NBPNP Application Assistance", "locale": 1, "locked": false, "expired": false, "alias_of": null, "numchild": 0, "url_path": "/home/services/nbpnp-application-assistance/", "expire_at": null, "locked_at": null, "locked_by": null, "seo_title": "", "go_live_at": null, "price_note": "", "draft_title": "NBPNP Application Assistance", "content_type": 45, "live_revision": null, "short_summary": "Short summary text.", "show_in_menus": false, "latest_revision": 8, "translation_key": "f3d8e853-fa27-45dd-90e9-b827949d0caf", "last_published_at": null, "first_published_at": null, "search_description": "", "wagtail_admin_comments": [], "has_unpublished_changes": true, "latest_revision_created_at": "2026-04-19T19:55:59.476Z"}	\N	7	1	45	1	NBPNP Application Assistance
57	2026-05-02 22:36:03.030376+00	{"pk": 7, "body": "<p data-block-key=\\"74xxr\\">Details for this service.</p>", "live": true, "path": "0001000100010001", "slug": "nbpnp-application-assistance", "depth": 4, "image": null, "owner": 1, "title": "NBPNP Application Assistance", "locale": 1, "locked": false, "expired": false, "alias_of": null, "numchild": 0, "url_path": "/home/services/nbpnp-application-assistance/", "expire_at": null, "locked_at": null, "locked_by": null, "seo_title": "", "go_live_at": null, "price_note": "Pricing varies depending on the complexity of your situation. Please contact us for a quote.", "draft_title": "NBPNP Application Assistance", "content_type": 45, "live_revision": 32, "short_summary": "Short summary text.", "show_in_menus": false, "latest_revision": 32, "translation_key": "f3d8e853-fa27-45dd-90e9-b827949d0caf", "last_published_at": "2026-04-19T21:17:04.407Z", "first_published_at": "2026-04-19T21:17:04.407Z", "search_description": "", "wagtail_admin_comments": [], "has_unpublished_changes": false, "latest_revision_created_at": "2026-04-19T21:17:04.378Z"}	\N	7	1	45	1	NBPNP Application Assistance
58	2026-05-02 22:36:04.892583+00	{"pk": 7, "body": "<p data-block-key=\\"74xxr\\">Details for this service.</p>", "live": true, "path": "0001000100010001", "slug": "nbpnp-application-assistance", "depth": 4, "image": null, "owner": 1, "title": "NBPNP Application Assistance", "locale": 1, "locked": false, "expired": false, "alias_of": null, "numchild": 0, "url_path": "/home/services/nbpnp-application-assistance/", "expire_at": null, "locked_at": null, "locked_by": null, "seo_title": "", "go_live_at": null, "price_note": "Pricing varies depending on the complexity of your situation. Please contact us for a quote.", "draft_title": "NBPNP Application Assistance", "content_type": 45, "live_revision": 32, "short_summary": "Short summary text.", "show_in_menus": false, "latest_revision": 57, "translation_key": "f3d8e853-fa27-45dd-90e9-b827949d0caf", "last_published_at": "2026-04-19T21:17:04.407Z", "first_published_at": "2026-04-19T21:17:04.407Z", "search_description": "", "wagtail_admin_comments": [], "has_unpublished_changes": true, "latest_revision_created_at": "2026-05-02T22:36:03.030Z"}	\N	7	1	45	1	NBPNP Application Assistance
59	2026-05-02 22:36:09.583289+00	{"pk": 7, "body": "<p data-block-key=\\"74xxr\\">Details for this service.</p>", "live": true, "path": "0001000100010001", "slug": "nbpnp-application-assistance", "depth": 4, "image": null, "owner": 1, "title": "NBPNP Application Assistance", "locale": 1, "locked": false, "expired": false, "alias_of": null, "numchild": 0, "url_path": "/home/services/nbpnp-application-assistance/", "expire_at": null, "locked_at": null, "locked_by": null, "seo_title": "", "go_live_at": null, "price_note": "Pricing varies depending on the complexity of your situation. Please contact us for a quote.", "draft_title": "NBPNP Application Assistance", "content_type": 45, "live_revision": 32, "short_summary": "Short summary text.", "show_in_menus": false, "latest_revision": 58, "translation_key": "f3d8e853-fa27-45dd-90e9-b827949d0caf", "last_published_at": "2026-04-19T21:17:04.407Z", "first_published_at": "2026-04-19T21:17:04.407Z", "search_description": "", "wagtail_admin_comments": [], "has_unpublished_changes": true, "latest_revision_created_at": "2026-05-02T22:36:04.892Z"}	\N	7	1	45	1	NBPNP Application Assistance
61	2026-05-02 22:36:15.869334+00	{"pk": 8, "body": "<p data-block-key=\\"c0sdo\\">Details for the service.</p>", "live": true, "path": "0001000100010002", "slug": "express-entry-application-assistance", "depth": 4, "image": null, "owner": 1, "title": "Express Entry Application Assistance", "locale": 1, "locked": false, "expired": false, "alias_of": null, "numchild": 0, "url_path": "/home/services/express-entry-application-assistance/", "expire_at": null, "locked_at": null, "locked_by": null, "seo_title": "", "go_live_at": null, "price_note": "Pricing varies depending on the complexity of your situation. Please contact us for a quote.", "draft_title": "Express Entry Application Assistance", "content_type": 45, "live_revision": 31, "short_summary": "Short summary text.", "show_in_menus": false, "latest_revision": 60, "translation_key": "66297f35-3b4d-45c3-bf43-a0829292db4a", "last_published_at": "2026-04-19T21:16:58.752Z", "first_published_at": "2026-04-19T21:16:58.752Z", "search_description": "", "wagtail_admin_comments": [], "has_unpublished_changes": true, "latest_revision_created_at": "2026-05-02T22:36:15.596Z"}	\N	8	1	45	1	Express Entry Application Assistance
122	2026-05-03 20:12:33.7264+00	{"pk": 25, "live": false, "path": "000100020001", "slug": "services", "depth": 3, "intro": "<p data-block-key=\\"pcve9\\">Globalview International Immigration can assist with various immigration programs that become available over time, however, below are some of the most common programs that we have been asked to assist with.</p>", "owner": 1, "title": "Our Services", "locale": 2, "locked": false, "expired": false, "alias_of": null, "numchild": 0, "url_path": "/home-1/services/", "expire_at": null, "locked_at": null, "locked_by": null, "seo_title": "", "go_live_at": null, "draft_title": "Our Services", "content_type": 46, "live_revision": null, "show_in_menus": false, "latest_revision": 121, "translation_key": "5143db77-4839-4c26-82d9-aace00f3b48f", "last_published_at": null, "first_published_at": null, "search_description": "", "wagtail_admin_comments": [], "has_unpublished_changes": true, "latest_revision_created_at": "2026-05-03T20:12:33.687Z"}	\N	25	1	46	1	Our Services
123	2026-05-03 20:12:33.832652+00	{"pk": 26, "body": "<p data-block-key=\\"74xxr\\">Details for this service.</p>", "live": false, "path": "0001000200010001", "slug": "nbpnp-application-assistance", "depth": 4, "image": null, "owner": 1, "title": "NBPNP Application Assistance", "locale": 2, "locked": false, "expired": false, "alias_of": null, "numchild": 0, "url_path": "/home-1/services/nbpnp-application-assistance/", "expire_at": null, "locked_at": null, "locked_by": null, "seo_title": "", "go_live_at": null, "price_note": "Pricing varies depending on the complexity of your situation. Please contact us for a quote.", "draft_title": "NBPNP Application Assistance", "content_type": 45, "live_revision": null, "short_summary": "Short summary text.", "show_in_menus": false, "latest_revision": null, "translation_key": "f3d8e853-fa27-45dd-90e9-b827949d0caf", "last_published_at": null, "first_published_at": null, "search_description": "", "wagtail_admin_comments": [], "has_unpublished_changes": true, "latest_revision_created_at": "2026-05-02T22:36:09.583Z"}	\N	26	\N	45	1	NBPNP Application Assistance
124	2026-05-03 20:12:33.870616+00	{"pk": 26, "body": "<p data-block-key=\\"74xxr\\">Details for this service.</p>", "live": false, "path": "0001000200010001", "slug": "nbpnp-application-assistance", "depth": 4, "image": null, "owner": 1, "title": "NBPNP Application Assistance", "locale": 2, "locked": false, "expired": false, "alias_of": null, "numchild": 0, "url_path": "/home-1/services/nbpnp-application-assistance/", "expire_at": null, "locked_at": null, "locked_by": null, "seo_title": "", "go_live_at": null, "price_note": "Pricing varies depending on the complexity of your situation. Please contact us for a quote.", "draft_title": "NBPNP Application Assistance", "content_type": 45, "live_revision": null, "short_summary": "Short summary text.", "show_in_menus": false, "latest_revision": 123, "translation_key": "f3d8e853-fa27-45dd-90e9-b827949d0caf", "last_published_at": null, "first_published_at": null, "search_description": "", "wagtail_admin_comments": [], "has_unpublished_changes": true, "latest_revision_created_at": "2026-05-03T20:12:33.832Z"}	\N	26	1	45	1	NBPNP Application Assistance
110	2026-05-03 19:08:14.871562+00	{"pk": 5, "live": true, "path": "000100010002", "slug": "blog", "depth": 3, "intro": "<p data-block-key=\\"ds5qa\\">See the latest in immigration news and prog</p>", "owner": 1, "title": "Immigration News and Blogs", "locale": 1, "locked": false, "expired": false, "alias_of": null, "numchild": 1, "url_path": "/home/blog/", "expire_at": null, "locked_at": null, "locked_by": null, "seo_title": "", "go_live_at": null, "draft_title": "Immigration News and Blogs", "content_type": 47, "live_revision": 24, "show_in_menus": false, "latest_revision": 110, "translation_key": "71923e57-59e4-4ddc-a488-b73586d61d81", "last_published_at": "2026-04-19T21:10:13.697Z", "first_published_at": "2026-04-19T21:09:44.461Z", "search_description": "", "wagtail_admin_comments": [], "has_unpublished_changes": true, "latest_revision_created_at": "2026-05-03T19:08:12.889Z"}	\N	5	1	47	1	Immigration News and Blogs
31	2026-04-19 21:16:58.711634+00	{"pk": 8, "body": "<p data-block-key=\\"c0sdo\\">Details for the service.</p>", "live": false, "path": "0001000100010002", "slug": "express-entry-application-assistance", "depth": 4, "owner": 1, "title": "Express Entry Application Assistance", "locale": 1, "locked": false, "expired": false, "alias_of": null, "numchild": 0, "url_path": "/home/services/express-entry-application-assistance/", "expire_at": null, "locked_at": null, "locked_by": null, "seo_title": "", "go_live_at": null, "price_note": "", "draft_title": "Express Entry Application Assistance", "content_type": 45, "live_revision": null, "short_summary": "Short summary text.", "show_in_menus": false, "latest_revision": 10, "translation_key": "66297f35-3b4d-45c3-bf43-a0829292db4a", "last_published_at": null, "first_published_at": null, "search_description": "", "wagtail_admin_comments": [], "has_unpublished_changes": true, "latest_revision_created_at": "2026-04-19T19:56:54.801Z"}	\N	8	1	45	1	Express Entry Application Assistance
62	2026-05-02 22:36:18.657738+00	{"pk": 8, "body": "<p data-block-key=\\"c0sdo\\">Details for the service.</p>", "live": true, "path": "0001000100010002", "slug": "express-entry-application-assistance", "depth": 4, "image": null, "owner": 1, "title": "Express Entry Application Assistance", "locale": 1, "locked": false, "expired": false, "alias_of": null, "numchild": 0, "url_path": "/home/services/express-entry-application-assistance/", "expire_at": null, "locked_at": null, "locked_by": null, "seo_title": "", "go_live_at": null, "price_note": "Pricing varies depending on the complexity of your situation. Please contact us for a quote.", "draft_title": "Express Entry Application Assistance", "content_type": 45, "live_revision": 31, "short_summary": "Short summary text.", "show_in_menus": false, "latest_revision": 61, "translation_key": "66297f35-3b4d-45c3-bf43-a0829292db4a", "last_published_at": "2026-04-19T21:16:58.752Z", "first_published_at": "2026-04-19T21:16:58.752Z", "search_description": "", "wagtail_admin_comments": [], "has_unpublished_changes": true, "latest_revision_created_at": "2026-05-02T22:36:15.869Z"}	\N	8	1	45	1	Express Entry Application Assistance
60	2026-05-02 22:36:15.596291+00	{"pk": 8, "body": "<p data-block-key=\\"c0sdo\\">Details for the service.</p>", "live": true, "path": "0001000100010002", "slug": "express-entry-application-assistance", "depth": 4, "image": null, "owner": 1, "title": "Express Entry Application Assistance", "locale": 1, "locked": false, "expired": false, "alias_of": null, "numchild": 0, "url_path": "/home/services/express-entry-application-assistance/", "expire_at": null, "locked_at": null, "locked_by": null, "seo_title": "", "go_live_at": null, "price_note": "Pricing varies depending on the complexity of your situation. Please contact us for a quote.", "draft_title": "Express Entry Application Assistance", "content_type": 45, "live_revision": 31, "short_summary": "Short summary text.", "show_in_menus": false, "latest_revision": 31, "translation_key": "66297f35-3b4d-45c3-bf43-a0829292db4a", "last_published_at": "2026-04-19T21:16:58.752Z", "first_published_at": "2026-04-19T21:16:58.752Z", "search_description": "", "wagtail_admin_comments": [], "has_unpublished_changes": false, "latest_revision_created_at": "2026-04-19T21:16:58.711Z"}	\N	8	1	45	1	Express Entry Application Assistance
21	2026-04-19 21:09:44.428813+00	{"pk": 5, "live": false, "path": "000100010002", "slug": "immigration-news-and-blogs", "depth": 3, "intro": "<p data-block-key=\\"ds5qa\\">Write a general note about this section.</p>", "owner": 1, "title": "Immigration News and Blogs", "locale": 1, "locked": false, "expired": false, "alias_of": null, "numchild": 1, "url_path": "/home/immigration-news-and-blogs/", "expire_at": null, "locked_at": null, "locked_by": null, "seo_title": "", "go_live_at": null, "draft_title": "Immigration News and Blogs", "content_type": 47, "live_revision": null, "show_in_menus": false, "latest_revision": 4, "translation_key": "71923e57-59e4-4ddc-a488-b73586d61d81", "last_published_at": null, "first_published_at": null, "search_description": "", "wagtail_admin_comments": [], "has_unpublished_changes": true, "latest_revision_created_at": "2026-04-19T19:51:29.260Z"}	\N	5	1	47	1	Immigration News and Blogs
4	2026-04-19 19:51:29.260925+00	{"pk": 5, "live": false, "path": "000100010002", "slug": "immigration-news-and-blogs", "depth": 3, "intro": "<p data-block-key=\\"ds5qa\\">Write a general note about this section.</p>", "owner": 1, "title": "Immigration News and Blogs", "locale": 1, "locked": false, "expired": false, "alias_of": null, "numchild": 0, "url_path": "/home/immigration-news-and-blogs/", "expire_at": null, "locked_at": null, "locked_by": null, "seo_title": "", "go_live_at": null, "draft_title": "Immigration News and Blogs", "content_type": 47, "live_revision": null, "show_in_menus": false, "latest_revision": 3, "translation_key": "71923e57-59e4-4ddc-a488-b73586d61d81", "last_published_at": null, "first_published_at": null, "search_description": "", "wagtail_admin_comments": [], "has_unpublished_changes": true, "latest_revision_created_at": "2026-04-19T19:51:28.812Z"}	\N	5	1	47	1	Immigration News and Blogs
70	2026-05-03 17:15:16.490959+00	{"pk": 3, "live": true, "path": "00010001", "slug": "home", "depth": 2, "owner": null, "title": "Home", "locale": 1, "locked": false, "expired": false, "alias_of": null, "numchild": 5, "url_path": "/home/", "expire_at": null, "hero_text": "", "locked_at": null, "locked_by": null, "seo_title": "", "go_live_at": null, "draft_title": "Home", "content_type": 2, "hero_eyebrow": "kkkkkkkkk", "hero_heading": "", "live_revision": null, "show_in_menus": false, "latest_revision": null, "translation_key": "7fda9c38-b346-4986-a696-18201f90d4cf", "last_published_at": null, "first_published_at": null, "primary_button_url": "", "search_description": "", "primary_button_text": "", "secondary_button_url": "", "secondary_button_text": "", "wagtail_admin_comments": [], "has_unpublished_changes": false, "latest_revision_created_at": null}	\N	3	1	2	1	Home
22	2026-04-19 21:10:07.040605+00	{"pk": 5, "live": true, "path": "000100010002", "slug": "blog", "depth": 3, "intro": "<p data-block-key=\\"ds5qa\\">Write a general note about this section.</p>", "owner": 1, "title": "Immigration News and Blogs", "locale": 1, "locked": false, "expired": false, "alias_of": null, "numchild": 1, "url_path": "/home/immigration-news-and-blogs/", "expire_at": null, "locked_at": null, "locked_by": null, "seo_title": "", "go_live_at": null, "draft_title": "Immigration News and Blogs", "content_type": 47, "live_revision": 21, "show_in_menus": false, "latest_revision": 21, "translation_key": "71923e57-59e4-4ddc-a488-b73586d61d81", "last_published_at": "2026-04-19T21:09:44.461Z", "first_published_at": "2026-04-19T21:09:44.461Z", "search_description": "", "wagtail_admin_comments": [], "has_unpublished_changes": false, "latest_revision_created_at": "2026-04-19T21:09:44.428Z"}	\N	5	1	47	1	Immigration News and Blogs
72	2026-05-03 17:15:37.16113+00	{"pk": 3, "live": true, "path": "00010001", "slug": "home", "depth": 2, "owner": null, "title": "Home", "locale": 1, "locked": false, "expired": false, "alias_of": null, "numchild": 5, "url_path": "/home/", "expire_at": null, "hero_text": "wwwwwwwwwwwww", "locked_at": null, "locked_by": null, "seo_title": "", "go_live_at": null, "draft_title": "Home", "content_type": 2, "hero_eyebrow": "kkkkkkkkk", "hero_heading": "hhhhhhhhhh", "live_revision": null, "show_in_menus": false, "latest_revision": 72, "translation_key": "7fda9c38-b346-4986-a696-18201f90d4cf", "last_published_at": null, "first_published_at": null, "primary_button_url": "", "search_description": "", "primary_button_text": "ppppppppppp", "secondary_button_url": "", "secondary_button_text": "", "wagtail_admin_comments": [], "has_unpublished_changes": true, "latest_revision_created_at": "2026-05-03T17:15:30.664Z"}	\N	3	1	2	1	Home
73	2026-05-03 17:15:42.788274+00	{"pk": 3, "live": true, "path": "00010001", "slug": "home", "depth": 2, "owner": null, "title": "Home", "locale": 1, "locked": false, "expired": false, "alias_of": null, "numchild": 5, "url_path": "/home/", "expire_at": null, "hero_text": "wwwwwwwwwwwww", "locked_at": null, "locked_by": null, "seo_title": "", "go_live_at": null, "draft_title": "Home", "content_type": 2, "hero_eyebrow": "kkkkkkkkk", "hero_heading": "hhhhhhhhhh", "live_revision": null, "show_in_menus": false, "latest_revision": 72, "translation_key": "7fda9c38-b346-4986-a696-18201f90d4cf", "last_published_at": null, "first_published_at": null, "primary_button_url": "", "search_description": "", "primary_button_text": "ppppppppppp", "secondary_button_url": "", "secondary_button_text": "mmmmmmmmmm", "wagtail_admin_comments": [], "has_unpublished_changes": true, "latest_revision_created_at": "2026-05-03T17:15:37.161Z"}	\N	3	1	2	1	Home
74	2026-05-03 17:15:49.824589+00	{"pk": 3, "live": true, "path": "00010001", "slug": "home", "depth": 2, "owner": null, "title": "Home", "locale": 1, "locked": false, "expired": false, "alias_of": null, "numchild": 5, "url_path": "/home/", "expire_at": null, "hero_text": "wwwwwwwwwwwww", "locked_at": null, "locked_by": null, "seo_title": "", "go_live_at": null, "draft_title": "Home", "content_type": 2, "hero_eyebrow": "kkkkkkkkk", "hero_heading": "hhhhhhhhhh", "live_revision": null, "show_in_menus": false, "latest_revision": 73, "translation_key": "7fda9c38-b346-4986-a696-18201f90d4cf", "last_published_at": null, "first_published_at": null, "primary_button_url": "", "search_description": "", "primary_button_text": "ppppppppppp", "secondary_button_url": "", "secondary_button_text": "mmmmmmmmmm", "wagtail_admin_comments": [], "has_unpublished_changes": true, "latest_revision_created_at": "2026-05-03T17:15:42.788Z"}	\N	3	1	2	1	Home
23	2026-04-19 21:10:10.00965+00	{"pk": 5, "live": true, "path": "000100010002", "slug": "blog", "depth": 3, "intro": "<p data-block-key=\\"ds5qa\\">Write a general note about this section.</p>", "owner": 1, "title": "Immigration News and Blogs", "locale": 1, "locked": false, "expired": false, "alias_of": null, "numchild": 1, "url_path": "/home/blog/", "expire_at": null, "locked_at": null, "locked_by": null, "seo_title": "", "go_live_at": null, "draft_title": "Immigration News and Blogs", "content_type": 47, "live_revision": 21, "show_in_menus": false, "latest_revision": 22, "translation_key": "71923e57-59e4-4ddc-a488-b73586d61d81", "last_published_at": "2026-04-19T21:09:44.461Z", "first_published_at": "2026-04-19T21:09:44.461Z", "search_description": "", "wagtail_admin_comments": [], "has_unpublished_changes": true, "latest_revision_created_at": "2026-04-19T21:10:07.040Z"}	\N	5	1	47	1	Immigration News and Blogs
128	2026-05-03 20:12:34.153024+00	{"pk": 28, "live": false, "path": "000100020002", "slug": "blog", "depth": 3, "intro": "<p data-block-key=\\"ds5qa\\">See the latest in immigration news and programs.</p>", "owner": 1, "title": "Immigration News and Blogs", "locale": 2, "locked": false, "expired": false, "alias_of": null, "numchild": 0, "url_path": "/home-1/blog/", "expire_at": null, "locked_at": null, "locked_by": null, "seo_title": "", "go_live_at": null, "draft_title": "Immigration News and Blogs", "content_type": 47, "live_revision": null, "show_in_menus": false, "latest_revision": 127, "translation_key": "71923e57-59e4-4ddc-a488-b73586d61d81", "last_published_at": null, "first_published_at": null, "search_description": "", "wagtail_admin_comments": [], "has_unpublished_changes": true, "latest_revision_created_at": "2026-05-03T20:12:34.109Z"}	\N	28	1	47	1	Immigration News and Blogs
130	2026-05-03 20:12:34.293942+00	{"pk": 29, "body": "<p data-block-key=\\"1vm2i\\">Blog content area.</p>", "date": "2026-04-19", "live": false, "path": "0001000200020001", "slug": "our-first-blog", "depth": 4, "image": null, "intro": "Blog Introduction text.", "owner": 1, "title": "Our First Blog", "locale": 2, "locked": false, "expired": false, "alias_of": null, "numchild": 0, "url_path": "/home-1/blog/our-first-blog/", "expire_at": null, "locked_at": null, "locked_by": null, "seo_title": "", "go_live_at": null, "draft_title": "Our First Blog", "content_type": 48, "live_revision": null, "show_in_menus": false, "latest_revision": 129, "translation_key": "7f172c69-2353-48f6-9fec-10c7876b9188", "last_published_at": null, "first_published_at": null, "search_description": "", "wagtail_admin_comments": [], "has_unpublished_changes": true, "latest_revision_created_at": "2026-05-03T20:12:34.250Z"}	\N	29	1	48	1	Our First Blog
24	2026-04-19 21:10:13.663096+00	{"pk": 5, "live": true, "path": "000100010002", "slug": "blog", "depth": 3, "intro": "<p data-block-key=\\"ds5qa\\">Write a general note about this section.</p>", "owner": 1, "title": "Immigration News and Blogs", "locale": 1, "locked": false, "expired": false, "alias_of": null, "numchild": 1, "url_path": "/home/blog/", "expire_at": null, "locked_at": null, "locked_by": null, "seo_title": "", "go_live_at": null, "draft_title": "Immigration News and Blogs", "content_type": 47, "live_revision": 21, "show_in_menus": false, "latest_revision": 23, "translation_key": "71923e57-59e4-4ddc-a488-b73586d61d81", "last_published_at": "2026-04-19T21:09:44.461Z", "first_published_at": "2026-04-19T21:09:44.461Z", "search_description": "", "wagtail_admin_comments": [], "has_unpublished_changes": true, "latest_revision_created_at": "2026-04-19T21:10:10.009Z"}	\N	5	1	47	1	Immigration News and Blogs
112	2026-05-03 19:08:19.970511+00	{"pk": 5, "live": true, "path": "000100010002", "slug": "blog", "depth": 3, "intro": "<p data-block-key=\\"ds5qa\\">See the latest in immigration news and programs.</p>", "owner": 1, "title": "Immigration News and Blogs", "locale": 1, "locked": false, "expired": false, "alias_of": null, "numchild": 1, "url_path": "/home/blog/", "expire_at": null, "locked_at": null, "locked_by": null, "seo_title": "", "go_live_at": null, "draft_title": "Immigration News and Blogs", "content_type": 47, "live_revision": 24, "show_in_menus": false, "latest_revision": 111, "translation_key": "71923e57-59e4-4ddc-a488-b73586d61d81", "last_published_at": "2026-04-19T21:10:13.697Z", "first_published_at": "2026-04-19T21:09:44.461Z", "search_description": "", "wagtail_admin_comments": [], "has_unpublished_changes": true, "latest_revision_created_at": "2026-05-03T19:08:17.298Z"}	\N	5	1	47	1	Immigration News and Blogs
111	2026-05-03 19:08:17.298003+00	{"pk": 5, "live": true, "path": "000100010002", "slug": "blog", "depth": 3, "intro": "<p data-block-key=\\"ds5qa\\">See the latest in immigration news and programs.</p>", "owner": 1, "title": "Immigration News and Blogs", "locale": 1, "locked": false, "expired": false, "alias_of": null, "numchild": 1, "url_path": "/home/blog/", "expire_at": null, "locked_at": null, "locked_by": null, "seo_title": "", "go_live_at": null, "draft_title": "Immigration News and Blogs", "content_type": 47, "live_revision": 24, "show_in_menus": false, "latest_revision": 110, "translation_key": "71923e57-59e4-4ddc-a488-b73586d61d81", "last_published_at": "2026-04-19T21:10:13.697Z", "first_published_at": "2026-04-19T21:09:44.461Z", "search_description": "", "wagtail_admin_comments": [], "has_unpublished_changes": true, "latest_revision_created_at": "2026-05-03T19:08:14.871Z"}	\N	5	1	47	1	Immigration News and Blogs
75	2026-05-03 17:20:57.72637+00	{"pk": 3, "live": true, "path": "00010001", "slug": "home", "depth": 2, "owner": null, "title": "Home", "locale": 1, "locked": false, "expired": false, "alias_of": null, "numchild": 5, "url_path": "/home/", "expire_at": null, "hero_text": "wwwwwwwwwwwww", "locked_at": null, "locked_by": null, "seo_title": "", "go_live_at": null, "draft_title": "Home", "content_type": 2, "hero_eyebrow": "Your Immigration Partner", "hero_heading": "hhhhhhhhhh", "live_revision": 74, "show_in_menus": false, "latest_revision": 75, "translation_key": "7fda9c38-b346-4986-a696-18201f90d4cf", "last_published_at": "2026-05-03T17:15:49.854Z", "first_published_at": "2026-05-03T17:15:49.854Z", "primary_button_url": "", "search_description": "", "primary_button_text": "Book a Consultation", "secondary_button_url": "", "secondary_button_text": "Our Services", "wagtail_admin_comments": [], "has_unpublished_changes": true, "latest_revision_created_at": "2026-05-03T17:20:55.743Z"}	\N	3	1	2	1	Home
76	2026-05-03 17:21:00.389392+00	{"pk": 3, "live": true, "path": "00010001", "slug": "home", "depth": 2, "owner": null, "title": "Home", "locale": 1, "locked": false, "expired": false, "alias_of": null, "numchild": 5, "url_path": "/home/", "expire_at": null, "hero_text": "wwwwwwwwwwwww", "locked_at": null, "locked_by": null, "seo_title": "", "go_live_at": null, "draft_title": "Home", "content_type": 2, "hero_eyebrow": "Your Immigration Partner", "hero_heading": "hhhhhhhhhh", "live_revision": 74, "show_in_menus": false, "latest_revision": 75, "translation_key": "7fda9c38-b346-4986-a696-18201f90d4cf", "last_published_at": "2026-05-03T17:15:49.854Z", "first_published_at": "2026-05-03T17:15:49.854Z", "primary_button_url": "", "search_description": "", "primary_button_text": "Book a Consultation", "secondary_button_url": "", "secondary_button_text": "Our Services", "wagtail_admin_comments": [], "has_unpublished_changes": true, "latest_revision_created_at": "2026-05-03T17:20:57.726Z"}	\N	3	1	2	1	Home
71	2026-05-03 17:15:19.565027+00	{"pk": 3, "live": true, "path": "00010001", "slug": "home", "depth": 2, "owner": null, "title": "Home", "locale": 1, "locked": false, "expired": false, "alias_of": null, "numchild": 5, "url_path": "/home/", "expire_at": null, "hero_text": "", "locked_at": null, "locked_by": null, "seo_title": "", "go_live_at": null, "draft_title": "Home", "content_type": 2, "hero_eyebrow": "kkkkkkkkk", "hero_heading": "", "live_revision": null, "show_in_menus": false, "latest_revision": 70, "translation_key": "7fda9c38-b346-4986-a696-18201f90d4cf", "last_published_at": null, "first_published_at": null, "primary_button_url": "", "search_description": "", "primary_button_text": "", "secondary_button_url": "", "secondary_button_text": "", "wagtail_admin_comments": [], "has_unpublished_changes": true, "latest_revision_created_at": "2026-05-03T17:15:16.490Z"}	\N	3	1	2	1	Home
132	2026-05-03 20:12:34.448601+00	{"pk": 30, "body": "<p data-block-key=\\"7inzo\\">Canada Globalview International Immigration Ltd. is a professional immigration consulting firm registered with the Canadian federal government and authorized by Immigration, Refugees and Citizenship Canada (IRCC). Our founders have accumulated extensive industry experience since 2009 and possess a deep understanding of Canadian immigration programs and regulations. We are one of the earliest immigration consulting firms to specialize in Provincial Nominee Program (PNP) business immigration programs, boasting strong professional advantages in business immigration applications and consistently maintaining a high success rate. All applications are personally handled by experienced, licensed Canadian immigration consultants and business experts, ensuring professional, efficient, and reliable services to help you and your family successfully immigrate to Canada.</p>", "live": false, "path": "000100020003", "slug": "about", "depth": 3, "intro": "<p data-block-key=\\"2jmu2\\">Globalview International Immigration</p>", "owner": 1, "title": "About Us", "locale": 2, "locked": false, "expired": false, "alias_of": null, "numchild": 0, "url_path": "/home-1/about/", "expire_at": null, "locked_at": null, "locked_by": null, "seo_title": "About Us", "go_live_at": null, "draft_title": "About Us", "content_type": 52, "live_revision": null, "show_in_menus": false, "latest_revision": 131, "translation_key": "53e99e8f-17df-4c04-a8b0-a10bb2bc530f", "last_published_at": null, "first_published_at": null, "search_description": "", "wagtail_admin_comments": [], "has_unpublished_changes": true, "latest_revision_created_at": "2026-05-03T20:12:34.409Z"}	\N	30	1	52	1	About Us
134	2026-05-03 20:12:34.623598+00	{"pk": 31, "live": false, "path": "000100020004", "slug": "inquiry", "depth": 3, "intro": "<p data-block-key=\\"aayaj\\">Please reach out with any questions and we will be happy to get back to you.</p>", "owner": 1, "title": "Inquiry", "locale": 2, "locked": false, "expired": false, "alias_of": null, "email_to": "golfknut@gmail.com", "numchild": 0, "url_path": "/home-1/inquiry/", "expire_at": null, "locked_at": null, "locked_by": null, "seo_title": "Inquiry", "email_from": "bgr7597@hotmail.com", "go_live_at": null, "draft_title": "Inquiry", "content_type": 53, "email_subject": "Consultation Request", "live_revision": null, "show_in_menus": false, "thank_you_text": "<p data-block-key=\\"afig6\\">Thank you for your interest in our services!</p>", "latest_revision": 133, "translation_key": "b98210f7-10ba-4d4e-b082-7e0b28c82d7f", "last_published_at": null, "first_published_at": null, "search_description": "", "wagtail_admin_comments": [], "has_unpublished_changes": true, "latest_revision_created_at": "2026-05-03T20:12:34.582Z"}	\N	31	1	53	1	Inquiry
50	2026-04-21 22:30:47.357516+00	{"pk": 11, "live": false, "path": "000100010004", "slug": "inquiry", "depth": 3, "intro": "<p data-block-key=\\"aayaj\\">Please reach out with any questions and we will be happy to get back to you.</p>", "owner": 1, "title": "Inquiry", "locale": 1, "locked": false, "expired": false, "alias_of": null, "email_to": "bgr7597@hotmail.com", "numchild": 0, "url_path": "/home/inquiry/", "expire_at": null, "locked_at": null, "locked_by": null, "seo_title": "", "email_from": "bgr7597@hotmail.com", "go_live_at": null, "draft_title": "Inquiry", "content_type": 53, "email_subject": "New website inquiry", "live_revision": null, "show_in_menus": false, "thank_you_text": "<p data-block-key=\\"afig6\\">Thank you for your interest in our services!</p>", "latest_revision": 49, "translation_key": "b98210f7-10ba-4d4e-b082-7e0b28c82d7f", "last_published_at": null, "first_published_at": null, "search_description": "", "wagtail_admin_comments": [], "has_unpublished_changes": true, "latest_revision_created_at": "2026-04-21T22:30:40.339Z"}	\N	11	1	53	1	Inquiry
165	2026-05-07 23:20:42.917777+00	{"pk": 11, "live": true, "path": "000100010004", "slug": "inquiry", "depth": 3, "intro": "<p data-block-key=\\"aayaj\\">Please reach out if you would like to schedule a consultation and we will be happy to get back to you.</p>", "owner": 1, "title": "Book a Consultation", "locale": 1, "locked": false, "expired": false, "alias_of": null, "email_to": "golfknut@gmail.com", "numchild": 0, "url_path": "/home/inquiry/", "expire_at": null, "locked_at": null, "locked_by": null, "seo_title": "Inquiry", "email_from": "bgr7597@hotmail.com", "go_live_at": null, "name_label": "Full name", "draft_title": "Book a Consultation", "email_label": "Email address", "phone_label": "Phone number", "content_type": 53, "hero_eyebrow": "Contact us", "captcha_label": "Captcha", "email_subject": "Consultation Request", "live_revision": 161, "message_label": "How can we help?", "show_in_menus": false, "thank_you_text": "<p data-block-key=\\"afig6\\">Thank you for your interest in our services!</p>", "latest_revision": 164, "translation_key": "b98210f7-10ba-4d4e-b082-7e0b28c82d7f", "name_placeholder": "Your full name", "email_placeholder": "you@example.com", "last_published_at": "2026-05-07T23:16:59.197Z", "phone_placeholder": "555-555-5555", "first_published_at": "2026-04-21T22:30:47.386Z", "search_description": "", "submit_button_text": "Send Consultation Request", "message_placeholder": "Tell us a little about your immigration needs.", "wagtail_admin_comments": [], "has_unpublished_changes": true, "latest_revision_created_at": "2026-05-07T23:20:38.767Z"}	\N	11	1	53	1	Book a Consultation
77	2026-05-03 17:21:06.187862+00	{"pk": 3, "live": true, "path": "00010001", "slug": "home", "depth": 2, "owner": null, "title": "Home", "locale": 1, "locked": false, "expired": false, "alias_of": null, "numchild": 5, "url_path": "/home/", "expire_at": null, "hero_text": "wwwwwwwwwwwww", "locked_at": null, "locked_by": null, "seo_title": "", "go_live_at": null, "draft_title": "Home", "content_type": 2, "hero_eyebrow": "Your Immigration Partner", "hero_heading": "hhhhhhhhhh", "live_revision": 74, "show_in_menus": false, "latest_revision": 76, "translation_key": "7fda9c38-b346-4986-a696-18201f90d4cf", "last_published_at": "2026-05-03T17:15:49.854Z", "first_published_at": "2026-05-03T17:15:49.854Z", "primary_button_url": "", "search_description": "", "primary_button_text": "Book a Consultation", "secondary_button_url": "", "secondary_button_text": "Our Services", "wagtail_admin_comments": [], "has_unpublished_changes": true, "latest_revision_created_at": "2026-05-03T17:21:00.389Z"}	\N	3	1	2	1	Home
78	2026-05-03 17:33:45.147952+00	{"pk": 3, "live": true, "path": "00010001", "slug": "home", "depth": 2, "owner": null, "title": "Home", "locale": 1, "locked": false, "expired": false, "alias_of": null, "numchild": 5, "url_path": "/home/", "expire_at": null, "hero_text": "Protect your Canadian dream for you and your family", "locked_at": null, "locked_by": null, "seo_title": "", "go_live_at": null, "draft_title": "Home", "content_type": 2, "hero_eyebrow": "Your Immigration Partner", "hero_heading": "Globalview International Immigration", "live_revision": 77, "show_in_menus": false, "latest_revision": 78, "translation_key": "7fda9c38-b346-4986-a696-18201f90d4cf", "last_published_at": "2026-05-03T17:21:06.309Z", "first_published_at": "2026-05-03T17:15:49.854Z", "primary_button_url": "/inquiry", "search_description": "", "primary_button_text": "Book a Consultation", "secondary_button_url": "/service", "secondary_button_text": "Our Services", "wagtail_admin_comments": [], "has_unpublished_changes": true, "latest_revision_created_at": "2026-05-03T17:33:41.625Z"}	\N	3	1	2	1	Home
79	2026-05-03 17:33:46.901783+00	{"pk": 3, "live": true, "path": "00010001", "slug": "home", "depth": 2, "owner": null, "title": "Home", "locale": 1, "locked": false, "expired": false, "alias_of": null, "numchild": 5, "url_path": "/home/", "expire_at": null, "hero_text": "Protect your Canadian dream for you and your family", "locked_at": null, "locked_by": null, "seo_title": "", "go_live_at": null, "draft_title": "Home", "content_type": 2, "hero_eyebrow": "Your Immigration Partner", "hero_heading": "Globalview International Immigration", "live_revision": 77, "show_in_menus": false, "latest_revision": 78, "translation_key": "7fda9c38-b346-4986-a696-18201f90d4cf", "last_published_at": "2026-05-03T17:21:06.309Z", "first_published_at": "2026-05-03T17:15:49.854Z", "primary_button_url": "/inquiry", "search_description": "", "primary_button_text": "Book a Consultation", "secondary_button_url": "/services", "secondary_button_text": "Our Services", "wagtail_admin_comments": [], "has_unpublished_changes": true, "latest_revision_created_at": "2026-05-03T17:33:45.147Z"}	\N	3	1	2	1	Home
80	2026-05-03 17:33:49.860194+00	{"pk": 3, "live": true, "path": "00010001", "slug": "home", "depth": 2, "owner": null, "title": "Home", "locale": 1, "locked": false, "expired": false, "alias_of": null, "numchild": 5, "url_path": "/home/", "expire_at": null, "hero_text": "Protect your Canadian dream for you and your family", "locked_at": null, "locked_by": null, "seo_title": "", "go_live_at": null, "draft_title": "Home", "content_type": 2, "hero_eyebrow": "Your Immigration Partner", "hero_heading": "Globalview International Immigration", "live_revision": 77, "show_in_menus": false, "latest_revision": 79, "translation_key": "7fda9c38-b346-4986-a696-18201f90d4cf", "last_published_at": "2026-05-03T17:21:06.309Z", "first_published_at": "2026-05-03T17:15:49.854Z", "primary_button_url": "/inquiry", "search_description": "", "primary_button_text": "Book a Consultation", "secondary_button_url": "/services", "secondary_button_text": "Our Services", "wagtail_admin_comments": [], "has_unpublished_changes": true, "latest_revision_created_at": "2026-05-03T17:33:46.901Z"}	\N	3	1	2	1	Home
163	2026-05-07 23:20:35.983973+00	{"pk": 11, "live": true, "path": "000100010004", "slug": "inquiry", "depth": 3, "intro": "<p data-block-key=\\"aayaj\\">Please reach out if you would like to schedule a consultation and we will be happy to get back to you.</p>", "owner": 1, "title": "Book a Consultation", "locale": 1, "locked": false, "expired": false, "alias_of": null, "email_to": "golfknut@gmail.com", "numchild": 0, "url_path": "/home/inquiry/", "expire_at": null, "locked_at": null, "locked_by": null, "seo_title": "Inquiry", "email_from": "bgr7597@hotmail.com", "go_live_at": null, "name_label": "Full name", "draft_title": "Book a Consult", "email_label": "Email address", "phone_label": "Phone number", "content_type": 53, "hero_eyebrow": "Contact us", "captcha_label": "Captcha", "email_subject": "Consultation Request", "live_revision": 161, "message_label": "How can we help?", "show_in_menus": false, "thank_you_text": "<p data-block-key=\\"afig6\\">Thank you for your interest in our services!</p>", "latest_revision": 163, "translation_key": "b98210f7-10ba-4d4e-b082-7e0b28c82d7f", "name_placeholder": "Your full name", "email_placeholder": "you@example.com", "last_published_at": "2026-05-07T23:16:59.197Z", "phone_placeholder": "555-555-5555", "first_published_at": "2026-04-21T22:30:47.386Z", "search_description": "", "submit_button_text": "Send Consultation Request", "message_placeholder": "Tell us a little about your immigration needs.", "wagtail_admin_comments": [], "has_unpublished_changes": true, "latest_revision_created_at": "2026-05-07T23:20:34.448Z"}	\N	11	1	53	1	Book a Consultation
164	2026-05-07 23:20:38.767169+00	{"pk": 11, "live": true, "path": "000100010004", "slug": "inquiry", "depth": 3, "intro": "<p data-block-key=\\"aayaj\\">Please reach out if you would like to schedule a consultation and we will be happy to get back to you.</p>", "owner": 1, "title": "Book a Consultation", "locale": 1, "locked": false, "expired": false, "alias_of": null, "email_to": "golfknut@gmail.com", "numchild": 0, "url_path": "/home/inquiry/", "expire_at": null, "locked_at": null, "locked_by": null, "seo_title": "Inquiry", "email_from": "bgr7597@hotmail.com", "go_live_at": null, "name_label": "Full name", "draft_title": "Book a Consultation", "email_label": "Email address", "phone_label": "Phone number", "content_type": 53, "hero_eyebrow": "Contact us", "captcha_label": "Captcha", "email_subject": "Consultation Request", "live_revision": 161, "message_label": "How can we help?", "show_in_menus": false, "thank_you_text": "<p data-block-key=\\"afig6\\">Thank you for your interest in our services!</p>", "latest_revision": 163, "translation_key": "b98210f7-10ba-4d4e-b082-7e0b28c82d7f", "name_placeholder": "Your full name", "email_placeholder": "you@example.com", "last_published_at": "2026-05-07T23:16:59.197Z", "phone_placeholder": "555-555-5555", "first_published_at": "2026-04-21T22:30:47.386Z", "search_description": "", "submit_button_text": "Send Consultation Request", "message_placeholder": "Tell us a little about your immigration needs.", "wagtail_admin_comments": [], "has_unpublished_changes": true, "latest_revision_created_at": "2026-05-07T23:20:35.983Z"}	\N	11	1	53	1	Book a Consultation
103	2026-05-03 19:03:07.679551+00	{"pk": 11, "live": true, "path": "000100010004", "slug": "inquiry", "depth": 3, "intro": "<p data-block-key=\\"aayaj\\">Please reach out with any questions and we will be happy to get back to you.</p>", "owner": 1, "title": "Inquiry", "locale": 1, "locked": false, "expired": false, "alias_of": null, "email_to": "golfknut@gmail.com", "numchild": 0, "url_path": "/home/inquiry/", "expire_at": null, "locked_at": null, "locked_by": null, "seo_title": "Inquiry", "email_from": "bgr7597@hotmail.com", "go_live_at": null, "draft_title": "Inquiry", "content_type": 53, "email_subject": "Consultation Request", "live_revision": 56, "show_in_menus": false, "thank_you_text": "<p data-block-key=\\"afig6\\">Thank you for your interest in our services!</p>", "latest_revision": 102, "translation_key": "b98210f7-10ba-4d4e-b082-7e0b28c82d7f", "last_published_at": "2026-04-22T12:08:17.676Z", "first_published_at": "2026-04-21T22:30:47.386Z", "search_description": "", "wagtail_admin_comments": [], "has_unpublished_changes": true, "latest_revision_created_at": "2026-05-03T19:03:03.914Z"}	\N	11	1	53	1	Inquiry
55	2026-04-22 12:08:11.162953+00	{"pk": 11, "live": true, "path": "000100010004", "slug": "inquiry", "depth": 3, "intro": "<p data-block-key=\\"aayaj\\">Please reach out with any questions and we will be happy to get back to you.</p>", "owner": 1, "title": "Inquiry", "locale": 1, "locked": false, "expired": false, "alias_of": null, "email_to": "golfknut@gmail.com", "numchild": 0, "url_path": "/home/inquiry/", "expire_at": null, "locked_at": null, "locked_by": null, "seo_title": "Inquiry", "email_from": "bgr7597@hotmail.com", "go_live_at": null, "draft_title": "Inquiry", "content_type": 53, "email_subject": "New website inquiry", "live_revision": 53, "show_in_menus": false, "thank_you_text": "<p data-block-key=\\"afig6\\">Thank you for your interest in our services!</p>", "latest_revision": 54, "translation_key": "b98210f7-10ba-4d4e-b082-7e0b28c82d7f", "last_published_at": "2026-04-21T22:31:51.420Z", "first_published_at": "2026-04-21T22:30:47.386Z", "search_description": "", "wagtail_admin_comments": [], "has_unpublished_changes": true, "latest_revision_created_at": "2026-04-22T12:08:04.809Z"}	\N	11	1	53	1	Inquiry
56	2026-04-22 12:08:17.646678+00	{"pk": 11, "live": true, "path": "000100010004", "slug": "inquiry", "depth": 3, "intro": "<p data-block-key=\\"aayaj\\">Please reach out with any questions and we will be happy to get back to you.</p>", "owner": 1, "title": "Inquiry", "locale": 1, "locked": false, "expired": false, "alias_of": null, "email_to": "golfknut@gmail.com", "numchild": 0, "url_path": "/home/inquiry/", "expire_at": null, "locked_at": null, "locked_by": null, "seo_title": "Inquiry", "email_from": "bgr7597@hotmail.com", "go_live_at": null, "draft_title": "Inquiry", "content_type": 53, "email_subject": "New website inquiry", "live_revision": 53, "show_in_menus": false, "thank_you_text": "<p data-block-key=\\"afig6\\">Thank you for your interest in our services!</p>", "latest_revision": 55, "translation_key": "b98210f7-10ba-4d4e-b082-7e0b28c82d7f", "last_published_at": "2026-04-21T22:31:51.420Z", "first_published_at": "2026-04-21T22:30:47.386Z", "search_description": "", "wagtail_admin_comments": [], "has_unpublished_changes": true, "latest_revision_created_at": "2026-04-22T12:08:11.162Z"}	\N	11	1	53	1	Inquiry
148	2026-05-04 23:29:45.184746+00	{"pk": 29, "body": "<p data-block-key=\\"1vm2i\\">博客内容区</p>", "date": "2026-04-19", "live": true, "path": "0001000200020001", "slug": "our-first-blog", "depth": 4, "image": null, "intro": "博客介绍文本", "owner": 1, "title": "我们的第一个博客", "locale": 2, "locked": false, "expired": false, "alias_of": null, "numchild": 0, "url_path": "/home/blog/our-first-blog/", "expire_at": null, "locked_at": null, "locked_by": null, "seo_title": "", "go_live_at": null, "draft_title": "我们的第一个博客", "content_type": 48, "article_label": "文章", "live_revision": 147, "show_in_menus": false, "latest_revision": 147, "translation_key": "7f172c69-2353-48f6-9fec-10c7876b9188", "back_to_blog_text": "← 返回博客", "last_published_at": "2026-05-04T23:19:04.338Z", "first_published_at": "2026-05-03T20:12:35.306Z", "search_description": "", "wagtail_admin_comments": [], "has_unpublished_changes": false, "latest_revision_created_at": "2026-05-04T23:19:04.229Z"}	\N	29	1	48	1	我们的第一个博客
135	2026-05-03 20:15:09.081276+00	{"pk": 24, "live": true, "path": "00010002", "slug": "home-1", "depth": 2, "owner": null, "title": "Home", "locale": 2, "locked": false, "expired": false, "alias_of": null, "numchild": 0, "url_path": "/home-1/", "expire_at": null, "hero_text": "Protect your Canadian dream for you and your family", "locked_at": null, "locked_by": null, "seo_title": "", "go_live_at": null, "draft_title": "Home", "content_type": 2, "hero_eyebrow": "Your Immigration Partner", "hero_heading": "Globalview International Immigration", "live_revision": 120, "show_in_menus": false, "latest_revision": 120, "translation_key": "7fda9c38-b346-4986-a696-18201f90d4cf", "last_published_at": "2026-05-03T20:12:34.718Z", "first_published_at": "2026-05-03T20:12:34.718Z", "primary_button_url": "/inquiry", "search_description": "", "primary_button_text": "Book a Consultation", "secondary_button_url": "/services", "secondary_button_text": "Our Services", "wagtail_admin_comments": [], "has_unpublished_changes": false, "latest_revision_created_at": "2026-05-03T20:12:33.588Z"}	\N	24	1	2	1	Home
49	2026-04-21 22:30:40.339046+00	{"pk": 11, "live": false, "path": "000100010004", "slug": "inquiry", "depth": 3, "intro": "<p data-block-key=\\"aayaj\\">Please reach out with any questions and we will be happy to get back to you.</p>", "owner": 1, "title": "Inquiry", "locale": 1, "locked": false, "expired": false, "alias_of": null, "email_to": "bgr7597@hotmail.com", "numchild": 0, "url_path": "/home/inquiry/", "expire_at": null, "locked_at": null, "locked_by": null, "seo_title": "", "email_from": "bgr7597@hotmail.com", "go_live_at": null, "draft_title": "Inquiry", "content_type": 53, "email_subject": "New website inquiry", "live_revision": null, "show_in_menus": false, "thank_you_text": "<p data-block-key=\\"afig6\\">Thank you for your interest in our services!</p>", "latest_revision": 48, "translation_key": "b98210f7-10ba-4d4e-b082-7e0b28c82d7f", "last_published_at": null, "first_published_at": null, "search_description": "", "wagtail_admin_comments": [], "has_unpublished_changes": true, "latest_revision_created_at": "2026-04-21T22:30:12.556Z"}	\N	11	1	53	1	Inquiry
131	2026-05-03 20:12:34.409582+00	{"pk": 30, "body": "<p data-block-key=\\"7inzo\\">Canada Globalview International Immigration Ltd. is a professional immigration consulting firm registered with the Canadian federal government and authorized by Immigration, Refugees and Citizenship Canada (IRCC). Our founders have accumulated extensive industry experience since 2009 and possess a deep understanding of Canadian immigration programs and regulations. We are one of the earliest immigration consulting firms to specialize in Provincial Nominee Program (PNP) business immigration programs, boasting strong professional advantages in business immigration applications and consistently maintaining a high success rate. All applications are personally handled by experienced, licensed Canadian immigration consultants and business experts, ensuring professional, efficient, and reliable services to help you and your family successfully immigrate to Canada.</p>", "live": false, "path": "000100020003", "slug": "about", "depth": 3, "intro": "<p data-block-key=\\"2jmu2\\">Globalview International Immigration</p>", "owner": 1, "title": "About Us", "locale": 2, "locked": false, "expired": false, "alias_of": null, "numchild": 0, "url_path": "/home-1/about/", "expire_at": null, "locked_at": null, "locked_by": null, "seo_title": "About Us", "go_live_at": null, "draft_title": "About Us", "content_type": 52, "live_revision": null, "show_in_menus": false, "latest_revision": null, "translation_key": "53e99e8f-17df-4c04-a8b0-a10bb2bc530f", "last_published_at": null, "first_published_at": null, "search_description": "", "wagtail_admin_comments": [], "has_unpublished_changes": true, "latest_revision_created_at": "2026-05-03T19:04:30.713Z"}	\N	30	\N	52	1	About Us
149	2026-05-04 23:31:10.748992+00	{"pk": 29, "body": "<p data-block-key=\\"1vm2i\\">博客内容区</p>", "date": "2026-04-19", "live": true, "path": "0001000200020001", "slug": "our-first-blog", "depth": 4, "image": null, "intro": "博客介绍文本", "owner": 1, "title": "我们的第一个博客", "locale": 2, "locked": false, "expired": false, "alias_of": null, "numchild": 0, "url_path": "/home/blog/our-first-blog/", "expire_at": null, "locked_at": null, "locked_by": null, "seo_title": "", "go_live_at": null, "draft_title": "我们的第一个博客", "content_type": 48, "article_label": "文章", "live_revision": 148, "show_in_menus": false, "latest_revision": 148, "translation_key": "7f172c69-2353-48f6-9fec-10c7876b9188", "back_to_blog_text": "← 返回博客", "last_published_at": "2026-05-04T23:29:45.237Z", "first_published_at": "2026-05-03T20:12:35.306Z", "search_description": "", "wagtail_admin_comments": [], "has_unpublished_changes": false, "latest_revision_created_at": "2026-05-04T23:29:45.184Z"}	\N	29	1	48	1	我们的第一个博客
136	2026-05-03 20:22:13.749135+00	{"pk": 24, "live": true, "path": "00010002", "slug": "home-1", "depth": 2, "owner": null, "title": "Home", "locale": 2, "locked": false, "expired": false, "alias_of": null, "numchild": 0, "url_path": "/home-1/", "expire_at": null, "hero_text": "Protect your Canadian dream for you and your family", "locked_at": null, "locked_by": null, "seo_title": "", "go_live_at": null, "draft_title": "Home", "content_type": 2, "hero_eyebrow": "Your Immigration Partner", "hero_heading": "Globalview International Immigration", "live_revision": 135, "show_in_menus": false, "latest_revision": 135, "translation_key": "7fda9c38-b346-4986-a696-18201f90d4cf", "last_published_at": "2026-05-03T20:15:09.176Z", "first_published_at": "2026-05-03T20:12:34.718Z", "primary_button_url": "/inquiry", "search_description": "", "primary_button_text": "Book a Consultation", "secondary_button_url": "/services", "secondary_button_text": "Our Services", "wagtail_admin_comments": [], "has_unpublished_changes": false, "latest_revision_created_at": "2026-05-03T20:15:09.081Z"}	\N	24	1	2	1	Home
119	2026-05-03 20:12:33.546484+00	{"pk": 24, "live": false, "path": "00010002", "slug": "home-zh-hans", "depth": 2, "owner": null, "title": "Home", "locale": 2, "locked": false, "expired": false, "alias_of": null, "numchild": 0, "url_path": "/home-zh-hans/", "expire_at": null, "hero_text": "Protect your Canadian dream for you and your family", "locked_at": null, "locked_by": null, "seo_title": "", "go_live_at": null, "draft_title": "Home", "content_type": 2, "hero_eyebrow": "Your Immigration Partner", "hero_heading": "Globalview International Immigration", "live_revision": null, "show_in_menus": false, "latest_revision": null, "translation_key": "7fda9c38-b346-4986-a696-18201f90d4cf", "last_published_at": null, "first_published_at": null, "primary_button_url": "/inquiry", "search_description": "", "primary_button_text": "Book a Consultation", "secondary_button_url": "/services", "secondary_button_text": "Our Services", "wagtail_admin_comments": [], "has_unpublished_changes": true, "latest_revision_created_at": "2026-05-03T17:33:49.860Z"}	\N	24	\N	2	1	Home
137	2026-05-03 20:44:31.564825+00	{"pk": 24, "live": true, "path": "00010002", "slug": "sh", "depth": 2, "owner": null, "title": "主页", "locale": 2, "locked": false, "expired": false, "alias_of": null, "numchild": 0, "url_path": "/sh/", "expire_at": null, "hero_text": "保护您和您家人的加拿大梦", "locked_at": null, "locked_by": null, "seo_title": "", "go_live_at": null, "draft_title": "主页", "content_type": 2, "hero_eyebrow": "您的移民合作伙伴", "hero_heading": "全球视野国际移民", "live_revision": 136, "show_in_menus": false, "latest_revision": 136, "translation_key": "7fda9c38-b346-4986-a696-18201f90d4cf", "last_published_at": "2026-05-03T20:22:13.797Z", "first_published_at": "2026-05-03T20:12:34.718Z", "primary_button_url": "/inquiry", "search_description": "", "primary_button_text": "预约咨询", "secondary_button_url": "/services", "secondary_button_text": "我们的服务", "wagtail_admin_comments": [], "has_unpublished_changes": false, "latest_revision_created_at": "2026-05-03T20:22:13.749Z"}	\N	24	1	2	1	主页
156	2026-05-07 22:30:50.023342+00	{"pk": 11, "live": true, "path": "000100010004", "slug": "inquiry", "depth": 3, "intro": "<p data-block-key=\\"aayaj\\">Please reach out if you would like to schedule a consultation and we will be happy to get back to you.</p>", "owner": 1, "title": "Inquiry", "locale": 1, "locked": false, "expired": false, "alias_of": null, "email_to": "golfknut@gmail.com", "numchild": 0, "url_path": "/home/inquiry/", "expire_at": null, "locked_at": null, "locked_by": null, "seo_title": "Inquiry", "email_from": "bgr7597@hotmail.com", "go_live_at": null, "name_label": "Full name", "draft_title": "Inquiry", "email_label": "Email address", "phone_label": "Phone number", "content_type": 53, "hero_eyebrow": "Contact us", "captcha_label": "Captcha", "email_subject": "Consultation Request", "live_revision": 103, "message_label": "How can we help?", "show_in_menus": false, "thank_you_text": "<p data-block-key=\\"afig6\\">Thank you for your interest in our services!</p>", "latest_revision": 155, "translation_key": "b98210f7-10ba-4d4e-b082-7e0b28c82d7f", "name_placeholder": "Your full name", "email_placeholder": "you@example.com", "last_published_at": "2026-05-03T19:03:07.716Z", "phone_placeholder": "555-555-5555", "first_published_at": "2026-04-21T22:30:47.386Z", "search_description": "", "submit_button_text": "Send Request", "message_placeholder": "Tell us a little about your immigration needs.", "wagtail_admin_comments": [], "has_unpublished_changes": true, "latest_revision_created_at": "2026-05-07T22:30:43.685Z"}	\N	11	1	53	1	Inquiry
145	2026-05-04 12:11:02.228804+00	{"pk": 30, "body": "<p data-block-key=\\"7inzo\\">加拿大环球国际移民有限公司是一家专业的移民咨询公司，已在加拿大联邦政府注册，并获得加拿大移民、难民和公民部 (IRCC) 的授权。自 2009 年以来，我们的创始人积累了丰富的行业经验，对加拿大移民项目和法规有着深刻的理解。我们是最早专注于省提名计划 (PNP) 商业移民项目的移民咨询公司之一，在商业移民申请方面拥有强大的专业优势，并始终保持着很高的成功率。所有申请均由经验丰富、持有执照的加拿大移民顾问和商业专家亲自处理，确保为您和您的家人提供专业、高效、可靠的服务，助您成功移民加拿大</p>", "live": true, "path": "000100020003", "slug": "about", "depth": 3, "intro": "<p data-block-key=\\"2jmu2\\">全球视野国际移民</p>", "owner": 1, "title": "关于我们", "locale": 2, "locked": false, "expired": false, "alias_of": null, "numchild": 0, "url_path": "/home/about/", "expire_at": null, "locked_at": null, "locked_by": null, "seo_title": "About Us", "go_live_at": null, "draft_title": "关于我们", "content_type": 52, "live_revision": 132, "show_in_menus": false, "latest_revision": 132, "translation_key": "53e99e8f-17df-4c04-a8b0-a10bb2bc530f", "last_published_at": "2026-05-03T20:12:35.415Z", "first_published_at": "2026-05-03T20:12:35.415Z", "search_description": "", "wagtail_admin_comments": [], "has_unpublished_changes": false, "latest_revision_created_at": "2026-05-03T20:12:34.448Z"}	\N	30	1	52	1	关于我们
150	2026-05-07 11:27:46.246497+00	{"pk": 25, "live": true, "path": "000100020001", "slug": "services", "depth": 3, "intro": "<p data-block-key=\\"pcve9\\">Globalview International Immigration 可以协助办理各种移民项目，这些项目会随着时间推移而陆续推出。然而，以下是我们被要求协助办理的一些最常见的项目.</p>", "owner": 1, "title": "我们的服务", "locale": 2, "locked": false, "expired": false, "alias_of": null, "numchild": 2, "url_path": "/home/services/", "expire_at": null, "locked_at": null, "locked_by": null, "seo_title": "", "go_live_at": null, "draft_title": "我们的服务", "content_type": 46, "hero_eyebrow": "服务", "live_revision": 143, "show_in_menus": false, "services_intro": "浏览我们提供的服务区域，选择最符合您需求的选项", "latest_revision": 143, "translation_key": "5143db77-4839-4c26-82d9-aace00f3b48f", "services_heading": "移民服务", "last_published_at": "2026-05-04T12:03:39.993Z", "service_card_text": "了解更多关于这项服务以及我们如何为您提供帮助的信息", "view_service_text": "查看服务", "first_published_at": "2026-05-03T20:12:34.835Z", "search_description": "", "empty_services_text": "此处暂无任何服务", "wagtail_admin_comments": [], "has_unpublished_changes": false, "latest_revision_created_at": "2026-05-04T12:03:39.951Z"}	\N	25	1	46	1	我们的服务
139	2026-05-03 21:08:53.168626+00	{"pk": 25, "live": true, "path": "000100020001", "slug": "services", "depth": 3, "intro": "<p data-block-key=\\"pcve9\\">Globalview International Immigration 可以协助办理各种移民项目，这些项目会随着时间推移而陆续推出。然而，以下是我们被要求协助办理的一些最常见的项目.</p>", "owner": 1, "title": "我们的服务", "locale": 2, "locked": false, "expired": false, "alias_of": null, "numchild": 0, "url_path": "/zh/services/", "expire_at": null, "locked_at": null, "locked_by": null, "seo_title": "", "go_live_at": null, "draft_title": "我们的服务", "content_type": 46, "live_revision": 122, "show_in_menus": false, "latest_revision": 122, "translation_key": "5143db77-4839-4c26-82d9-aace00f3b48f", "last_published_at": "2026-05-03T20:12:34.835Z", "first_published_at": "2026-05-03T20:12:34.835Z", "search_description": "", "wagtail_admin_comments": [], "has_unpublished_changes": false, "latest_revision_created_at": "2026-05-03T20:12:33.726Z"}	\N	25	1	46	1	我们的服务
138	2026-05-03 20:48:05.464265+00	{"pk": 24, "live": true, "path": "00010002", "slug": "zh", "depth": 2, "owner": null, "title": "主页", "locale": 2, "locked": false, "expired": false, "alias_of": null, "numchild": 0, "url_path": "/zh/", "expire_at": null, "hero_text": "保护您和您家人的加拿大梦", "locked_at": null, "locked_by": null, "seo_title": "", "go_live_at": null, "draft_title": "主页", "content_type": 2, "hero_eyebrow": "您的移民合作伙伴", "hero_heading": "全球视野国际移民", "live_revision": 137, "show_in_menus": false, "latest_revision": 137, "translation_key": "7fda9c38-b346-4986-a696-18201f90d4cf", "last_published_at": "2026-05-03T20:44:31.632Z", "first_published_at": "2026-05-03T20:12:34.718Z", "primary_button_url": "/inquiry", "search_description": "", "primary_button_text": "预约咨询", "secondary_button_url": "/services", "secondary_button_text": "我们的服务", "wagtail_admin_comments": [], "has_unpublished_changes": false, "latest_revision_created_at": "2026-05-03T20:44:31.564Z"}	\N	24	1	2	1	主页
51	2026-04-21 22:31:27.864302+00	{"pk": 11, "live": true, "path": "000100010004", "slug": "inquiry", "depth": 3, "intro": "<p data-block-key=\\"aayaj\\">Please reach out with any questions and we will be happy to get back to you.</p>", "owner": 1, "title": "Inquiry", "locale": 1, "locked": false, "expired": false, "alias_of": null, "email_to": "bgr7597@hotmail.com", "numchild": 0, "url_path": "/home/inquiry/", "expire_at": null, "locked_at": null, "locked_by": null, "seo_title": "Inquiry", "email_from": "bgr7597@hotmail.com", "go_live_at": null, "draft_title": "Inquiry", "content_type": 53, "email_subject": "New website inquiry", "live_revision": 50, "show_in_menus": false, "thank_you_text": "<p data-block-key=\\"afig6\\">Thank you for your interest in our services!</p>", "latest_revision": 51, "translation_key": "b98210f7-10ba-4d4e-b082-7e0b28c82d7f", "last_published_at": "2026-04-21T22:30:47.386Z", "first_published_at": "2026-04-21T22:30:47.386Z", "search_description": "", "wagtail_admin_comments": [], "has_unpublished_changes": true, "latest_revision_created_at": "2026-04-21T22:31:26.368Z"}	\N	11	1	53	1	Inquiry
157	2026-05-07 22:30:54.391839+00	{"pk": 11, "live": true, "path": "000100010004", "slug": "inquiry", "depth": 3, "intro": "<p data-block-key=\\"aayaj\\">Please reach out if you would like to schedule a consultation and we will be happy to get back to you.</p>", "owner": 1, "title": "Inquiry", "locale": 1, "locked": false, "expired": false, "alias_of": null, "email_to": "golfknut@gmail.com", "numchild": 0, "url_path": "/home/inquiry/", "expire_at": null, "locked_at": null, "locked_by": null, "seo_title": "Inquiry", "email_from": "bgr7597@hotmail.com", "go_live_at": null, "name_label": "Full name", "draft_title": "Inquiry", "email_label": "Email address", "phone_label": "Phone number", "content_type": 53, "hero_eyebrow": "Contact us", "captcha_label": "Captcha", "email_subject": "Consultation Request", "live_revision": 103, "message_label": "How can we help?", "show_in_menus": false, "thank_you_text": "<p data-block-key=\\"afig6\\">Thank you for your interest in our services!</p>", "latest_revision": 156, "translation_key": "b98210f7-10ba-4d4e-b082-7e0b28c82d7f", "name_placeholder": "Your full name", "email_placeholder": "you@example.com", "last_published_at": "2026-05-03T19:03:07.716Z", "phone_placeholder": "555-555-5555", "first_published_at": "2026-04-21T22:30:47.386Z", "search_description": "", "submit_button_text": "Send Request", "message_placeholder": "Tell us a little about your immigration needs.", "wagtail_admin_comments": [], "has_unpublished_changes": true, "latest_revision_created_at": "2026-05-07T22:30:50.023Z"}	\N	11	1	53	1	Inquiry
160	2026-05-07 23:16:55.346421+00	{"pk": 11, "live": true, "path": "000100010004", "slug": "inquiry", "depth": 3, "intro": "<p data-block-key=\\"aayaj\\">Please reach out if you would like to schedule a consultation and we will be happy to get back to you.</p>", "owner": 1, "title": "Inquiry", "locale": 1, "locked": false, "expired": false, "alias_of": null, "email_to": "golfknut@gmail.com", "numchild": 0, "url_path": "/home/inquiry/", "expire_at": null, "locked_at": null, "locked_by": null, "seo_title": "Inquiry", "email_from": "bgr7597@hotmail.com", "go_live_at": null, "name_label": "Full name", "draft_title": "Inquiry", "email_label": "Email address", "phone_label": "Phone number", "content_type": 53, "hero_eyebrow": "Contact us", "captcha_label": "Captcha", "email_subject": "Consultation Request", "live_revision": 157, "message_label": "How can we help?", "show_in_menus": false, "thank_you_text": "<p data-block-key=\\"afig6\\">Thank you for your interest in our services!</p>", "latest_revision": 159, "translation_key": "b98210f7-10ba-4d4e-b082-7e0b28c82d7f", "name_placeholder": "Your full name", "email_placeholder": "you@example.com", "last_published_at": "2026-05-07T22:30:54.431Z", "phone_placeholder": "555-555-5555", "first_published_at": "2026-04-21T22:30:47.386Z", "search_description": "", "submit_button_text": "Send Consultation Request", "message_placeholder": "Tell us a little about your immigration needs.", "wagtail_admin_comments": [], "has_unpublished_changes": true, "latest_revision_created_at": "2026-05-07T23:16:48.331Z"}	\N	11	1	53	1	Inquiry
161	2026-05-07 23:16:59.157578+00	{"pk": 11, "live": true, "path": "000100010004", "slug": "inquiry", "depth": 3, "intro": "<p data-block-key=\\"aayaj\\">Please reach out if you would like to schedule a consultation and we will be happy to get back to you.</p>", "owner": 1, "title": "Inquiry", "locale": 1, "locked": false, "expired": false, "alias_of": null, "email_to": "golfknut@gmail.com", "numchild": 0, "url_path": "/home/inquiry/", "expire_at": null, "locked_at": null, "locked_by": null, "seo_title": "Inquiry", "email_from": "bgr7597@hotmail.com", "go_live_at": null, "name_label": "Full name", "draft_title": "Inquiry", "email_label": "Email address", "phone_label": "Phone number", "content_type": 53, "hero_eyebrow": "Contact us", "captcha_label": "Captcha", "email_subject": "Consultation Request", "live_revision": 157, "message_label": "How can we help?", "show_in_menus": false, "thank_you_text": "<p data-block-key=\\"afig6\\">Thank you for your interest in our services!</p>", "latest_revision": 160, "translation_key": "b98210f7-10ba-4d4e-b082-7e0b28c82d7f", "name_placeholder": "Your full name", "email_placeholder": "you@example.com", "last_published_at": "2026-05-07T22:30:54.431Z", "phone_placeholder": "555-555-5555", "first_published_at": "2026-04-21T22:30:47.386Z", "search_description": "", "submit_button_text": "Send Consultation Request", "message_placeholder": "Tell us a little about your immigration needs.", "wagtail_admin_comments": [], "has_unpublished_changes": true, "latest_revision_created_at": "2026-05-07T23:16:55.346Z"}	\N	11	1	53	1	Inquiry
166	2026-05-07 23:21:35.561627+00	{"pk": 31, "live": true, "path": "000100020004", "slug": "inquiry", "depth": 3, "intro": "<p data-block-key=\\"aayaj\\">Please reach out if you would like to schedule a consultation and we will be happy to get back to you.</p>", "owner": 1, "title": "Book a Consultation", "locale": 2, "locked": false, "expired": false, "alias_of": null, "email_to": "golfknut@gmail.com", "numchild": 0, "url_path": "/home-1/inquiry/", "expire_at": null, "locked_at": null, "locked_by": null, "seo_title": "Inquiry", "email_from": "bgr7597@hotmail.com", "go_live_at": null, "name_label": "姓名", "draft_title": "Book a Consultation", "email_label": "电子邮件", "phone_label": "电话号码", "content_type": 53, "hero_eyebrow": "联系我们", "captcha_label": "Captcha", "email_subject": "咨询请求", "live_revision": 162, "message_label": "我们能帮上什么忙？", "show_in_menus": false, "thank_you_text": "<p data-block-key=\\"afig6\\">感谢您对我们服务的关注</p>", "latest_revision": 162, "translation_key": "b98210f7-10ba-4d4e-b082-7e0b28c82d7f", "name_placeholder": "你的全名", "email_placeholder": "you@example.com", "last_published_at": "2026-05-07T23:18:39.726Z", "phone_placeholder": "555-555-5555", "first_published_at": "2026-05-03T20:12:35.521Z", "search_description": "", "submit_button_text": "发送咨询请求", "message_placeholder": "请简要介绍一下您的移民需求", "wagtail_admin_comments": [], "has_unpublished_changes": false, "latest_revision_created_at": "2026-05-07T23:18:39.677Z"}	\N	31	1	53	1	Book a Consultation
42	2026-04-21 11:03:09.260873+00	{"pk": 10, "body": "<p data-block-key=\\"7inzo\\">Canada Globalview Immigration was established in 2013....</p>", "live": false, "path": "000100010003", "slug": "about-us", "depth": 3, "intro": "<p data-block-key=\\"2jmu2\\">Canada Globalview Immigration</p>", "owner": 1, "title": "About Us", "locale": 1, "locked": false, "expired": false, "alias_of": null, "numchild": 0, "url_path": "/home/about-us/", "expire_at": null, "locked_at": null, "locked_by": null, "seo_title": "", "go_live_at": null, "draft_title": "About Us", "content_type": 52, "live_revision": null, "show_in_menus": false, "latest_revision": 41, "translation_key": "53e99e8f-17df-4c04-a8b0-a10bb2bc530f", "last_published_at": null, "first_published_at": null, "search_description": "", "wagtail_admin_comments": [], "has_unpublished_changes": true, "latest_revision_created_at": "2026-04-21T11:02:57.731Z"}	\N	10	1	52	1	About Us
43	2026-04-21 11:03:16.171403+00	{"pk": 10, "body": "<p data-block-key=\\"7inzo\\">Canada Globalview Immigration was established in 2013....</p>", "live": false, "path": "000100010003", "slug": "about-us", "depth": 3, "intro": "<p data-block-key=\\"2jmu2\\">Canada Globalview Immigration</p>", "owner": 1, "title": "About Us", "locale": 1, "locked": false, "expired": false, "alias_of": null, "numchild": 0, "url_path": "/home/about-us/", "expire_at": null, "locked_at": null, "locked_by": null, "seo_title": "", "go_live_at": null, "draft_title": "About Us", "content_type": 52, "live_revision": null, "show_in_menus": false, "latest_revision": 42, "translation_key": "53e99e8f-17df-4c04-a8b0-a10bb2bc530f", "last_published_at": null, "first_published_at": null, "search_description": "", "wagtail_admin_comments": [], "has_unpublished_changes": true, "latest_revision_created_at": "2026-04-21T11:03:09.260Z"}	\N	10	1	52	1	About Us
44	2026-04-21 11:04:36.521218+00	{"pk": 10, "body": "<p data-block-key=\\"7inzo\\">Canada Globalview Immigration was established in 2013....</p>", "live": true, "path": "000100010003", "slug": "about", "depth": 3, "intro": "<p data-block-key=\\"2jmu2\\">Canada Globalview Immigration</p>", "owner": 1, "title": "About Us", "locale": 1, "locked": false, "expired": false, "alias_of": null, "numchild": 0, "url_path": "/home/about/", "expire_at": null, "locked_at": null, "locked_by": null, "seo_title": "About Us", "go_live_at": null, "draft_title": "About Us", "content_type": 52, "live_revision": 43, "show_in_menus": true, "latest_revision": 44, "translation_key": "53e99e8f-17df-4c04-a8b0-a10bb2bc530f", "last_published_at": "2026-04-21T11:03:16.201Z", "first_published_at": "2026-04-21T11:03:16.201Z", "search_description": "", "wagtail_admin_comments": [], "has_unpublished_changes": true, "latest_revision_created_at": "2026-04-21T11:04:16.525Z"}	\N	10	1	52	1	About Us
47	2026-04-21 11:25:05.594373+00	{"pk": 10, "body": "<p data-block-key=\\"7inzo\\">Canada Globalview Immigration was established in 2013....</p>", "live": true, "path": "000100010003", "slug": "about", "depth": 3, "intro": "<p data-block-key=\\"2jmu2\\">Canada Globalview Immigration</p>", "owner": 1, "title": "About Us", "locale": 1, "locked": false, "expired": false, "alias_of": null, "numchild": 0, "url_path": "/home/about/", "expire_at": null, "locked_at": null, "locked_by": null, "seo_title": "About Us", "go_live_at": null, "draft_title": "About Us", "content_type": 52, "live_revision": 43, "show_in_menus": false, "latest_revision": 46, "translation_key": "53e99e8f-17df-4c04-a8b0-a10bb2bc530f", "last_published_at": "2026-04-21T11:03:16.201Z", "first_published_at": "2026-04-21T11:03:16.201Z", "search_description": "", "wagtail_admin_comments": [], "has_unpublished_changes": true, "latest_revision_created_at": "2026-04-21T11:24:50.394Z"}	\N	10	1	52	1	About Us
104	2026-05-03 19:04:24.422949+00	{"pk": 10, "body": "<p data-block-key=\\"7inzo\\"> Canada Globalview International Immigration Ltd. is a professional immigration consulting firm registered with the Canadian federal government and authorized by Immigration, Refugees and Citizenship Canada (IRCC). Our founders have accumulated extensive industry experience since 2009 and possess a deep understanding of Canadian immigration programs and regulations. We are one of the earliest immigration consulting firms to specialize in Provincial Nominee Program (PNP) business immigration programs, boasting strong professional advantages in business immigration applications and consistently maintaining a high success rate. All applications are personally handled by experienced, licensed Canadian immigration consultants and business experts, ensuring professional, efficient, and reliable services to help you and your family successfully immigrate to Canada.</p>", "live": true, "path": "000100010003", "slug": "about", "depth": 3, "intro": "<p data-block-key=\\"2jmu2\\">Globalview International Immigration</p>", "owner": 1, "title": "About Us", "locale": 1, "locked": false, "expired": false, "alias_of": null, "numchild": 0, "url_path": "/home/about/", "expire_at": null, "locked_at": null, "locked_by": null, "seo_title": "About Us", "go_live_at": null, "draft_title": "About Us", "content_type": 52, "live_revision": 47, "show_in_menus": false, "latest_revision": 104, "translation_key": "53e99e8f-17df-4c04-a8b0-a10bb2bc530f", "last_published_at": "2026-04-21T11:25:05.626Z", "first_published_at": "2026-04-21T11:03:16.201Z", "search_description": "", "wagtail_admin_comments": [], "has_unpublished_changes": true, "latest_revision_created_at": "2026-05-03T19:04:19.976Z"}	\N	10	1	52	1	About Us
105	2026-05-03 19:04:25.967244+00	{"pk": 10, "body": "<p data-block-key=\\"7inzo\\"> Canada Globalview International Immigration Ltd. is a professional immigration consulting firm registered with the Canadian federal government and authorized by Immigration, Refugees and Citizenship Canada (IRCC). Our founders have accumulated extensive industry experience since 2009 and possess a deep understanding of Canadian immigration programs and regulations. We are one of the earliest immigration consulting firms to specialize in Provincial Nominee Program (PNP) business immigration programs, boasting strong professional advantages in business immigration applications and consistently maintaining a high success rate. All applications are personally handled by experienced, licensed Canadian immigration consultants and business experts, ensuring professional, efficient, and reliable services to help you and your family successfully immigrate to Canada.</p>", "live": true, "path": "000100010003", "slug": "about", "depth": 3, "intro": "<p data-block-key=\\"2jmu2\\">Globalview International Immigration</p>", "owner": 1, "title": "About Us", "locale": 1, "locked": false, "expired": false, "alias_of": null, "numchild": 0, "url_path": "/home/about/", "expire_at": null, "locked_at": null, "locked_by": null, "seo_title": "About Us", "go_live_at": null, "draft_title": "About Us", "content_type": 52, "live_revision": 47, "show_in_menus": false, "latest_revision": 104, "translation_key": "53e99e8f-17df-4c04-a8b0-a10bb2bc530f", "last_published_at": "2026-04-21T11:25:05.626Z", "first_published_at": "2026-04-21T11:03:16.201Z", "search_description": "", "wagtail_admin_comments": [], "has_unpublished_changes": true, "latest_revision_created_at": "2026-05-03T19:04:24.422Z"}	\N	10	1	52	1	About Us
106	2026-05-03 19:04:30.713764+00	{"pk": 10, "body": "<p data-block-key=\\"7inzo\\">Canada Globalview International Immigration Ltd. is a professional immigration consulting firm registered with the Canadian federal government and authorized by Immigration, Refugees and Citizenship Canada (IRCC). Our founders have accumulated extensive industry experience since 2009 and possess a deep understanding of Canadian immigration programs and regulations. We are one of the earliest immigration consulting firms to specialize in Provincial Nominee Program (PNP) business immigration programs, boasting strong professional advantages in business immigration applications and consistently maintaining a high success rate. All applications are personally handled by experienced, licensed Canadian immigration consultants and business experts, ensuring professional, efficient, and reliable services to help you and your family successfully immigrate to Canada.</p>", "live": true, "path": "000100010003", "slug": "about", "depth": 3, "intro": "<p data-block-key=\\"2jmu2\\">Globalview International Immigration</p>", "owner": 1, "title": "About Us", "locale": 1, "locked": false, "expired": false, "alias_of": null, "numchild": 0, "url_path": "/home/about/", "expire_at": null, "locked_at": null, "locked_by": null, "seo_title": "About Us", "go_live_at": null, "draft_title": "About Us", "content_type": 52, "live_revision": 47, "show_in_menus": false, "latest_revision": 105, "translation_key": "53e99e8f-17df-4c04-a8b0-a10bb2bc530f", "last_published_at": "2026-04-21T11:25:05.626Z", "first_published_at": "2026-04-21T11:03:16.201Z", "search_description": "", "wagtail_admin_comments": [], "has_unpublished_changes": true, "latest_revision_created_at": "2026-05-03T19:04:25.967Z"}	\N	10	1	52	1	About Us
162	2026-05-07 23:18:39.677605+00	{"pk": 31, "live": true, "path": "000100020004", "slug": "inquiry", "depth": 3, "intro": "<p data-block-key=\\"aayaj\\">Please reach out if you would like to schedule a consultation and we will be happy to get back to you.</p>", "owner": 1, "title": "询问", "locale": 2, "locked": false, "expired": false, "alias_of": null, "email_to": "golfknut@gmail.com", "numchild": 0, "url_path": "/home-1/inquiry/", "expire_at": null, "locked_at": null, "locked_by": null, "seo_title": "Inquiry", "email_from": "bgr7597@hotmail.com", "go_live_at": null, "name_label": "姓名", "draft_title": "询问", "email_label": "电子邮件", "phone_label": "电话号码", "content_type": 53, "hero_eyebrow": "联系我们", "captcha_label": "Captcha", "email_subject": "咨询请求", "live_revision": 158, "message_label": "我们能帮上什么忙？", "show_in_menus": false, "thank_you_text": "<p data-block-key=\\"afig6\\">感谢您对我们服务的关注</p>", "latest_revision": 158, "translation_key": "b98210f7-10ba-4d4e-b082-7e0b28c82d7f", "name_placeholder": "你的全名", "email_placeholder": "you@example.com", "last_published_at": "2026-05-07T22:48:22.474Z", "phone_placeholder": "555-555-5555", "first_published_at": "2026-05-03T20:12:35.521Z", "search_description": "", "submit_button_text": "发送咨询请求", "message_placeholder": "请简要介绍一下您的移民需求", "wagtail_admin_comments": [], "has_unpublished_changes": false, "latest_revision_created_at": "2026-05-07T22:48:22.424Z"}	\N	31	1	53	1	询问
144	2026-05-04 12:08:30.624322+00	{"pk": 31, "live": true, "path": "000100020004", "slug": "inquiry", "depth": 3, "intro": "<p data-block-key=\\"aayaj\\">如果您想预约咨询，请与我们联系，我们将很乐意尽快回复您.</p>", "owner": 1, "title": "询问", "locale": 2, "locked": false, "expired": false, "alias_of": null, "email_to": "golfknut@gmail.com", "numchild": 0, "url_path": "/home/inquiry/", "expire_at": null, "locked_at": null, "locked_by": null, "seo_title": "Inquiry", "email_from": "bgr7597@hotmail.com", "go_live_at": null, "draft_title": "询问", "content_type": 53, "email_subject": "咨询请求", "live_revision": 141, "show_in_menus": false, "thank_you_text": "<p data-block-key=\\"afig6\\">感谢您对我们服务的关注</p>", "latest_revision": 141, "translation_key": "b98210f7-10ba-4d4e-b082-7e0b28c82d7f", "last_published_at": "2026-05-04T12:03:12.519Z", "first_published_at": "2026-05-03T20:12:35.521Z", "search_description": "", "wagtail_admin_comments": [], "has_unpublished_changes": false, "latest_revision_created_at": "2026-05-04T12:03:12.473Z"}	\N	31	1	53	1	询问
127	2026-05-03 20:12:34.109709+00	{"pk": 28, "live": false, "path": "000100020002", "slug": "blog", "depth": 3, "intro": "<p data-block-key=\\"ds5qa\\">See the latest in immigration news and programs.</p>", "owner": 1, "title": "Immigration News and Blogs", "locale": 2, "locked": false, "expired": false, "alias_of": null, "numchild": 0, "url_path": "/home-1/blog/", "expire_at": null, "locked_at": null, "locked_by": null, "seo_title": "", "go_live_at": null, "draft_title": "Immigration News and Blogs", "content_type": 47, "live_revision": null, "show_in_menus": false, "latest_revision": null, "translation_key": "71923e57-59e4-4ddc-a488-b73586d61d81", "last_published_at": null, "first_published_at": null, "search_description": "", "wagtail_admin_comments": [], "has_unpublished_changes": true, "latest_revision_created_at": "2026-05-03T19:08:19.970Z"}	\N	28	\N	47	1	Immigration News and Blogs
167	2026-05-07 23:24:03.58019+00	{"pk": 31, "live": true, "path": "000100020004", "slug": "inquiry", "depth": 3, "intro": "<p data-block-key=\\"aayaj\\">如果您想预约咨询，请与我们联系，我们将很乐意尽快回复您</p>", "owner": 1, "title": "预约咨询", "locale": 2, "locked": false, "expired": false, "alias_of": null, "email_to": "golfknut@gmail.com", "numchild": 0, "url_path": "/home-1/inquiry/", "expire_at": null, "locked_at": null, "locked_by": null, "seo_title": "Inquiry", "email_from": "bgr7597@hotmail.com", "go_live_at": null, "name_label": "姓名", "draft_title": "预约咨询", "email_label": "电子邮件", "phone_label": "电话号码", "content_type": 53, "hero_eyebrow": "联系我们", "captcha_label": "Captcha", "email_subject": "咨询请求", "live_revision": 166, "message_label": "我们能帮上什么忙？", "show_in_menus": false, "thank_you_text": "<p data-block-key=\\"afig6\\">感谢您对我们服务的关注</p>", "latest_revision": 166, "translation_key": "b98210f7-10ba-4d4e-b082-7e0b28c82d7f", "name_placeholder": "你的全名", "email_placeholder": "you@example.com", "last_published_at": "2026-05-07T23:21:35.610Z", "phone_placeholder": "555-555-5555", "first_published_at": "2026-05-03T20:12:35.521Z", "search_description": "", "submit_button_text": "发送咨询请求", "message_placeholder": "请简要介绍一下您的移民需求", "wagtail_admin_comments": [], "has_unpublished_changes": false, "latest_revision_created_at": "2026-05-07T23:21:35.561Z"}	\N	31	1	53	1	预约咨询
146	2026-05-04 23:09:56.058363+00	{"pk": 28, "live": true, "path": "000100020002", "slug": "blog", "depth": 3, "intro": "<p data-block-key=\\"ds5qa\\">查看最新的移民新闻和项目信息</p>", "owner": 1, "title": "移民新闻和博客", "locale": 2, "locked": false, "expired": false, "alias_of": null, "numchild": 1, "url_path": "/home/blog/", "expire_at": null, "locked_at": null, "locked_by": null, "seo_title": "", "go_live_at": null, "draft_title": "移民新闻和博客", "posts_intro": "阅读有用的更新、指导和信息", "content_type": 47, "hero_eyebrow": "博客", "article_label": "文章", "live_revision": 128, "posts_heading": "最新帖子", "show_in_menus": false, "post_card_text": "阅读更多关于此主题的内容，以及它如何适用于您的情况", "read_post_text": "阅读帖子 →", "latest_revision": 128, "translation_key": "71923e57-59e4-4ddc-a488-b73586d61d81", "empty_posts_text": "目前还没有博客文章", "last_published_at": "2026-05-03T20:12:35.194Z", "first_published_at": "2026-05-03T20:12:35.194Z", "search_description": "", "wagtail_admin_comments": [], "has_unpublished_changes": false, "latest_revision_created_at": "2026-05-03T20:12:34.153Z"}	\N	28	1	47	1	移民新闻和博客
141	2026-05-04 12:03:12.473949+00	{"pk": 31, "live": true, "path": "000100020004", "slug": "inquiry", "depth": 3, "intro": "<p data-block-key=\\"aayaj\\">如果您想预约咨询，请与我们联系，我们将很乐意尽快回复您.</p>", "owner": 1, "title": "Inquiry", "locale": 2, "locked": false, "expired": false, "alias_of": null, "email_to": "golfknut@gmail.com", "numchild": 0, "url_path": "/home/inquiry/", "expire_at": null, "locked_at": null, "locked_by": null, "seo_title": "Inquiry", "email_from": "bgr7597@hotmail.com", "go_live_at": null, "draft_title": "Inquiry", "content_type": 53, "email_subject": "咨询请求", "live_revision": 134, "show_in_menus": false, "thank_you_text": "<p data-block-key=\\"afig6\\">感谢您对我们服务的关注</p>", "latest_revision": 134, "translation_key": "b98210f7-10ba-4d4e-b082-7e0b28c82d7f", "last_published_at": "2026-05-03T20:12:35.521Z", "first_published_at": "2026-05-03T20:12:35.521Z", "search_description": "", "wagtail_admin_comments": [], "has_unpublished_changes": false, "latest_revision_created_at": "2026-05-03T20:12:34.623Z"}	\N	31	1	53	1	Inquiry
147	2026-05-04 23:19:04.229318+00	{"pk": 29, "body": "<p data-block-key=\\"1vm2i\\">博客内容区</p>", "date": "2026-04-19", "live": true, "path": "0001000200020001", "slug": "our-first-blog", "depth": 4, "image": null, "intro": "博客介绍文本", "owner": 1, "title": "我们的第一个博客", "locale": 2, "locked": false, "expired": false, "alias_of": null, "numchild": 0, "url_path": "/zh/blog/our-first-blog/", "expire_at": null, "locked_at": null, "locked_by": null, "seo_title": "", "go_live_at": null, "draft_title": "我们的第一个博客", "content_type": 48, "article_label": "文章", "live_revision": 130, "show_in_menus": false, "latest_revision": 130, "translation_key": "7f172c69-2353-48f6-9fec-10c7876b9188", "back_to_blog_text": "← 返回博客", "last_published_at": "2026-05-03T20:12:35.306Z", "first_published_at": "2026-05-03T20:12:35.306Z", "search_description": "", "wagtail_admin_comments": [], "has_unpublished_changes": false, "latest_revision_created_at": "2026-05-03T20:12:34.293Z"}	\N	29	1	48	1	我们的第一个博客
143	2026-05-04 12:03:39.95114+00	{"pk": 25, "live": true, "path": "000100020001", "slug": "services", "depth": 3, "intro": "<p data-block-key=\\"pcve9\\">Globalview International Immigration 可以协助办理各种移民项目，这些项目会随着时间推移而陆续推出。然而，以下是我们被要求协助办理的一些最常见的项目.</p>", "owner": 1, "title": "我们的服务", "locale": 2, "locked": false, "expired": false, "alias_of": null, "numchild": 2, "url_path": "/home/services/", "expire_at": null, "locked_at": null, "locked_by": null, "seo_title": "", "go_live_at": null, "draft_title": "我们的服务", "content_type": 46, "live_revision": 142, "show_in_menus": false, "latest_revision": 142, "translation_key": "5143db77-4839-4c26-82d9-aace00f3b48f", "last_published_at": "2026-05-04T12:03:22.701Z", "first_published_at": "2026-05-03T20:12:34.835Z", "search_description": "", "wagtail_admin_comments": [], "has_unpublished_changes": false, "latest_revision_created_at": "2026-05-04T12:03:22.652Z"}	\N	25	1	46	1	我们的服务
142	2026-05-04 12:03:22.652589+00	{"pk": 25, "live": true, "path": "000100020001", "slug": "services", "depth": 3, "intro": "<p data-block-key=\\"pcve9\\">Globalview International Immigration 可以协助办理各种移民项目，这些项目会随着时间推移而陆续推出。然而，以下是我们被要求协助办理的一些最常见的项目.</p>", "owner": 1, "title": "我们的服务", "locale": 2, "locked": false, "expired": false, "alias_of": null, "numchild": 2, "url_path": "/home/services/", "expire_at": null, "locked_at": null, "locked_by": null, "seo_title": "", "go_live_at": null, "draft_title": "我们的服务", "content_type": 46, "live_revision": 139, "show_in_menus": false, "latest_revision": 139, "translation_key": "5143db77-4839-4c26-82d9-aace00f3b48f", "last_published_at": "2026-05-03T21:08:53.222Z", "first_published_at": "2026-05-03T20:12:34.835Z", "search_description": "", "wagtail_admin_comments": [], "has_unpublished_changes": false, "latest_revision_created_at": "2026-05-03T21:08:53.168Z"}	\N	25	1	46	1	我们的服务
120	2026-05-03 20:12:33.588443+00	{"pk": 24, "live": false, "path": "00010002", "slug": "home-1", "depth": 2, "owner": null, "title": "Home", "locale": 2, "locked": false, "expired": false, "alias_of": null, "numchild": 0, "url_path": "/home-1/", "expire_at": null, "hero_text": "Protect your Canadian dream for you and your family", "locked_at": null, "locked_by": null, "seo_title": "", "go_live_at": null, "draft_title": "Home", "content_type": 2, "hero_eyebrow": "Your Immigration Partner", "hero_heading": "Globalview International Immigration", "live_revision": null, "show_in_menus": false, "latest_revision": 119, "translation_key": "7fda9c38-b346-4986-a696-18201f90d4cf", "last_published_at": null, "first_published_at": null, "primary_button_url": "/inquiry", "search_description": "", "primary_button_text": "Book a Consultation", "secondary_button_url": "/services", "secondary_button_text": "Our Services", "wagtail_admin_comments": [], "has_unpublished_changes": true, "latest_revision_created_at": "2026-05-03T20:12:33.546Z"}	\N	24	1	2	1	Home
107	2026-05-03 19:06:50.83058+00	{"pk": 4, "live": true, "path": "000100010001", "slug": "services", "depth": 3, "intro": "<p data-block-key=\\"pcve9\\">Globalview International Immigration can assist with various immigration programs that become available over time, however, below are some of the most common programs that we have been asked to assist with</p>", "owner": 1, "title": "Our Services", "locale": 1, "locked": false, "expired": false, "alias_of": null, "numchild": 2, "url_path": "/home/services/", "expire_at": null, "locked_at": null, "locked_by": null, "seo_title": "", "go_live_at": null, "draft_title": "Our Services", "content_type": 46, "live_revision": 38, "show_in_menus": false, "latest_revision": 107, "translation_key": "5143db77-4839-4c26-82d9-aace00f3b48f", "last_published_at": "2026-04-19T21:24:49.682Z", "first_published_at": "2026-04-19T21:03:11.819Z", "search_description": "", "wagtail_admin_comments": [], "has_unpublished_changes": true, "latest_revision_created_at": "2026-05-03T19:06:48.838Z"}	\N	4	1	46	1	Our Services
151	2026-05-07 11:29:03.386998+00	{"pk": 24, "live": true, "path": "00010002", "slug": "home-1", "depth": 2, "owner": null, "title": "家", "locale": 2, "locked": false, "expired": false, "alias_of": null, "numchild": 4, "url_path": "/home-1/", "expire_at": null, "hero_text": "保护您和您家人的加拿大梦", "locked_at": null, "locked_by": null, "seo_title": "", "go_live_at": null, "draft_title": "家", "content_type": 2, "hero_eyebrow": "您的移民合作伙伴", "hero_heading": "全球视野国际移民", "live_revision": 138, "show_in_menus": false, "latest_revision": 138, "translation_key": "7fda9c38-b346-4986-a696-18201f90d4cf", "last_published_at": "2026-05-03T20:48:05.576Z", "first_published_at": "2026-05-03T20:12:34.718Z", "primary_button_url": "/inquiry", "search_description": "", "primary_button_text": "预约咨询", "secondary_button_url": "/services", "secondary_button_text": "我们的服务", "wagtail_admin_comments": [], "has_unpublished_changes": false, "latest_revision_created_at": "2026-05-03T20:48:05.464Z"}	\N	24	1	2	1	家
153	2026-05-07 12:06:44.563016+00	{"pk": 27, "body": "<p data-block-key=\\"c0sdo\\">此服务的详细信息</p>", "live": true, "path": "0001000200010002", "slug": "express-entry-application-assistance", "depth": 4, "image": null, "owner": 1, "title": "快速入境申请协助", "locale": 2, "locked": false, "expired": false, "alias_of": null, "numchild": 0, "url_path": "/home-1/rvices/express-entry-application-assistance/", "expire_at": null, "locked_at": null, "locked_by": null, "seo_title": "", "go_live_at": null, "price_note": "价格会根据您情况的复杂程度而有所不同。请联系我们获取报价", "draft_title": "快速入境申请协助", "content_type": 45, "hero_eyebrow": "服务", "sidebar_text": "请向我们发送询价，我们将回复您后续步骤", "live_revision": 126, "short_summary": "简短的摘要文本", "show_in_menus": false, "latest_revision": 126, "sidebar_heading": "需要帮助吗？", "translation_key": "66297f35-3b4d-45c3-bf43-a0829292db4a", "last_published_at": "2026-05-03T20:12:35.066Z", "first_published_at": "2026-05-03T20:12:35.066Z", "search_description": "", "sidebar_button_text": "Send an Inquiry", "pricing_note_heading": "定价说明", "back_to_services_text": "← 返回服务", "wagtail_admin_comments": [], "has_unpublished_changes": false, "latest_revision_created_at": "2026-05-03T20:12:34.014Z"}	\N	27	1	45	1	快速入境申请协助
152	2026-05-07 11:43:50.152332+00	{"pk": 26, "body": "<p data-block-key=\\"74xxr\\">此服务的详细信息</p>", "live": true, "path": "0001000200010001", "slug": "nbpnp-application-assistance", "depth": 4, "image": null, "owner": 1, "title": "价格会根据您情况的复杂程度而有所不同。请联系我们获取报价", "locale": 2, "locked": false, "expired": false, "alias_of": null, "numchild": 0, "url_path": "/home-1/rvices/nbpnp-application-assistance/", "expire_at": null, "locked_at": null, "locked_by": null, "seo_title": "", "go_live_at": null, "price_note": "价格会根据您情况的复杂程度而有所不同。请联系我们获取报价", "draft_title": "价格会根据您情况的复杂程度而有所不同。请联系我们获取报价", "content_type": 45, "hero_eyebrow": "Service", "sidebar_text": "Send us an inquiry and we’ll respond with the next steps.", "live_revision": 124, "short_summary": "简短的摘要文本", "show_in_menus": false, "latest_revision": 124, "sidebar_heading": "Need help?", "translation_key": "f3d8e853-fa27-45dd-90e9-b827949d0caf", "last_published_at": "2026-05-03T20:12:34.944Z", "first_published_at": "2026-05-03T20:12:34.944Z", "search_description": "", "sidebar_button_text": "Send an Inquiry", "pricing_note_heading": "Pricing note", "back_to_services_text": "← Back to Services", "wagtail_admin_comments": [], "has_unpublished_changes": false, "latest_revision_created_at": "2026-05-03T20:12:33.870Z"}	\N	26	1	45	1	价格会根据您情况的复杂程度而有所不同。请联系我们获取报价
154	2026-05-07 12:14:55.163112+00	{"pk": 26, "body": "<p data-block-key=\\"74xxr\\">此服务的详细信息</p>", "live": true, "path": "0001000200010001", "slug": "nbpnp-application-assistance", "depth": 4, "image": null, "owner": 1, "title": "价格会根据您情况的复杂程度而有所不同。请联系我们获取报价", "locale": 2, "locked": false, "expired": false, "alias_of": null, "numchild": 0, "url_path": "/home-1/services/nbpnp-application-assistance/", "expire_at": null, "locked_at": null, "locked_by": null, "seo_title": "", "go_live_at": null, "price_note": "价格会根据您情况的复杂程度而有所不同。请联系我们获取报价", "draft_title": "价格会根据您情况的复杂程度而有所不同。请联系我们获取报价", "content_type": 45, "hero_eyebrow": "服务", "sidebar_text": "请向我们发送询价，我们将回复您后续步骤", "live_revision": 152, "short_summary": "简短的摘要文本", "show_in_menus": false, "latest_revision": 152, "sidebar_heading": "需要帮助吗？", "translation_key": "f3d8e853-fa27-45dd-90e9-b827949d0caf", "last_published_at": "2026-05-07T11:43:50.199Z", "first_published_at": "2026-05-03T20:12:34.944Z", "search_description": "", "sidebar_button_text": "发送询价", "pricing_note_heading": "定价说明", "back_to_services_text": "← 返回服务", "wagtail_admin_comments": [], "has_unpublished_changes": false, "latest_revision_created_at": "2026-05-07T11:43:50.152Z"}	\N	26	1	45	1	价格会根据您情况的复杂程度而有所不同。请联系我们获取报价
52	2026-04-21 22:31:36.00084+00	{"pk": 11, "live": true, "path": "000100010004", "slug": "inquiry", "depth": 3, "intro": "<p data-block-key=\\"aayaj\\">Please reach out with any questions and we will be happy to get back to you.</p>", "owner": 1, "title": "Inquiry", "locale": 1, "locked": false, "expired": false, "alias_of": null, "email_to": "bgr7597@hotmail.com", "numchild": 0, "url_path": "/home/inquiry/", "expire_at": null, "locked_at": null, "locked_by": null, "seo_title": "Inquiry", "email_from": "bgr7597@hotmail.com", "go_live_at": null, "draft_title": "Inquiry", "content_type": 53, "email_subject": "New website inquiry", "live_revision": 50, "show_in_menus": false, "thank_you_text": "<p data-block-key=\\"afig6\\">Thank you for your interest in our services!</p>", "latest_revision": 51, "translation_key": "b98210f7-10ba-4d4e-b082-7e0b28c82d7f", "last_published_at": "2026-04-21T22:30:47.386Z", "first_published_at": "2026-04-21T22:30:47.386Z", "search_description": "", "wagtail_admin_comments": [], "has_unpublished_changes": true, "latest_revision_created_at": "2026-04-21T22:31:27.864Z"}	\N	11	1	53	1	Inquiry
155	2026-05-07 22:30:43.68523+00	{"pk": 11, "live": true, "path": "000100010004", "slug": "inquiry", "depth": 3, "intro": "<p data-block-key=\\"aayaj\\">Please reach out if you would like to schedule a consultation and we will be happy to get back to you.</p>", "owner": 1, "title": "Inquiry", "locale": 1, "locked": false, "expired": false, "alias_of": null, "email_to": "golfknut@gmail.com", "numchild": 0, "url_path": "/home/inquiry/", "expire_at": null, "locked_at": null, "locked_by": null, "seo_title": "Inquiry", "email_from": "bgr7597@hotmail.com", "go_live_at": null, "name_label": "Full name", "draft_title": "Inquiry", "email_label": "Email address", "phone_label": "Phone number", "content_type": 53, "hero_eyebrow": "Contact us", "captcha_label": "Captcha", "email_subject": "Consultation Request", "live_revision": 103, "message_label": "How can we help?", "show_in_menus": false, "thank_you_text": "<p data-block-key=\\"afig6\\">Thank you for your interest in our services!</p>", "latest_revision": 155, "translation_key": "b98210f7-10ba-4d4e-b082-7e0b28c82d7f", "name_placeholder": "Your full name", "email_placeholder": "you@example.com", "last_published_at": "2026-05-03T19:03:07.716Z", "phone_placeholder": "555-555-5555", "first_published_at": "2026-04-21T22:30:47.386Z", "search_description": "", "submit_button_text": "Send Request", "message_placeholder": "Tell us a little about your immigration needs.", "wagtail_admin_comments": [], "has_unpublished_changes": true, "latest_revision_created_at": "2026-05-07T22:30:34.197Z"}	\N	11	1	53	1	Inquiry
54	2026-04-22 12:08:04.809571+00	{"pk": 11, "live": true, "path": "000100010004", "slug": "inquiry", "depth": 3, "intro": "<p data-block-key=\\"aayaj\\">Please reach out with any questions and we will be happy to get back to you.</p>", "owner": 1, "title": "Inquiry", "locale": 1, "locked": false, "expired": false, "alias_of": null, "email_to": "golfknut@gmail.com", "numchild": 0, "url_path": "/home/inquiry/", "expire_at": null, "locked_at": null, "locked_by": null, "seo_title": "Inquiry", "email_from": "bgr7597@hotmail.com", "go_live_at": null, "draft_title": "Inquiry", "content_type": 53, "email_subject": "New website inquiry", "live_revision": 53, "show_in_menus": false, "thank_you_text": "<p data-block-key=\\"afig6\\">Thank you for your interest in our services!</p>", "latest_revision": 53, "translation_key": "b98210f7-10ba-4d4e-b082-7e0b28c82d7f", "last_published_at": "2026-04-21T22:31:51.420Z", "first_published_at": "2026-04-21T22:30:47.386Z", "search_description": "", "wagtail_admin_comments": [], "has_unpublished_changes": false, "latest_revision_created_at": "2026-04-21T22:31:51.383Z"}	\N	11	1	53	1	Inquiry
158	2026-05-07 22:48:22.42419+00	{"pk": 31, "live": true, "path": "000100020004", "slug": "inquiry", "depth": 3, "intro": "<p data-block-key=\\"aayaj\\">Please reach out if you would like to schedule a consultation and we will be happy to get back to you.</p>", "owner": 1, "title": "询问", "locale": 2, "locked": false, "expired": false, "alias_of": null, "email_to": "golfknut@gmail.com", "numchild": 0, "url_path": "/home-1/inquiry/", "expire_at": null, "locked_at": null, "locked_by": null, "seo_title": "Inquiry", "email_from": "bgr7597@hotmail.com", "go_live_at": null, "name_label": "姓名", "draft_title": "询问", "email_label": "电子邮件", "phone_label": "电话号码", "content_type": 53, "hero_eyebrow": "联系我们", "captcha_label": "Captcha", "email_subject": "咨询请求", "live_revision": 144, "message_label": "我们能帮上什么忙？", "show_in_menus": false, "thank_you_text": "<p data-block-key=\\"afig6\\">感谢您对我们服务的关注</p>", "latest_revision": 144, "translation_key": "b98210f7-10ba-4d4e-b082-7e0b28c82d7f", "name_placeholder": "你的全名", "email_placeholder": "you@example.com", "last_published_at": "2026-05-04T12:08:30.671Z", "phone_placeholder": "555-555-5555", "first_published_at": "2026-05-03T20:12:35.521Z", "search_description": "", "submit_button_text": "发送请求", "message_placeholder": "请简要介绍一下您的移民需求", "wagtail_admin_comments": [], "has_unpublished_changes": false, "latest_revision_created_at": "2026-05-04T12:08:30.624Z"}	\N	31	1	53	1	询问
140	2026-05-04 11:41:57.388309+00	{"pk": 11, "live": true, "path": "000100010004", "slug": "inquiry", "depth": 3, "intro": "<p data-block-key=\\"aayaj\\">Please reach out if you would like to schedule a consultation and we will be happy to get back to you.</p>", "owner": 1, "title": "Inquiry", "locale": 1, "locked": false, "expired": false, "alias_of": null, "email_to": "golfknut@gmail.com", "numchild": 0, "url_path": "/home/inquiry/", "expire_at": null, "locked_at": null, "locked_by": null, "seo_title": "Inquiry", "email_from": "bgr7597@hotmail.com", "go_live_at": null, "draft_title": "Inquiry", "content_type": 53, "email_subject": "Consultation Request", "live_revision": 103, "show_in_menus": false, "thank_you_text": "<p data-block-key=\\"afig6\\">Thank you for your interest in our services!</p>", "latest_revision": 140, "translation_key": "b98210f7-10ba-4d4e-b082-7e0b28c82d7f", "last_published_at": "2026-05-03T19:03:07.716Z", "first_published_at": "2026-04-21T22:30:47.386Z", "search_description": "", "wagtail_admin_comments": [], "has_unpublished_changes": true, "latest_revision_created_at": "2026-05-04T11:41:52.896Z"}	\N	11	1	53	1	Inquiry
101	2026-05-03 19:02:50.10421+00	{"pk": 11, "live": true, "path": "000100010004", "slug": "inquiry", "depth": 3, "intro": "<p data-block-key=\\"aayaj\\">Please reach out with any questions and we will be happy to get back to you.</p>", "owner": 1, "title": "Inquiry", "locale": 1, "locked": false, "expired": false, "alias_of": null, "email_to": "golfknut@gmail.com", "numchild": 0, "url_path": "/home/inquiry/", "expire_at": null, "locked_at": null, "locked_by": null, "seo_title": "Inquiry", "email_from": "bgr7597@hotmail.com", "go_live_at": null, "draft_title": "Inquiry", "content_type": 53, "email_subject": "Consultation Request", "live_revision": 56, "show_in_menus": false, "thank_you_text": "<p data-block-key=\\"afig6\\">Thank you for your interest in our services!</p>", "latest_revision": 101, "translation_key": "b98210f7-10ba-4d4e-b082-7e0b28c82d7f", "last_published_at": "2026-04-22T12:08:17.676Z", "first_published_at": "2026-04-21T22:30:47.386Z", "search_description": "", "wagtail_admin_comments": [], "has_unpublished_changes": true, "latest_revision_created_at": "2026-05-03T19:02:48.142Z"}	\N	11	1	53	1	Inquiry
102	2026-05-03 19:03:03.914228+00	{"pk": 11, "live": true, "path": "000100010004", "slug": "inquiry", "depth": 3, "intro": "<p data-block-key=\\"aayaj\\">Please reach out with any questions and we will be happy to get back to you.</p>", "owner": 1, "title": "Inquiry", "locale": 1, "locked": false, "expired": false, "alias_of": null, "email_to": "golfknut@gmail.com", "numchild": 0, "url_path": "/home/inquiry/", "expire_at": null, "locked_at": null, "locked_by": null, "seo_title": "Inquiry", "email_from": "bgr7597@hotmail.com", "go_live_at": null, "draft_title": "Inquiry", "content_type": 53, "email_subject": "Consultation Request", "live_revision": 56, "show_in_menus": false, "thank_you_text": "<p data-block-key=\\"afig6\\">Thank you for your interest in our services!</p>", "latest_revision": 101, "translation_key": "b98210f7-10ba-4d4e-b082-7e0b28c82d7f", "last_published_at": "2026-04-22T12:08:17.676Z", "first_published_at": "2026-04-21T22:30:47.386Z", "search_description": "", "wagtail_admin_comments": [], "has_unpublished_changes": true, "latest_revision_created_at": "2026-05-03T19:02:50.104Z"}	\N	11	1	53	1	Inquiry
159	2026-05-07 23:16:48.331001+00	{"pk": 11, "live": true, "path": "000100010004", "slug": "inquiry", "depth": 3, "intro": "<p data-block-key=\\"aayaj\\">Please reach out if you would like to schedule a consultation and we will be happy to get back to you.</p>", "owner": 1, "title": "Inquiry", "locale": 1, "locked": false, "expired": false, "alias_of": null, "email_to": "golfknut@gmail.com", "numchild": 0, "url_path": "/home/inquiry/", "expire_at": null, "locked_at": null, "locked_by": null, "seo_title": "Inquiry", "email_from": "bgr7597@hotmail.com", "go_live_at": null, "name_label": "Full name", "draft_title": "Inquiry", "email_label": "Email address", "phone_label": "Phone number", "content_type": 53, "hero_eyebrow": "Contact us", "captcha_label": "Captcha", "email_subject": "Consultation Request", "live_revision": 157, "message_label": "How can we help?", "show_in_menus": false, "thank_you_text": "<p data-block-key=\\"afig6\\">Thank you for your interest in our services!</p>", "latest_revision": 159, "translation_key": "b98210f7-10ba-4d4e-b082-7e0b28c82d7f", "name_placeholder": "Your full name", "email_placeholder": "you@example.com", "last_published_at": "2026-05-07T22:30:54.431Z", "phone_placeholder": "555-555-5555", "first_published_at": "2026-04-21T22:30:47.386Z", "search_description": "", "submit_button_text": "Send Consultation Request", "message_placeholder": "Tell us a little about your immigration needs.", "wagtail_admin_comments": [], "has_unpublished_changes": true, "latest_revision_created_at": "2026-05-07T23:16:45.868Z"}	\N	11	1	53	1	Inquiry
\.


--
-- Data for Name: wagtailcore_site; Type: TABLE DATA; Schema: public; Owner: smallbiz_app
--

COPY public.wagtailcore_site (id, hostname, port, is_default_site, root_page_id, site_name) FROM stdin;
2	localhost	80	t	3	
\.


--
-- Data for Name: wagtailcore_task; Type: TABLE DATA; Schema: public; Owner: smallbiz_app
--

COPY public.wagtailcore_task (id, name, active, content_type_id) FROM stdin;
1	Moderators approval	t	4
\.


--
-- Data for Name: wagtailcore_taskstate; Type: TABLE DATA; Schema: public; Owner: smallbiz_app
--

COPY public.wagtailcore_taskstate (id, status, started_at, finished_at, content_type_id, revision_id, task_id, workflow_state_id, finished_by_id, comment) FROM stdin;
\.


--
-- Data for Name: wagtailcore_uploadedfile; Type: TABLE DATA; Schema: public; Owner: smallbiz_app
--

COPY public.wagtailcore_uploadedfile (id, file, for_content_type_id, uploaded_by_user_id) FROM stdin;
\.


--
-- Data for Name: wagtailcore_workflow; Type: TABLE DATA; Schema: public; Owner: smallbiz_app
--

COPY public.wagtailcore_workflow (id, name, active) FROM stdin;
1	Moderators approval	t
\.


--
-- Data for Name: wagtailcore_workflowcontenttype; Type: TABLE DATA; Schema: public; Owner: smallbiz_app
--

COPY public.wagtailcore_workflowcontenttype (content_type_id, workflow_id) FROM stdin;
\.


--
-- Data for Name: wagtailcore_workflowpage; Type: TABLE DATA; Schema: public; Owner: smallbiz_app
--

COPY public.wagtailcore_workflowpage (page_id, workflow_id) FROM stdin;
1	1
\.


--
-- Data for Name: wagtailcore_workflowstate; Type: TABLE DATA; Schema: public; Owner: smallbiz_app
--

COPY public.wagtailcore_workflowstate (id, status, created_at, current_task_state_id, object_id, requested_by_id, workflow_id, content_type_id, base_content_type_id) FROM stdin;
\.


--
-- Data for Name: wagtailcore_workflowtask; Type: TABLE DATA; Schema: public; Owner: smallbiz_app
--

COPY public.wagtailcore_workflowtask (id, sort_order, task_id, workflow_id) FROM stdin;
1	0	1	1
\.


--
-- Data for Name: wagtaildocs_document; Type: TABLE DATA; Schema: public; Owner: smallbiz_app
--

COPY public.wagtaildocs_document (id, title, file, created_at, uploaded_by_user_id, collection_id, file_size, file_hash) FROM stdin;
\.


--
-- Data for Name: wagtailembeds_embed; Type: TABLE DATA; Schema: public; Owner: smallbiz_app
--

COPY public.wagtailembeds_embed (id, url, max_width, type, html, title, author_name, provider_name, thumbnail_url, width, height, last_updated, hash, cache_until) FROM stdin;
\.


--
-- Data for Name: wagtailforms_formsubmission; Type: TABLE DATA; Schema: public; Owner: smallbiz_app
--

COPY public.wagtailforms_formsubmission (id, form_data, submit_time, page_id) FROM stdin;
\.


--
-- Data for Name: wagtailimages_image; Type: TABLE DATA; Schema: public; Owner: smallbiz_app
--

COPY public.wagtailimages_image (id, title, file, width, height, created_at, focal_point_x, focal_point_y, focal_point_width, focal_point_height, uploaded_by_user_id, file_size, collection_id, file_hash, description) FROM stdin;
\.


--
-- Data for Name: wagtailimages_rendition; Type: TABLE DATA; Schema: public; Owner: smallbiz_app
--

COPY public.wagtailimages_rendition (id, file, width, height, focal_point_key, filter_spec, image_id) FROM stdin;
\.


--
-- Data for Name: wagtailredirects_redirect; Type: TABLE DATA; Schema: public; Owner: smallbiz_app
--

COPY public.wagtailredirects_redirect (id, old_path, is_permanent, redirect_link, redirect_page_id, site_id, automatically_created, created_at, redirect_page_route_path) FROM stdin;
14	/	t		24	2	t	2026-05-07 11:29:03.646644+00	
15	/services	t		25	2	t	2026-05-07 11:29:03.64666+00	
16	/rvices/nbpnp-application-assistance	t		26	2	t	2026-05-07 11:29:03.646664+00	
17	/rvices/express-entry-application-assistance	t		27	2	t	2026-05-07 11:29:03.646667+00	
18	/blog	t		28	2	t	2026-05-07 11:29:03.646669+00	
19	/blog/our-first-blog	t		29	2	t	2026-05-07 11:29:03.646672+00	
20	/about	t		30	2	t	2026-05-07 11:29:03.646676+00	
21	/inquiry	t		31	2	t	2026-05-07 11:29:03.646679+00	
\.


--
-- Data for Name: wagtailsearch_indexentry; Type: TABLE DATA; Schema: public; Owner: smallbiz_app
--

COPY public.wagtailsearch_indexentry (id, object_id, title_norm, content_type_id, autocomplete, title, body) FROM stdin;
171	9	1.25	48	'blog':3 'first':2 'our':1	'blog':3B 'first':2B	
67	6	1.25	49	'contact':1 'us':2	'contact':1B 'us':2B	
362	1	1.8181818181818181	1	'root':1	'root':1B	
562	24	1.777777777777778	2	'家':1	'家':1B	
242	3	1.9	2	'home':1	'home':1B	
123	7	0.6666666666666666	45	'application':2 'assistance':3 'nbpnp':1	'applic':2B 'assist':3B 'nbpnp':1B	
592	30	1.9444444444444444	52	'关于我们':1	'关于我们':1B	
157	8	0.5	45	'application':3 'assistance':4 'entry':2 'express':1	'applic':3B 'assist':4B 'entri':2B 'express':1B	
582	28	1.8333333333333333	47	'移民新闻和博客':1	'移民新闻和博客':1B	
577	27	1.5555555555555556	45	'快速入境申请协助':1	'快速入境申请协助':1B	
597	31	1.6111111111111112	53	'预约咨询':1	'预约咨询':1B	
572	26	0.7777777777777778	45	'价格会根据您情况的复杂程度而有所不同':1 '请联系我们获取报价':2	'价格会根据您情况的复杂程度而有所不同':1B '请联系我们获取报价':2B	
587	29	1.777777777777778	48	'我们的第一个博客':1	'我们的第一个博客':1B	
49	5	0.6166666666666667	47	'and':3 'blogs':4 'immigration':1 'news':2	'blog':4B 'immigr':1B 'news':2B	
1	4	1.85	46	'our':1 'services':2	'servic':2B	
567	25	1.777777777777778	46	'我们的服务':1	'我们的服务':1B	
243	10	1.85	52	'about':1 'us':2	'us':2B	
296	11	0.8055555555555556	53	'a':2 'book':1 'consultation':3	'book':1B 'consult':3B	
\.


--
-- Data for Name: wagtailusers_userprofile; Type: TABLE DATA; Schema: public; Owner: smallbiz_app
--

COPY public.wagtailusers_userprofile (id, submitted_notifications, approved_notifications, rejected_notifications, user_id, preferred_language, current_time_zone, avatar, updated_comments_notifications, dismissibles, theme, density, contrast, keyboard_shortcuts) FROM stdin;
1	t	t	t	1				t	{"help": true, "editor-guide": true, "last_upgrade_check": "7.3.1", "whats-new-in-wagtail-7.3": true}	system	default	system	t
\.


--
-- Name: auth_group_id_seq; Type: SEQUENCE SET; Schema: public; Owner: smallbiz_app
--

SELECT pg_catalog.setval('public.auth_group_id_seq', 2, true);


--
-- Name: auth_group_permissions_id_seq; Type: SEQUENCE SET; Schema: public; Owner: smallbiz_app
--

SELECT pg_catalog.setval('public.auth_group_permissions_id_seq', 20, true);


--
-- Name: auth_permission_id_seq; Type: SEQUENCE SET; Schema: public; Owner: smallbiz_app
--

SELECT pg_catalog.setval('public.auth_permission_id_seq', 272, true);


--
-- Name: auth_user_groups_id_seq; Type: SEQUENCE SET; Schema: public; Owner: smallbiz_app
--

SELECT pg_catalog.setval('public.auth_user_groups_id_seq', 1, false);


--
-- Name: auth_user_id_seq; Type: SEQUENCE SET; Schema: public; Owner: smallbiz_app
--

SELECT pg_catalog.setval('public.auth_user_id_seq', 1, true);


--
-- Name: auth_user_user_permissions_id_seq; Type: SEQUENCE SET; Schema: public; Owner: smallbiz_app
--

SELECT pg_catalog.setval('public.auth_user_user_permissions_id_seq', 1, false);


--
-- Name: core_businesssettings_id_seq; Type: SEQUENCE SET; Schema: public; Owner: smallbiz_app
--

SELECT pg_catalog.setval('public.core_businesssettings_id_seq', 1, true);


--
-- Name: django_admin_log_id_seq; Type: SEQUENCE SET; Schema: public; Owner: smallbiz_app
--

SELECT pg_catalog.setval('public.django_admin_log_id_seq', 1, false);


--
-- Name: django_content_type_id_seq; Type: SEQUENCE SET; Schema: public; Owner: smallbiz_app
--

SELECT pg_catalog.setval('public.django_content_type_id_seq', 67, true);


--
-- Name: django_migrations_id_seq; Type: SEQUENCE SET; Schema: public; Owner: smallbiz_app
--

SELECT pg_catalog.setval('public.django_migrations_id_seq', 246, true);


--
-- Name: taggit_tag_id_seq; Type: SEQUENCE SET; Schema: public; Owner: smallbiz_app
--

SELECT pg_catalog.setval('public.taggit_tag_id_seq', 1, false);


--
-- Name: taggit_taggeditem_id_seq; Type: SEQUENCE SET; Schema: public; Owner: smallbiz_app
--

SELECT pg_catalog.setval('public.taggit_taggeditem_id_seq', 1, false);


--
-- Name: wagtail_localize_localesynchronization_id_seq; Type: SEQUENCE SET; Schema: public; Owner: smallbiz_app
--

SELECT pg_catalog.setval('public.wagtail_localize_localesynchronization_id_seq', 1, true);


--
-- Name: wagtail_localize_overridablesegment_id_seq; Type: SEQUENCE SET; Schema: public; Owner: smallbiz_app
--

SELECT pg_catalog.setval('public.wagtail_localize_overridablesegment_id_seq', 4, true);


--
-- Name: wagtail_localize_relatedobjectsegment_id_seq; Type: SEQUENCE SET; Schema: public; Owner: smallbiz_app
--

SELECT pg_catalog.setval('public.wagtail_localize_relatedobjectsegment_id_seq', 1, false);


--
-- Name: wagtail_localize_segmentoverride_id_seq; Type: SEQUENCE SET; Schema: public; Owner: smallbiz_app
--

SELECT pg_catalog.setval('public.wagtail_localize_segmentoverride_id_seq', 1, false);


--
-- Name: wagtail_localize_string_id_seq; Type: SEQUENCE SET; Schema: public; Owner: smallbiz_app
--

SELECT pg_catalog.setval('public.wagtail_localize_string_id_seq', 76, true);


--
-- Name: wagtail_localize_stringsegment_id_seq; Type: SEQUENCE SET; Schema: public; Owner: smallbiz_app
--

SELECT pg_catalog.setval('public.wagtail_localize_stringsegment_id_seq', 107, true);


--
-- Name: wagtail_localize_stringtranslation_id_seq; Type: SEQUENCE SET; Schema: public; Owner: smallbiz_app
--

SELECT pg_catalog.setval('public.wagtail_localize_stringtranslation_id_seq', 68, true);


--
-- Name: wagtail_localize_template_id_seq; Type: SEQUENCE SET; Schema: public; Owner: smallbiz_app
--

SELECT pg_catalog.setval('public.wagtail_localize_template_id_seq', 9, true);


--
-- Name: wagtail_localize_templatesegment_id_seq; Type: SEQUENCE SET; Schema: public; Owner: smallbiz_app
--

SELECT pg_catalog.setval('public.wagtail_localize_templatesegment_id_seq', 11, true);


--
-- Name: wagtail_localize_translation_id_seq; Type: SEQUENCE SET; Schema: public; Owner: smallbiz_app
--

SELECT pg_catalog.setval('public.wagtail_localize_translation_id_seq', 12, true);


--
-- Name: wagtail_localize_translationcontext_id_seq; Type: SEQUENCE SET; Schema: public; Owner: smallbiz_app
--

SELECT pg_catalog.setval('public.wagtail_localize_translationcontext_id_seq', 103, true);


--
-- Name: wagtail_localize_translationlog_id_seq; Type: SEQUENCE SET; Schema: public; Owner: smallbiz_app
--

SELECT pg_catalog.setval('public.wagtail_localize_translationlog_id_seq', 39, true);


--
-- Name: wagtail_localize_translationsource_id_seq; Type: SEQUENCE SET; Schema: public; Owner: smallbiz_app
--

SELECT pg_catalog.setval('public.wagtail_localize_translationsource_id_seq', 12, true);


--
-- Name: wagtailadmin_admin_id_seq; Type: SEQUENCE SET; Schema: public; Owner: smallbiz_app
--

SELECT pg_catalog.setval('public.wagtailadmin_admin_id_seq', 1, false);


--
-- Name: wagtailadmin_editingsession_id_seq; Type: SEQUENCE SET; Schema: public; Owner: smallbiz_app
--

SELECT pg_catalog.setval('public.wagtailadmin_editingsession_id_seq', 464, true);


--
-- Name: wagtailcore_collection_id_seq; Type: SEQUENCE SET; Schema: public; Owner: smallbiz_app
--

SELECT pg_catalog.setval('public.wagtailcore_collection_id_seq', 1, true);


--
-- Name: wagtailcore_collectionviewrestriction_groups_id_seq; Type: SEQUENCE SET; Schema: public; Owner: smallbiz_app
--

SELECT pg_catalog.setval('public.wagtailcore_collectionviewrestriction_groups_id_seq', 1, false);


--
-- Name: wagtailcore_collectionviewrestriction_id_seq; Type: SEQUENCE SET; Schema: public; Owner: smallbiz_app
--

SELECT pg_catalog.setval('public.wagtailcore_collectionviewrestriction_id_seq', 1, false);


--
-- Name: wagtailcore_comment_id_seq; Type: SEQUENCE SET; Schema: public; Owner: smallbiz_app
--

SELECT pg_catalog.setval('public.wagtailcore_comment_id_seq', 1, false);


--
-- Name: wagtailcore_commentreply_id_seq; Type: SEQUENCE SET; Schema: public; Owner: smallbiz_app
--

SELECT pg_catalog.setval('public.wagtailcore_commentreply_id_seq', 1, false);


--
-- Name: wagtailcore_groupapprovaltask_groups_id_seq; Type: SEQUENCE SET; Schema: public; Owner: smallbiz_app
--

SELECT pg_catalog.setval('public.wagtailcore_groupapprovaltask_groups_id_seq', 1, true);


--
-- Name: wagtailcore_groupcollectionpermission_id_seq; Type: SEQUENCE SET; Schema: public; Owner: smallbiz_app
--

SELECT pg_catalog.setval('public.wagtailcore_groupcollectionpermission_id_seq', 12, true);


--
-- Name: wagtailcore_grouppagepermission_id_seq; Type: SEQUENCE SET; Schema: public; Owner: smallbiz_app
--

SELECT pg_catalog.setval('public.wagtailcore_grouppagepermission_id_seq', 7, true);


--
-- Name: wagtailcore_groupsitepermission_id_seq; Type: SEQUENCE SET; Schema: public; Owner: smallbiz_app
--

SELECT pg_catalog.setval('public.wagtailcore_groupsitepermission_id_seq', 1, false);


--
-- Name: wagtailcore_locale_id_seq; Type: SEQUENCE SET; Schema: public; Owner: smallbiz_app
--

SELECT pg_catalog.setval('public.wagtailcore_locale_id_seq', 2, true);


--
-- Name: wagtailcore_modellogentry_id_seq; Type: SEQUENCE SET; Schema: public; Owner: smallbiz_app
--

SELECT pg_catalog.setval('public.wagtailcore_modellogentry_id_seq', 4, true);


--
-- Name: wagtailcore_page_id_seq; Type: SEQUENCE SET; Schema: public; Owner: smallbiz_app
--

SELECT pg_catalog.setval('public.wagtailcore_page_id_seq', 31, true);


--
-- Name: wagtailcore_pagelogentry_id_seq; Type: SEQUENCE SET; Schema: public; Owner: smallbiz_app
--

SELECT pg_catalog.setval('public.wagtailcore_pagelogentry_id_seq', 490, true);


--
-- Name: wagtailcore_pagerevision_id_seq; Type: SEQUENCE SET; Schema: public; Owner: smallbiz_app
--

SELECT pg_catalog.setval('public.wagtailcore_pagerevision_id_seq', 167, true);


--
-- Name: wagtailcore_pagesubscription_id_seq; Type: SEQUENCE SET; Schema: public; Owner: smallbiz_app
--

SELECT pg_catalog.setval('public.wagtailcore_pagesubscription_id_seq', 12, true);


--
-- Name: wagtailcore_pageviewrestriction_groups_id_seq; Type: SEQUENCE SET; Schema: public; Owner: smallbiz_app
--

SELECT pg_catalog.setval('public.wagtailcore_pageviewrestriction_groups_id_seq', 1, false);


--
-- Name: wagtailcore_pageviewrestriction_id_seq; Type: SEQUENCE SET; Schema: public; Owner: smallbiz_app
--

SELECT pg_catalog.setval('public.wagtailcore_pageviewrestriction_id_seq', 1, false);


--
-- Name: wagtailcore_referenceindex_id_seq; Type: SEQUENCE SET; Schema: public; Owner: smallbiz_app
--

SELECT pg_catalog.setval('public.wagtailcore_referenceindex_id_seq', 1, false);


--
-- Name: wagtailcore_site_id_seq; Type: SEQUENCE SET; Schema: public; Owner: smallbiz_app
--

SELECT pg_catalog.setval('public.wagtailcore_site_id_seq', 2, true);


--
-- Name: wagtailcore_task_id_seq; Type: SEQUENCE SET; Schema: public; Owner: smallbiz_app
--

SELECT pg_catalog.setval('public.wagtailcore_task_id_seq', 1, true);


--
-- Name: wagtailcore_taskstate_id_seq; Type: SEQUENCE SET; Schema: public; Owner: smallbiz_app
--

SELECT pg_catalog.setval('public.wagtailcore_taskstate_id_seq', 1, false);


--
-- Name: wagtailcore_uploadedfile_id_seq; Type: SEQUENCE SET; Schema: public; Owner: smallbiz_app
--

SELECT pg_catalog.setval('public.wagtailcore_uploadedfile_id_seq', 1, false);


--
-- Name: wagtailcore_workflow_id_seq; Type: SEQUENCE SET; Schema: public; Owner: smallbiz_app
--

SELECT pg_catalog.setval('public.wagtailcore_workflow_id_seq', 1, true);


--
-- Name: wagtailcore_workflowstate_id_seq; Type: SEQUENCE SET; Schema: public; Owner: smallbiz_app
--

SELECT pg_catalog.setval('public.wagtailcore_workflowstate_id_seq', 1, false);


--
-- Name: wagtailcore_workflowtask_id_seq; Type: SEQUENCE SET; Schema: public; Owner: smallbiz_app
--

SELECT pg_catalog.setval('public.wagtailcore_workflowtask_id_seq', 1, true);


--
-- Name: wagtaildocs_document_id_seq; Type: SEQUENCE SET; Schema: public; Owner: smallbiz_app
--

SELECT pg_catalog.setval('public.wagtaildocs_document_id_seq', 1, false);


--
-- Name: wagtailembeds_embed_id_seq; Type: SEQUENCE SET; Schema: public; Owner: smallbiz_app
--

SELECT pg_catalog.setval('public.wagtailembeds_embed_id_seq', 1, false);


--
-- Name: wagtailforms_formsubmission_id_seq; Type: SEQUENCE SET; Schema: public; Owner: smallbiz_app
--

SELECT pg_catalog.setval('public.wagtailforms_formsubmission_id_seq', 1, false);


--
-- Name: wagtailimages_image_id_seq; Type: SEQUENCE SET; Schema: public; Owner: smallbiz_app
--

SELECT pg_catalog.setval('public.wagtailimages_image_id_seq', 1, false);


--
-- Name: wagtailimages_rendition_id_seq; Type: SEQUENCE SET; Schema: public; Owner: smallbiz_app
--

SELECT pg_catalog.setval('public.wagtailimages_rendition_id_seq', 1, false);


--
-- Name: wagtailredirects_redirect_id_seq; Type: SEQUENCE SET; Schema: public; Owner: smallbiz_app
--

SELECT pg_catalog.setval('public.wagtailredirects_redirect_id_seq', 21, true);


--
-- Name: wagtailsearch_indexentry_id_seq; Type: SEQUENCE SET; Schema: public; Owner: smallbiz_app
--

SELECT pg_catalog.setval('public.wagtailsearch_indexentry_id_seq', 712, true);


--
-- Name: wagtailusers_userprofile_id_seq; Type: SEQUENCE SET; Schema: public; Owner: smallbiz_app
--

SELECT pg_catalog.setval('public.wagtailusers_userprofile_id_seq', 1, true);


--
-- Name: about_aboutpage about_aboutpage_pkey; Type: CONSTRAINT; Schema: public; Owner: smallbiz_app
--

ALTER TABLE ONLY public.about_aboutpage
    ADD CONSTRAINT about_aboutpage_pkey PRIMARY KEY (page_ptr_id);


--
-- Name: auth_group auth_group_name_key; Type: CONSTRAINT; Schema: public; Owner: smallbiz_app
--

ALTER TABLE ONLY public.auth_group
    ADD CONSTRAINT auth_group_name_key UNIQUE (name);


--
-- Name: auth_group_permissions auth_group_permissions_group_id_permission_id_0cd325b0_uniq; Type: CONSTRAINT; Schema: public; Owner: smallbiz_app
--

ALTER TABLE ONLY public.auth_group_permissions
    ADD CONSTRAINT auth_group_permissions_group_id_permission_id_0cd325b0_uniq UNIQUE (group_id, permission_id);


--
-- Name: auth_group_permissions auth_group_permissions_pkey; Type: CONSTRAINT; Schema: public; Owner: smallbiz_app
--

ALTER TABLE ONLY public.auth_group_permissions
    ADD CONSTRAINT auth_group_permissions_pkey PRIMARY KEY (id);


--
-- Name: auth_group auth_group_pkey; Type: CONSTRAINT; Schema: public; Owner: smallbiz_app
--

ALTER TABLE ONLY public.auth_group
    ADD CONSTRAINT auth_group_pkey PRIMARY KEY (id);


--
-- Name: auth_permission auth_permission_content_type_id_codename_01ab375a_uniq; Type: CONSTRAINT; Schema: public; Owner: smallbiz_app
--

ALTER TABLE ONLY public.auth_permission
    ADD CONSTRAINT auth_permission_content_type_id_codename_01ab375a_uniq UNIQUE (content_type_id, codename);


--
-- Name: auth_permission auth_permission_pkey; Type: CONSTRAINT; Schema: public; Owner: smallbiz_app
--

ALTER TABLE ONLY public.auth_permission
    ADD CONSTRAINT auth_permission_pkey PRIMARY KEY (id);


--
-- Name: auth_user_groups auth_user_groups_pkey; Type: CONSTRAINT; Schema: public; Owner: smallbiz_app
--

ALTER TABLE ONLY public.auth_user_groups
    ADD CONSTRAINT auth_user_groups_pkey PRIMARY KEY (id);


--
-- Name: auth_user_groups auth_user_groups_user_id_group_id_94350c0c_uniq; Type: CONSTRAINT; Schema: public; Owner: smallbiz_app
--

ALTER TABLE ONLY public.auth_user_groups
    ADD CONSTRAINT auth_user_groups_user_id_group_id_94350c0c_uniq UNIQUE (user_id, group_id);


--
-- Name: auth_user auth_user_pkey; Type: CONSTRAINT; Schema: public; Owner: smallbiz_app
--

ALTER TABLE ONLY public.auth_user
    ADD CONSTRAINT auth_user_pkey PRIMARY KEY (id);


--
-- Name: auth_user_user_permissions auth_user_user_permissions_pkey; Type: CONSTRAINT; Schema: public; Owner: smallbiz_app
--

ALTER TABLE ONLY public.auth_user_user_permissions
    ADD CONSTRAINT auth_user_user_permissions_pkey PRIMARY KEY (id);


--
-- Name: auth_user_user_permissions auth_user_user_permissions_user_id_permission_id_14a6b632_uniq; Type: CONSTRAINT; Schema: public; Owner: smallbiz_app
--

ALTER TABLE ONLY public.auth_user_user_permissions
    ADD CONSTRAINT auth_user_user_permissions_user_id_permission_id_14a6b632_uniq UNIQUE (user_id, permission_id);


--
-- Name: auth_user auth_user_username_key; Type: CONSTRAINT; Schema: public; Owner: smallbiz_app
--

ALTER TABLE ONLY public.auth_user
    ADD CONSTRAINT auth_user_username_key UNIQUE (username);


--
-- Name: blog_blogindexpage blog_blogindexpage_pkey; Type: CONSTRAINT; Schema: public; Owner: smallbiz_app
--

ALTER TABLE ONLY public.blog_blogindexpage
    ADD CONSTRAINT blog_blogindexpage_pkey PRIMARY KEY (page_ptr_id);


--
-- Name: blog_blogpage blog_blogpage_pkey; Type: CONSTRAINT; Schema: public; Owner: smallbiz_app
--

ALTER TABLE ONLY public.blog_blogpage
    ADD CONSTRAINT blog_blogpage_pkey PRIMARY KEY (page_ptr_id);


--
-- Name: contact_contactpage contact_contactpage_pkey; Type: CONSTRAINT; Schema: public; Owner: smallbiz_app
--

ALTER TABLE ONLY public.contact_contactpage
    ADD CONSTRAINT contact_contactpage_pkey PRIMARY KEY (page_ptr_id);


--
-- Name: core_businesssettings core_businesssettings_pkey; Type: CONSTRAINT; Schema: public; Owner: smallbiz_app
--

ALTER TABLE ONLY public.core_businesssettings
    ADD CONSTRAINT core_businesssettings_pkey PRIMARY KEY (id);


--
-- Name: core_businesssettings core_businesssettings_site_id_key; Type: CONSTRAINT; Schema: public; Owner: smallbiz_app
--

ALTER TABLE ONLY public.core_businesssettings
    ADD CONSTRAINT core_businesssettings_site_id_key UNIQUE (site_id);


--
-- Name: django_admin_log django_admin_log_pkey; Type: CONSTRAINT; Schema: public; Owner: smallbiz_app
--

ALTER TABLE ONLY public.django_admin_log
    ADD CONSTRAINT django_admin_log_pkey PRIMARY KEY (id);


--
-- Name: django_content_type django_content_type_app_label_model_76bd3d3b_uniq; Type: CONSTRAINT; Schema: public; Owner: smallbiz_app
--

ALTER TABLE ONLY public.django_content_type
    ADD CONSTRAINT django_content_type_app_label_model_76bd3d3b_uniq UNIQUE (app_label, model);


--
-- Name: django_content_type django_content_type_pkey; Type: CONSTRAINT; Schema: public; Owner: smallbiz_app
--

ALTER TABLE ONLY public.django_content_type
    ADD CONSTRAINT django_content_type_pkey PRIMARY KEY (id);


--
-- Name: django_migrations django_migrations_pkey; Type: CONSTRAINT; Schema: public; Owner: smallbiz_app
--

ALTER TABLE ONLY public.django_migrations
    ADD CONSTRAINT django_migrations_pkey PRIMARY KEY (id);


--
-- Name: django_session django_session_pkey; Type: CONSTRAINT; Schema: public; Owner: smallbiz_app
--

ALTER TABLE ONLY public.django_session
    ADD CONSTRAINT django_session_pkey PRIMARY KEY (session_key);


--
-- Name: home_homepage home_homepage_pkey; Type: CONSTRAINT; Schema: public; Owner: smallbiz_app
--

ALTER TABLE ONLY public.home_homepage
    ADD CONSTRAINT home_homepage_pkey PRIMARY KEY (page_ptr_id);


--
-- Name: inquiry_inquirypage inquiry_inquirypage_pkey; Type: CONSTRAINT; Schema: public; Owner: smallbiz_app
--

ALTER TABLE ONLY public.inquiry_inquirypage
    ADD CONSTRAINT inquiry_inquirypage_pkey PRIMARY KEY (page_ptr_id);


--
-- Name: services_servicepage services_servicepage_pkey; Type: CONSTRAINT; Schema: public; Owner: smallbiz_app
--

ALTER TABLE ONLY public.services_servicepage
    ADD CONSTRAINT services_servicepage_pkey PRIMARY KEY (page_ptr_id);


--
-- Name: services_servicesindexpage services_servicesindexpage_pkey; Type: CONSTRAINT; Schema: public; Owner: smallbiz_app
--

ALTER TABLE ONLY public.services_servicesindexpage
    ADD CONSTRAINT services_servicesindexpage_pkey PRIMARY KEY (page_ptr_id);


--
-- Name: taggit_tag taggit_tag_name_key; Type: CONSTRAINT; Schema: public; Owner: smallbiz_app
--

ALTER TABLE ONLY public.taggit_tag
    ADD CONSTRAINT taggit_tag_name_key UNIQUE (name);


--
-- Name: taggit_tag taggit_tag_pkey; Type: CONSTRAINT; Schema: public; Owner: smallbiz_app
--

ALTER TABLE ONLY public.taggit_tag
    ADD CONSTRAINT taggit_tag_pkey PRIMARY KEY (id);


--
-- Name: taggit_tag taggit_tag_slug_key; Type: CONSTRAINT; Schema: public; Owner: smallbiz_app
--

ALTER TABLE ONLY public.taggit_tag
    ADD CONSTRAINT taggit_tag_slug_key UNIQUE (slug);


--
-- Name: taggit_taggeditem taggit_taggeditem_content_type_id_object_id_tag_id_4bb97a8e_uni; Type: CONSTRAINT; Schema: public; Owner: smallbiz_app
--

ALTER TABLE ONLY public.taggit_taggeditem
    ADD CONSTRAINT taggit_taggeditem_content_type_id_object_id_tag_id_4bb97a8e_uni UNIQUE (content_type_id, object_id, tag_id);


--
-- Name: taggit_taggeditem taggit_taggeditem_pkey; Type: CONSTRAINT; Schema: public; Owner: smallbiz_app
--

ALTER TABLE ONLY public.taggit_taggeditem
    ADD CONSTRAINT taggit_taggeditem_pkey PRIMARY KEY (id);


--
-- Name: wagtailcore_grouppagepermission unique_permission; Type: CONSTRAINT; Schema: public; Owner: smallbiz_app
--

ALTER TABLE ONLY public.wagtailcore_grouppagepermission
    ADD CONSTRAINT unique_permission UNIQUE (group_id, page_id, permission_id);


--
-- Name: wagtail_localize_localesynchronization wagtail_localize_localesynchronization_locale_id_key; Type: CONSTRAINT; Schema: public; Owner: smallbiz_app
--

ALTER TABLE ONLY public.wagtail_localize_localesynchronization
    ADD CONSTRAINT wagtail_localize_localesynchronization_locale_id_key UNIQUE (locale_id);


--
-- Name: wagtail_localize_localesynchronization wagtail_localize_localesynchronization_pkey; Type: CONSTRAINT; Schema: public; Owner: smallbiz_app
--

ALTER TABLE ONLY public.wagtail_localize_localesynchronization
    ADD CONSTRAINT wagtail_localize_localesynchronization_pkey PRIMARY KEY (id);


--
-- Name: wagtail_localize_overridablesegment wagtail_localize_overridablesegment_pkey; Type: CONSTRAINT; Schema: public; Owner: smallbiz_app
--

ALTER TABLE ONLY public.wagtail_localize_overridablesegment
    ADD CONSTRAINT wagtail_localize_overridablesegment_pkey PRIMARY KEY (id);


--
-- Name: wagtail_localize_relatedobjectsegment wagtail_localize_relatedobjectsegment_pkey; Type: CONSTRAINT; Schema: public; Owner: smallbiz_app
--

ALTER TABLE ONLY public.wagtail_localize_relatedobjectsegment
    ADD CONSTRAINT wagtail_localize_relatedobjectsegment_pkey PRIMARY KEY (id);


--
-- Name: wagtail_localize_segmentoverride wagtail_localize_segmentoverride_pkey; Type: CONSTRAINT; Schema: public; Owner: smallbiz_app
--

ALTER TABLE ONLY public.wagtail_localize_segmentoverride
    ADD CONSTRAINT wagtail_localize_segmentoverride_pkey PRIMARY KEY (id);


--
-- Name: wagtail_localize_string wagtail_localize_string_locale_id_data_hash_bae71852_uniq; Type: CONSTRAINT; Schema: public; Owner: smallbiz_app
--

ALTER TABLE ONLY public.wagtail_localize_string
    ADD CONSTRAINT wagtail_localize_string_locale_id_data_hash_bae71852_uniq UNIQUE (locale_id, data_hash);


--
-- Name: wagtail_localize_string wagtail_localize_string_pkey; Type: CONSTRAINT; Schema: public; Owner: smallbiz_app
--

ALTER TABLE ONLY public.wagtail_localize_string
    ADD CONSTRAINT wagtail_localize_string_pkey PRIMARY KEY (id);


--
-- Name: wagtail_localize_stringsegment wagtail_localize_stringsegment_pkey; Type: CONSTRAINT; Schema: public; Owner: smallbiz_app
--

ALTER TABLE ONLY public.wagtail_localize_stringsegment
    ADD CONSTRAINT wagtail_localize_stringsegment_pkey PRIMARY KEY (id);


--
-- Name: wagtail_localize_stringtranslation wagtail_localize_stringt_locale_id_translation_of_d2d59359_uniq; Type: CONSTRAINT; Schema: public; Owner: smallbiz_app
--

ALTER TABLE ONLY public.wagtail_localize_stringtranslation
    ADD CONSTRAINT wagtail_localize_stringt_locale_id_translation_of_d2d59359_uniq UNIQUE (locale_id, translation_of_id, context_id);


--
-- Name: wagtail_localize_stringtranslation wagtail_localize_stringtranslation_pkey; Type: CONSTRAINT; Schema: public; Owner: smallbiz_app
--

ALTER TABLE ONLY public.wagtail_localize_stringtranslation
    ADD CONSTRAINT wagtail_localize_stringtranslation_pkey PRIMARY KEY (id);


--
-- Name: wagtail_localize_template wagtail_localize_template_pkey; Type: CONSTRAINT; Schema: public; Owner: smallbiz_app
--

ALTER TABLE ONLY public.wagtail_localize_template
    ADD CONSTRAINT wagtail_localize_template_pkey PRIMARY KEY (id);


--
-- Name: wagtail_localize_template wagtail_localize_template_uuid_key; Type: CONSTRAINT; Schema: public; Owner: smallbiz_app
--

ALTER TABLE ONLY public.wagtail_localize_template
    ADD CONSTRAINT wagtail_localize_template_uuid_key UNIQUE (uuid);


--
-- Name: wagtail_localize_templatesegment wagtail_localize_templatesegment_pkey; Type: CONSTRAINT; Schema: public; Owner: smallbiz_app
--

ALTER TABLE ONLY public.wagtail_localize_templatesegment
    ADD CONSTRAINT wagtail_localize_templatesegment_pkey PRIMARY KEY (id);


--
-- Name: wagtail_localize_translatableobject wagtail_localize_transla_content_type_id_translat_de875339_uniq; Type: CONSTRAINT; Schema: public; Owner: smallbiz_app
--

ALTER TABLE ONLY public.wagtail_localize_translatableobject
    ADD CONSTRAINT wagtail_localize_transla_content_type_id_translat_de875339_uniq UNIQUE (content_type_id, translation_key);


--
-- Name: wagtail_localize_translationsource wagtail_localize_transla_object_id_locale_id_fb6a8d8e_uniq; Type: CONSTRAINT; Schema: public; Owner: smallbiz_app
--

ALTER TABLE ONLY public.wagtail_localize_translationsource
    ADD CONSTRAINT wagtail_localize_transla_object_id_locale_id_fb6a8d8e_uniq UNIQUE (object_id, locale_id);


--
-- Name: wagtail_localize_translationcontext wagtail_localize_transla_object_id_path_id_c7f5d707_uniq; Type: CONSTRAINT; Schema: public; Owner: smallbiz_app
--

ALTER TABLE ONLY public.wagtail_localize_translationcontext
    ADD CONSTRAINT wagtail_localize_transla_object_id_path_id_c7f5d707_uniq UNIQUE (object_id, path_id);


--
-- Name: wagtail_localize_translation wagtail_localize_transla_source_id_target_locale__7e943cf8_uniq; Type: CONSTRAINT; Schema: public; Owner: smallbiz_app
--

ALTER TABLE ONLY public.wagtail_localize_translation
    ADD CONSTRAINT wagtail_localize_transla_source_id_target_locale__7e943cf8_uniq UNIQUE (source_id, target_locale_id);


--
-- Name: wagtail_localize_translatableobject wagtail_localize_translatableobject_pkey; Type: CONSTRAINT; Schema: public; Owner: smallbiz_app
--

ALTER TABLE ONLY public.wagtail_localize_translatableobject
    ADD CONSTRAINT wagtail_localize_translatableobject_pkey PRIMARY KEY (translation_key);


--
-- Name: wagtail_localize_translation wagtail_localize_translation_pkey; Type: CONSTRAINT; Schema: public; Owner: smallbiz_app
--

ALTER TABLE ONLY public.wagtail_localize_translation
    ADD CONSTRAINT wagtail_localize_translation_pkey PRIMARY KEY (id);


--
-- Name: wagtail_localize_translation wagtail_localize_translation_uuid_key; Type: CONSTRAINT; Schema: public; Owner: smallbiz_app
--

ALTER TABLE ONLY public.wagtail_localize_translation
    ADD CONSTRAINT wagtail_localize_translation_uuid_key UNIQUE (uuid);


--
-- Name: wagtail_localize_translationcontext wagtail_localize_translationcontext_pkey; Type: CONSTRAINT; Schema: public; Owner: smallbiz_app
--

ALTER TABLE ONLY public.wagtail_localize_translationcontext
    ADD CONSTRAINT wagtail_localize_translationcontext_pkey PRIMARY KEY (id);


--
-- Name: wagtail_localize_translationlog wagtail_localize_translationlog_pkey; Type: CONSTRAINT; Schema: public; Owner: smallbiz_app
--

ALTER TABLE ONLY public.wagtail_localize_translationlog
    ADD CONSTRAINT wagtail_localize_translationlog_pkey PRIMARY KEY (id);


--
-- Name: wagtail_localize_translationsource wagtail_localize_translationsource_pkey; Type: CONSTRAINT; Schema: public; Owner: smallbiz_app
--

ALTER TABLE ONLY public.wagtail_localize_translationsource
    ADD CONSTRAINT wagtail_localize_translationsource_pkey PRIMARY KEY (id);


--
-- Name: wagtailadmin_admin wagtailadmin_admin_pkey; Type: CONSTRAINT; Schema: public; Owner: smallbiz_app
--

ALTER TABLE ONLY public.wagtailadmin_admin
    ADD CONSTRAINT wagtailadmin_admin_pkey PRIMARY KEY (id);


--
-- Name: wagtailadmin_editingsession wagtailadmin_editingsession_pkey; Type: CONSTRAINT; Schema: public; Owner: smallbiz_app
--

ALTER TABLE ONLY public.wagtailadmin_editingsession
    ADD CONSTRAINT wagtailadmin_editingsession_pkey PRIMARY KEY (id);


--
-- Name: wagtailcore_collection wagtailcore_collection_path_key; Type: CONSTRAINT; Schema: public; Owner: smallbiz_app
--

ALTER TABLE ONLY public.wagtailcore_collection
    ADD CONSTRAINT wagtailcore_collection_path_key UNIQUE (path);


--
-- Name: wagtailcore_collection wagtailcore_collection_pkey; Type: CONSTRAINT; Schema: public; Owner: smallbiz_app
--

ALTER TABLE ONLY public.wagtailcore_collection
    ADD CONSTRAINT wagtailcore_collection_pkey PRIMARY KEY (id);


--
-- Name: wagtailcore_collectionviewrestriction_groups wagtailcore_collectionvi_collectionviewrestrictio_988995ae_uniq; Type: CONSTRAINT; Schema: public; Owner: smallbiz_app
--

ALTER TABLE ONLY public.wagtailcore_collectionviewrestriction_groups
    ADD CONSTRAINT wagtailcore_collectionvi_collectionviewrestrictio_988995ae_uniq UNIQUE (collectionviewrestriction_id, group_id);


--
-- Name: wagtailcore_collectionviewrestriction_groups wagtailcore_collectionviewrestriction_groups_pkey; Type: CONSTRAINT; Schema: public; Owner: smallbiz_app
--

ALTER TABLE ONLY public.wagtailcore_collectionviewrestriction_groups
    ADD CONSTRAINT wagtailcore_collectionviewrestriction_groups_pkey PRIMARY KEY (id);


--
-- Name: wagtailcore_collectionviewrestriction wagtailcore_collectionviewrestriction_pkey; Type: CONSTRAINT; Schema: public; Owner: smallbiz_app
--

ALTER TABLE ONLY public.wagtailcore_collectionviewrestriction
    ADD CONSTRAINT wagtailcore_collectionviewrestriction_pkey PRIMARY KEY (id);


--
-- Name: wagtailcore_comment wagtailcore_comment_pkey; Type: CONSTRAINT; Schema: public; Owner: smallbiz_app
--

ALTER TABLE ONLY public.wagtailcore_comment
    ADD CONSTRAINT wagtailcore_comment_pkey PRIMARY KEY (id);


--
-- Name: wagtailcore_commentreply wagtailcore_commentreply_pkey; Type: CONSTRAINT; Schema: public; Owner: smallbiz_app
--

ALTER TABLE ONLY public.wagtailcore_commentreply
    ADD CONSTRAINT wagtailcore_commentreply_pkey PRIMARY KEY (id);


--
-- Name: wagtailcore_groupapprovaltask_groups wagtailcore_groupapprova_groupapprovaltask_id_gro_bb5ee7eb_uniq; Type: CONSTRAINT; Schema: public; Owner: smallbiz_app
--

ALTER TABLE ONLY public.wagtailcore_groupapprovaltask_groups
    ADD CONSTRAINT wagtailcore_groupapprova_groupapprovaltask_id_gro_bb5ee7eb_uniq UNIQUE (groupapprovaltask_id, group_id);


--
-- Name: wagtailcore_groupapprovaltask_groups wagtailcore_groupapprovaltask_groups_pkey; Type: CONSTRAINT; Schema: public; Owner: smallbiz_app
--

ALTER TABLE ONLY public.wagtailcore_groupapprovaltask_groups
    ADD CONSTRAINT wagtailcore_groupapprovaltask_groups_pkey PRIMARY KEY (id);


--
-- Name: wagtailcore_groupapprovaltask wagtailcore_groupapprovaltask_pkey; Type: CONSTRAINT; Schema: public; Owner: smallbiz_app
--

ALTER TABLE ONLY public.wagtailcore_groupapprovaltask
    ADD CONSTRAINT wagtailcore_groupapprovaltask_pkey PRIMARY KEY (task_ptr_id);


--
-- Name: wagtailcore_groupcollectionpermission wagtailcore_groupcollect_group_id_collection_id_p_a21cefe9_uniq; Type: CONSTRAINT; Schema: public; Owner: smallbiz_app
--

ALTER TABLE ONLY public.wagtailcore_groupcollectionpermission
    ADD CONSTRAINT wagtailcore_groupcollect_group_id_collection_id_p_a21cefe9_uniq UNIQUE (group_id, collection_id, permission_id);


--
-- Name: wagtailcore_groupcollectionpermission wagtailcore_groupcollectionpermission_pkey; Type: CONSTRAINT; Schema: public; Owner: smallbiz_app
--

ALTER TABLE ONLY public.wagtailcore_groupcollectionpermission
    ADD CONSTRAINT wagtailcore_groupcollectionpermission_pkey PRIMARY KEY (id);


--
-- Name: wagtailcore_grouppagepermission wagtailcore_grouppagepermission_pkey; Type: CONSTRAINT; Schema: public; Owner: smallbiz_app
--

ALTER TABLE ONLY public.wagtailcore_grouppagepermission
    ADD CONSTRAINT wagtailcore_grouppagepermission_pkey PRIMARY KEY (id);


--
-- Name: wagtailcore_groupsitepermission wagtailcore_groupsiteper_group_id_site_id_permiss_a58ee30d_uniq; Type: CONSTRAINT; Schema: public; Owner: smallbiz_app
--

ALTER TABLE ONLY public.wagtailcore_groupsitepermission
    ADD CONSTRAINT wagtailcore_groupsiteper_group_id_site_id_permiss_a58ee30d_uniq UNIQUE (group_id, site_id, permission_id);


--
-- Name: wagtailcore_groupsitepermission wagtailcore_groupsitepermission_pkey; Type: CONSTRAINT; Schema: public; Owner: smallbiz_app
--

ALTER TABLE ONLY public.wagtailcore_groupsitepermission
    ADD CONSTRAINT wagtailcore_groupsitepermission_pkey PRIMARY KEY (id);


--
-- Name: wagtailcore_locale wagtailcore_locale_language_code_key; Type: CONSTRAINT; Schema: public; Owner: smallbiz_app
--

ALTER TABLE ONLY public.wagtailcore_locale
    ADD CONSTRAINT wagtailcore_locale_language_code_key UNIQUE (language_code);


--
-- Name: wagtailcore_locale wagtailcore_locale_pkey; Type: CONSTRAINT; Schema: public; Owner: smallbiz_app
--

ALTER TABLE ONLY public.wagtailcore_locale
    ADD CONSTRAINT wagtailcore_locale_pkey PRIMARY KEY (id);


--
-- Name: wagtailcore_modellogentry wagtailcore_modellogentry_pkey; Type: CONSTRAINT; Schema: public; Owner: smallbiz_app
--

ALTER TABLE ONLY public.wagtailcore_modellogentry
    ADD CONSTRAINT wagtailcore_modellogentry_pkey PRIMARY KEY (id);


--
-- Name: wagtailcore_page wagtailcore_page_path_key; Type: CONSTRAINT; Schema: public; Owner: smallbiz_app
--

ALTER TABLE ONLY public.wagtailcore_page
    ADD CONSTRAINT wagtailcore_page_path_key UNIQUE (path);


--
-- Name: wagtailcore_page wagtailcore_page_pkey; Type: CONSTRAINT; Schema: public; Owner: smallbiz_app
--

ALTER TABLE ONLY public.wagtailcore_page
    ADD CONSTRAINT wagtailcore_page_pkey PRIMARY KEY (id);


--
-- Name: wagtailcore_page wagtailcore_page_translation_key_locale_id_9b041bad_uniq; Type: CONSTRAINT; Schema: public; Owner: smallbiz_app
--

ALTER TABLE ONLY public.wagtailcore_page
    ADD CONSTRAINT wagtailcore_page_translation_key_locale_id_9b041bad_uniq UNIQUE (translation_key, locale_id);


--
-- Name: wagtailcore_pagelogentry wagtailcore_pagelogentry_pkey; Type: CONSTRAINT; Schema: public; Owner: smallbiz_app
--

ALTER TABLE ONLY public.wagtailcore_pagelogentry
    ADD CONSTRAINT wagtailcore_pagelogentry_pkey PRIMARY KEY (id);


--
-- Name: wagtailcore_revision wagtailcore_pagerevision_pkey; Type: CONSTRAINT; Schema: public; Owner: smallbiz_app
--

ALTER TABLE ONLY public.wagtailcore_revision
    ADD CONSTRAINT wagtailcore_pagerevision_pkey PRIMARY KEY (id);


--
-- Name: wagtailcore_pagesubscription wagtailcore_pagesubscription_page_id_user_id_0cef73ed_uniq; Type: CONSTRAINT; Schema: public; Owner: smallbiz_app
--

ALTER TABLE ONLY public.wagtailcore_pagesubscription
    ADD CONSTRAINT wagtailcore_pagesubscription_page_id_user_id_0cef73ed_uniq UNIQUE (page_id, user_id);


--
-- Name: wagtailcore_pagesubscription wagtailcore_pagesubscription_pkey; Type: CONSTRAINT; Schema: public; Owner: smallbiz_app
--

ALTER TABLE ONLY public.wagtailcore_pagesubscription
    ADD CONSTRAINT wagtailcore_pagesubscription_pkey PRIMARY KEY (id);


--
-- Name: wagtailcore_pageviewrestriction_groups wagtailcore_pageviewrest_pageviewrestriction_id_g_d23f80bb_uniq; Type: CONSTRAINT; Schema: public; Owner: smallbiz_app
--

ALTER TABLE ONLY public.wagtailcore_pageviewrestriction_groups
    ADD CONSTRAINT wagtailcore_pageviewrest_pageviewrestriction_id_g_d23f80bb_uniq UNIQUE (pageviewrestriction_id, group_id);


--
-- Name: wagtailcore_pageviewrestriction_groups wagtailcore_pageviewrestriction_groups_pkey; Type: CONSTRAINT; Schema: public; Owner: smallbiz_app
--

ALTER TABLE ONLY public.wagtailcore_pageviewrestriction_groups
    ADD CONSTRAINT wagtailcore_pageviewrestriction_groups_pkey PRIMARY KEY (id);


--
-- Name: wagtailcore_pageviewrestriction wagtailcore_pageviewrestriction_pkey; Type: CONSTRAINT; Schema: public; Owner: smallbiz_app
--

ALTER TABLE ONLY public.wagtailcore_pageviewrestriction
    ADD CONSTRAINT wagtailcore_pageviewrestriction_pkey PRIMARY KEY (id);


--
-- Name: wagtailcore_referenceindex wagtailcore_referenceind_base_content_type_id_obj_9e6ccd6a_uniq; Type: CONSTRAINT; Schema: public; Owner: smallbiz_app
--

ALTER TABLE ONLY public.wagtailcore_referenceindex
    ADD CONSTRAINT wagtailcore_referenceind_base_content_type_id_obj_9e6ccd6a_uniq UNIQUE (base_content_type_id, object_id, to_content_type_id, to_object_id, content_path_hash);


--
-- Name: wagtailcore_referenceindex wagtailcore_referenceindex_pkey; Type: CONSTRAINT; Schema: public; Owner: smallbiz_app
--

ALTER TABLE ONLY public.wagtailcore_referenceindex
    ADD CONSTRAINT wagtailcore_referenceindex_pkey PRIMARY KEY (id);


--
-- Name: wagtailcore_site wagtailcore_site_hostname_port_2c626d70_uniq; Type: CONSTRAINT; Schema: public; Owner: smallbiz_app
--

ALTER TABLE ONLY public.wagtailcore_site
    ADD CONSTRAINT wagtailcore_site_hostname_port_2c626d70_uniq UNIQUE (hostname, port);


--
-- Name: wagtailcore_site wagtailcore_site_pkey; Type: CONSTRAINT; Schema: public; Owner: smallbiz_app
--

ALTER TABLE ONLY public.wagtailcore_site
    ADD CONSTRAINT wagtailcore_site_pkey PRIMARY KEY (id);


--
-- Name: wagtailcore_task wagtailcore_task_pkey; Type: CONSTRAINT; Schema: public; Owner: smallbiz_app
--

ALTER TABLE ONLY public.wagtailcore_task
    ADD CONSTRAINT wagtailcore_task_pkey PRIMARY KEY (id);


--
-- Name: wagtailcore_taskstate wagtailcore_taskstate_pkey; Type: CONSTRAINT; Schema: public; Owner: smallbiz_app
--

ALTER TABLE ONLY public.wagtailcore_taskstate
    ADD CONSTRAINT wagtailcore_taskstate_pkey PRIMARY KEY (id);


--
-- Name: wagtailcore_uploadedfile wagtailcore_uploadedfile_pkey; Type: CONSTRAINT; Schema: public; Owner: smallbiz_app
--

ALTER TABLE ONLY public.wagtailcore_uploadedfile
    ADD CONSTRAINT wagtailcore_uploadedfile_pkey PRIMARY KEY (id);


--
-- Name: wagtailcore_workflow wagtailcore_workflow_pkey; Type: CONSTRAINT; Schema: public; Owner: smallbiz_app
--

ALTER TABLE ONLY public.wagtailcore_workflow
    ADD CONSTRAINT wagtailcore_workflow_pkey PRIMARY KEY (id);


--
-- Name: wagtailcore_workflowcontenttype wagtailcore_workflowcontenttype_pkey; Type: CONSTRAINT; Schema: public; Owner: smallbiz_app
--

ALTER TABLE ONLY public.wagtailcore_workflowcontenttype
    ADD CONSTRAINT wagtailcore_workflowcontenttype_pkey PRIMARY KEY (content_type_id);


--
-- Name: wagtailcore_workflowpage wagtailcore_workflowpage_pkey; Type: CONSTRAINT; Schema: public; Owner: smallbiz_app
--

ALTER TABLE ONLY public.wagtailcore_workflowpage
    ADD CONSTRAINT wagtailcore_workflowpage_pkey PRIMARY KEY (page_id);


--
-- Name: wagtailcore_workflowstate wagtailcore_workflowstate_current_task_state_id_key; Type: CONSTRAINT; Schema: public; Owner: smallbiz_app
--

ALTER TABLE ONLY public.wagtailcore_workflowstate
    ADD CONSTRAINT wagtailcore_workflowstate_current_task_state_id_key UNIQUE (current_task_state_id);


--
-- Name: wagtailcore_workflowstate wagtailcore_workflowstate_pkey; Type: CONSTRAINT; Schema: public; Owner: smallbiz_app
--

ALTER TABLE ONLY public.wagtailcore_workflowstate
    ADD CONSTRAINT wagtailcore_workflowstate_pkey PRIMARY KEY (id);


--
-- Name: wagtailcore_workflowtask wagtailcore_workflowtask_pkey; Type: CONSTRAINT; Schema: public; Owner: smallbiz_app
--

ALTER TABLE ONLY public.wagtailcore_workflowtask
    ADD CONSTRAINT wagtailcore_workflowtask_pkey PRIMARY KEY (id);


--
-- Name: wagtailcore_workflowtask wagtailcore_workflowtask_workflow_id_task_id_4ec7a62b_uniq; Type: CONSTRAINT; Schema: public; Owner: smallbiz_app
--

ALTER TABLE ONLY public.wagtailcore_workflowtask
    ADD CONSTRAINT wagtailcore_workflowtask_workflow_id_task_id_4ec7a62b_uniq UNIQUE (workflow_id, task_id);


--
-- Name: wagtaildocs_document wagtaildocs_document_pkey; Type: CONSTRAINT; Schema: public; Owner: smallbiz_app
--

ALTER TABLE ONLY public.wagtaildocs_document
    ADD CONSTRAINT wagtaildocs_document_pkey PRIMARY KEY (id);


--
-- Name: wagtailembeds_embed wagtailembeds_embed_hash_c9bd8c9a_uniq; Type: CONSTRAINT; Schema: public; Owner: smallbiz_app
--

ALTER TABLE ONLY public.wagtailembeds_embed
    ADD CONSTRAINT wagtailembeds_embed_hash_c9bd8c9a_uniq UNIQUE (hash);


--
-- Name: wagtailembeds_embed wagtailembeds_embed_pkey; Type: CONSTRAINT; Schema: public; Owner: smallbiz_app
--

ALTER TABLE ONLY public.wagtailembeds_embed
    ADD CONSTRAINT wagtailembeds_embed_pkey PRIMARY KEY (id);


--
-- Name: wagtailforms_formsubmission wagtailforms_formsubmission_pkey; Type: CONSTRAINT; Schema: public; Owner: smallbiz_app
--

ALTER TABLE ONLY public.wagtailforms_formsubmission
    ADD CONSTRAINT wagtailforms_formsubmission_pkey PRIMARY KEY (id);


--
-- Name: wagtailimages_image wagtailimages_image_pkey; Type: CONSTRAINT; Schema: public; Owner: smallbiz_app
--

ALTER TABLE ONLY public.wagtailimages_image
    ADD CONSTRAINT wagtailimages_image_pkey PRIMARY KEY (id);


--
-- Name: wagtailimages_rendition wagtailimages_rendition_image_id_filter_spec_foc_323c8fe0_uniq; Type: CONSTRAINT; Schema: public; Owner: smallbiz_app
--

ALTER TABLE ONLY public.wagtailimages_rendition
    ADD CONSTRAINT wagtailimages_rendition_image_id_filter_spec_foc_323c8fe0_uniq UNIQUE (image_id, filter_spec, focal_point_key);


--
-- Name: wagtailimages_rendition wagtailimages_rendition_pkey; Type: CONSTRAINT; Schema: public; Owner: smallbiz_app
--

ALTER TABLE ONLY public.wagtailimages_rendition
    ADD CONSTRAINT wagtailimages_rendition_pkey PRIMARY KEY (id);


--
-- Name: wagtailredirects_redirect wagtailredirects_redirect_old_path_site_id_783622d7_uniq; Type: CONSTRAINT; Schema: public; Owner: smallbiz_app
--

ALTER TABLE ONLY public.wagtailredirects_redirect
    ADD CONSTRAINT wagtailredirects_redirect_old_path_site_id_783622d7_uniq UNIQUE (old_path, site_id);


--
-- Name: wagtailredirects_redirect wagtailredirects_redirect_pkey; Type: CONSTRAINT; Schema: public; Owner: smallbiz_app
--

ALTER TABLE ONLY public.wagtailredirects_redirect
    ADD CONSTRAINT wagtailredirects_redirect_pkey PRIMARY KEY (id);


--
-- Name: wagtailsearch_indexentry wagtailsearch_indexentry_content_type_id_object_i_bcd7ba73_uniq; Type: CONSTRAINT; Schema: public; Owner: smallbiz_app
--

ALTER TABLE ONLY public.wagtailsearch_indexentry
    ADD CONSTRAINT wagtailsearch_indexentry_content_type_id_object_i_bcd7ba73_uniq UNIQUE (content_type_id, object_id);


--
-- Name: wagtailsearch_indexentry wagtailsearch_indexentry_pkey; Type: CONSTRAINT; Schema: public; Owner: smallbiz_app
--

ALTER TABLE ONLY public.wagtailsearch_indexentry
    ADD CONSTRAINT wagtailsearch_indexentry_pkey PRIMARY KEY (id);


--
-- Name: wagtailusers_userprofile wagtailusers_userprofile_pkey; Type: CONSTRAINT; Schema: public; Owner: smallbiz_app
--

ALTER TABLE ONLY public.wagtailusers_userprofile
    ADD CONSTRAINT wagtailusers_userprofile_pkey PRIMARY KEY (id);


--
-- Name: wagtailusers_userprofile wagtailusers_userprofile_user_id_key; Type: CONSTRAINT; Schema: public; Owner: smallbiz_app
--

ALTER TABLE ONLY public.wagtailusers_userprofile
    ADD CONSTRAINT wagtailusers_userprofile_user_id_key UNIQUE (user_id);


--
-- Name: auth_group_name_a6ea08ec_like; Type: INDEX; Schema: public; Owner: smallbiz_app
--

CREATE INDEX auth_group_name_a6ea08ec_like ON public.auth_group USING btree (name varchar_pattern_ops);


--
-- Name: auth_group_permissions_group_id_b120cbf9; Type: INDEX; Schema: public; Owner: smallbiz_app
--

CREATE INDEX auth_group_permissions_group_id_b120cbf9 ON public.auth_group_permissions USING btree (group_id);


--
-- Name: auth_group_permissions_permission_id_84c5c92e; Type: INDEX; Schema: public; Owner: smallbiz_app
--

CREATE INDEX auth_group_permissions_permission_id_84c5c92e ON public.auth_group_permissions USING btree (permission_id);


--
-- Name: auth_permission_content_type_id_2f476e4b; Type: INDEX; Schema: public; Owner: smallbiz_app
--

CREATE INDEX auth_permission_content_type_id_2f476e4b ON public.auth_permission USING btree (content_type_id);


--
-- Name: auth_user_groups_group_id_97559544; Type: INDEX; Schema: public; Owner: smallbiz_app
--

CREATE INDEX auth_user_groups_group_id_97559544 ON public.auth_user_groups USING btree (group_id);


--
-- Name: auth_user_groups_user_id_6a12ed8b; Type: INDEX; Schema: public; Owner: smallbiz_app
--

CREATE INDEX auth_user_groups_user_id_6a12ed8b ON public.auth_user_groups USING btree (user_id);


--
-- Name: auth_user_user_permissions_permission_id_1fbb5f2c; Type: INDEX; Schema: public; Owner: smallbiz_app
--

CREATE INDEX auth_user_user_permissions_permission_id_1fbb5f2c ON public.auth_user_user_permissions USING btree (permission_id);


--
-- Name: auth_user_user_permissions_user_id_a95ead1b; Type: INDEX; Schema: public; Owner: smallbiz_app
--

CREATE INDEX auth_user_user_permissions_user_id_a95ead1b ON public.auth_user_user_permissions USING btree (user_id);


--
-- Name: auth_user_username_6821ab7c_like; Type: INDEX; Schema: public; Owner: smallbiz_app
--

CREATE INDEX auth_user_username_6821ab7c_like ON public.auth_user USING btree (username varchar_pattern_ops);


--
-- Name: base_content_object_idx; Type: INDEX; Schema: public; Owner: smallbiz_app
--

CREATE INDEX base_content_object_idx ON public.wagtailcore_revision USING btree (base_content_type_id, object_id);


--
-- Name: blog_blogpage_image_id_a60e2e91; Type: INDEX; Schema: public; Owner: smallbiz_app
--

CREATE INDEX blog_blogpage_image_id_a60e2e91 ON public.blog_blogpage USING btree (image_id);


--
-- Name: content_object_idx; Type: INDEX; Schema: public; Owner: smallbiz_app
--

CREATE INDEX content_object_idx ON public.wagtailcore_revision USING btree (content_type_id, object_id);


--
-- Name: django_admin_log_content_type_id_c4bce8eb; Type: INDEX; Schema: public; Owner: smallbiz_app
--

CREATE INDEX django_admin_log_content_type_id_c4bce8eb ON public.django_admin_log USING btree (content_type_id);


--
-- Name: django_admin_log_user_id_c564eba6; Type: INDEX; Schema: public; Owner: smallbiz_app
--

CREATE INDEX django_admin_log_user_id_c564eba6 ON public.django_admin_log USING btree (user_id);


--
-- Name: django_session_expire_date_a5c62663; Type: INDEX; Schema: public; Owner: smallbiz_app
--

CREATE INDEX django_session_expire_date_a5c62663 ON public.django_session USING btree (expire_date);


--
-- Name: django_session_session_key_c0390e0f_like; Type: INDEX; Schema: public; Owner: smallbiz_app
--

CREATE INDEX django_session_session_key_c0390e0f_like ON public.django_session USING btree (session_key varchar_pattern_ops);


--
-- Name: referenceindex_source_object; Type: INDEX; Schema: public; Owner: smallbiz_app
--

CREATE INDEX referenceindex_source_object ON public.wagtailcore_referenceindex USING btree (base_content_type_id, object_id);


--
-- Name: referenceindex_target_object; Type: INDEX; Schema: public; Owner: smallbiz_app
--

CREATE INDEX referenceindex_target_object ON public.wagtailcore_referenceindex USING btree (to_content_type_id, to_object_id);


--
-- Name: services_servicepage_image_id_22660021; Type: INDEX; Schema: public; Owner: smallbiz_app
--

CREATE INDEX services_servicepage_image_id_22660021 ON public.services_servicepage USING btree (image_id);


--
-- Name: taggit_tag_name_58eb2ed9_like; Type: INDEX; Schema: public; Owner: smallbiz_app
--

CREATE INDEX taggit_tag_name_58eb2ed9_like ON public.taggit_tag USING btree (name varchar_pattern_ops);


--
-- Name: taggit_tag_slug_6be58b2c_like; Type: INDEX; Schema: public; Owner: smallbiz_app
--

CREATE INDEX taggit_tag_slug_6be58b2c_like ON public.taggit_tag USING btree (slug varchar_pattern_ops);


--
-- Name: taggit_tagg_content_8fc721_idx; Type: INDEX; Schema: public; Owner: smallbiz_app
--

CREATE INDEX taggit_tagg_content_8fc721_idx ON public.taggit_taggeditem USING btree (content_type_id, object_id);


--
-- Name: taggit_taggeditem_content_type_id_9957a03c; Type: INDEX; Schema: public; Owner: smallbiz_app
--

CREATE INDEX taggit_taggeditem_content_type_id_9957a03c ON public.taggit_taggeditem USING btree (content_type_id);


--
-- Name: taggit_taggeditem_object_id_e2d7d1df; Type: INDEX; Schema: public; Owner: smallbiz_app
--

CREATE INDEX taggit_taggeditem_object_id_e2d7d1df ON public.taggit_taggeditem USING btree (object_id);


--
-- Name: taggit_taggeditem_tag_id_f4f5b767; Type: INDEX; Schema: public; Owner: smallbiz_app
--

CREATE INDEX taggit_taggeditem_tag_id_f4f5b767 ON public.taggit_taggeditem USING btree (tag_id);


--
-- Name: unique_in_progress_workflow; Type: INDEX; Schema: public; Owner: smallbiz_app
--

CREATE UNIQUE INDEX unique_in_progress_workflow ON public.wagtailcore_workflowstate USING btree (base_content_type_id, object_id) WHERE ((status)::text = ANY (ARRAY[('in_progress'::character varying)::text, ('needs_changes'::character varying)::text]));


--
-- Name: wagtail_localize_localesynchronization_sync_from_id_1bc4c2eb; Type: INDEX; Schema: public; Owner: smallbiz_app
--

CREATE INDEX wagtail_localize_localesynchronization_sync_from_id_1bc4c2eb ON public.wagtail_localize_localesynchronization USING btree (sync_from_id);


--
-- Name: wagtail_localize_overridablesegment_context_id_eed8c388; Type: INDEX; Schema: public; Owner: smallbiz_app
--

CREATE INDEX wagtail_localize_overridablesegment_context_id_eed8c388 ON public.wagtail_localize_overridablesegment USING btree (context_id);


--
-- Name: wagtail_localize_overridablesegment_source_id_5720ac20; Type: INDEX; Schema: public; Owner: smallbiz_app
--

CREATE INDEX wagtail_localize_overridablesegment_source_id_5720ac20 ON public.wagtail_localize_overridablesegment USING btree (source_id);


--
-- Name: wagtail_localize_relatedobjectsegment_context_id_c0a725be; Type: INDEX; Schema: public; Owner: smallbiz_app
--

CREATE INDEX wagtail_localize_relatedobjectsegment_context_id_c0a725be ON public.wagtail_localize_relatedobjectsegment USING btree (context_id);


--
-- Name: wagtail_localize_relatedobjectsegment_object_id_6c7b58df; Type: INDEX; Schema: public; Owner: smallbiz_app
--

CREATE INDEX wagtail_localize_relatedobjectsegment_object_id_6c7b58df ON public.wagtail_localize_relatedobjectsegment USING btree (object_id);


--
-- Name: wagtail_localize_relatedobjectsegment_source_id_9a3b1373; Type: INDEX; Schema: public; Owner: smallbiz_app
--

CREATE INDEX wagtail_localize_relatedobjectsegment_source_id_9a3b1373 ON public.wagtail_localize_relatedobjectsegment USING btree (source_id);


--
-- Name: wagtail_localize_segmentoverride_context_id_f827efe0; Type: INDEX; Schema: public; Owner: smallbiz_app
--

CREATE INDEX wagtail_localize_segmentoverride_context_id_f827efe0 ON public.wagtail_localize_segmentoverride USING btree (context_id);


--
-- Name: wagtail_localize_segmentoverride_last_translated_by_id_a86448fc; Type: INDEX; Schema: public; Owner: smallbiz_app
--

CREATE INDEX wagtail_localize_segmentoverride_last_translated_by_id_a86448fc ON public.wagtail_localize_segmentoverride USING btree (last_translated_by_id);


--
-- Name: wagtail_localize_segmentoverride_locale_id_b1673d41; Type: INDEX; Schema: public; Owner: smallbiz_app
--

CREATE INDEX wagtail_localize_segmentoverride_locale_id_b1673d41 ON public.wagtail_localize_segmentoverride USING btree (locale_id);


--
-- Name: wagtail_localize_string_locale_id_2cded126; Type: INDEX; Schema: public; Owner: smallbiz_app
--

CREATE INDEX wagtail_localize_string_locale_id_2cded126 ON public.wagtail_localize_string USING btree (locale_id);


--
-- Name: wagtail_localize_stringsegment_context_id_63235539; Type: INDEX; Schema: public; Owner: smallbiz_app
--

CREATE INDEX wagtail_localize_stringsegment_context_id_63235539 ON public.wagtail_localize_stringsegment USING btree (context_id);


--
-- Name: wagtail_localize_stringsegment_source_id_5804129f; Type: INDEX; Schema: public; Owner: smallbiz_app
--

CREATE INDEX wagtail_localize_stringsegment_source_id_5804129f ON public.wagtail_localize_stringsegment USING btree (source_id);


--
-- Name: wagtail_localize_stringsegment_string_id_6356d5ec; Type: INDEX; Schema: public; Owner: smallbiz_app
--

CREATE INDEX wagtail_localize_stringsegment_string_id_6356d5ec ON public.wagtail_localize_stringsegment USING btree (string_id);


--
-- Name: wagtail_localize_stringtra_last_translated_by_id_764c7a3f; Type: INDEX; Schema: public; Owner: smallbiz_app
--

CREATE INDEX wagtail_localize_stringtra_last_translated_by_id_764c7a3f ON public.wagtail_localize_stringtranslation USING btree (last_translated_by_id);


--
-- Name: wagtail_localize_stringtranslation_context_id_3cc13049; Type: INDEX; Schema: public; Owner: smallbiz_app
--

CREATE INDEX wagtail_localize_stringtranslation_context_id_3cc13049 ON public.wagtail_localize_stringtranslation USING btree (context_id);


--
-- Name: wagtail_localize_stringtranslation_locale_id_b9e3730d; Type: INDEX; Schema: public; Owner: smallbiz_app
--

CREATE INDEX wagtail_localize_stringtranslation_locale_id_b9e3730d ON public.wagtail_localize_stringtranslation USING btree (locale_id);


--
-- Name: wagtail_localize_stringtranslation_translation_of_id_8eef01d0; Type: INDEX; Schema: public; Owner: smallbiz_app
--

CREATE INDEX wagtail_localize_stringtranslation_translation_of_id_8eef01d0 ON public.wagtail_localize_stringtranslation USING btree (translation_of_id);


--
-- Name: wagtail_localize_templatesegment_context_id_81456b25; Type: INDEX; Schema: public; Owner: smallbiz_app
--

CREATE INDEX wagtail_localize_templatesegment_context_id_81456b25 ON public.wagtail_localize_templatesegment USING btree (context_id);


--
-- Name: wagtail_localize_templatesegment_source_id_26b89dc6; Type: INDEX; Schema: public; Owner: smallbiz_app
--

CREATE INDEX wagtail_localize_templatesegment_source_id_26b89dc6 ON public.wagtail_localize_templatesegment USING btree (source_id);


--
-- Name: wagtail_localize_templatesegment_template_id_c370b3c8; Type: INDEX; Schema: public; Owner: smallbiz_app
--

CREATE INDEX wagtail_localize_templatesegment_template_id_c370b3c8 ON public.wagtail_localize_templatesegment USING btree (template_id);


--
-- Name: wagtail_localize_translatableobject_content_type_id_0d6c5139; Type: INDEX; Schema: public; Owner: smallbiz_app
--

CREATE INDEX wagtail_localize_translatableobject_content_type_id_0d6c5139 ON public.wagtail_localize_translatableobject USING btree (content_type_id);


--
-- Name: wagtail_localize_translati_specific_content_type_id_3095eb76; Type: INDEX; Schema: public; Owner: smallbiz_app
--

CREATE INDEX wagtail_localize_translati_specific_content_type_id_3095eb76 ON public.wagtail_localize_translationsource USING btree (specific_content_type_id);


--
-- Name: wagtail_localize_translation_source_id_e326e1e3; Type: INDEX; Schema: public; Owner: smallbiz_app
--

CREATE INDEX wagtail_localize_translation_source_id_e326e1e3 ON public.wagtail_localize_translation USING btree (source_id);


--
-- Name: wagtail_localize_translation_target_locale_id_8c524f73; Type: INDEX; Schema: public; Owner: smallbiz_app
--

CREATE INDEX wagtail_localize_translation_target_locale_id_8c524f73 ON public.wagtail_localize_translation USING btree (target_locale_id);


--
-- Name: wagtail_localize_translationcontext_object_id_86263ce7; Type: INDEX; Schema: public; Owner: smallbiz_app
--

CREATE INDEX wagtail_localize_translationcontext_object_id_86263ce7 ON public.wagtail_localize_translationcontext USING btree (object_id);


--
-- Name: wagtail_localize_translationlog_locale_id_37619cb4; Type: INDEX; Schema: public; Owner: smallbiz_app
--

CREATE INDEX wagtail_localize_translationlog_locale_id_37619cb4 ON public.wagtail_localize_translationlog USING btree (locale_id);


--
-- Name: wagtail_localize_translationlog_page_revision_id_b036eea6; Type: INDEX; Schema: public; Owner: smallbiz_app
--

CREATE INDEX wagtail_localize_translationlog_page_revision_id_b036eea6 ON public.wagtail_localize_translationlog USING btree (revision_id);


--
-- Name: wagtail_localize_translationlog_source_id_7228923e; Type: INDEX; Schema: public; Owner: smallbiz_app
--

CREATE INDEX wagtail_localize_translationlog_source_id_7228923e ON public.wagtail_localize_translationlog USING btree (source_id);


--
-- Name: wagtail_localize_translationsource_locale_id_0ac264c0; Type: INDEX; Schema: public; Owner: smallbiz_app
--

CREATE INDEX wagtail_localize_translationsource_locale_id_0ac264c0 ON public.wagtail_localize_translationsource USING btree (locale_id);


--
-- Name: wagtail_localize_translationsource_object_id_6a078fd2; Type: INDEX; Schema: public; Owner: smallbiz_app
--

CREATE INDEX wagtail_localize_translationsource_object_id_6a078fd2 ON public.wagtail_localize_translationsource USING btree (object_id);


--
-- Name: wagtailadmi_content_717955_idx; Type: INDEX; Schema: public; Owner: smallbiz_app
--

CREATE INDEX wagtailadmi_content_717955_idx ON public.wagtailadmin_editingsession USING btree (content_type_id, object_id);


--
-- Name: wagtailadmin_editingsession_content_type_id_4df7730e; Type: INDEX; Schema: public; Owner: smallbiz_app
--

CREATE INDEX wagtailadmin_editingsession_content_type_id_4df7730e ON public.wagtailadmin_editingsession USING btree (content_type_id);


--
-- Name: wagtailadmin_editingsession_user_id_6e1a9b70; Type: INDEX; Schema: public; Owner: smallbiz_app
--

CREATE INDEX wagtailadmin_editingsession_user_id_6e1a9b70 ON public.wagtailadmin_editingsession USING btree (user_id);


--
-- Name: wagtailcore_collection_path_d848dc19_like; Type: INDEX; Schema: public; Owner: smallbiz_app
--

CREATE INDEX wagtailcore_collection_path_d848dc19_like ON public.wagtailcore_collection USING btree (path varchar_pattern_ops);


--
-- Name: wagtailcore_collectionview_collectionviewrestriction__47320efd; Type: INDEX; Schema: public; Owner: smallbiz_app
--

CREATE INDEX wagtailcore_collectionview_collectionviewrestriction__47320efd ON public.wagtailcore_collectionviewrestriction_groups USING btree (collectionviewrestriction_id);


--
-- Name: wagtailcore_collectionviewrestriction_collection_id_761908ec; Type: INDEX; Schema: public; Owner: smallbiz_app
--

CREATE INDEX wagtailcore_collectionviewrestriction_collection_id_761908ec ON public.wagtailcore_collectionviewrestriction USING btree (collection_id);


--
-- Name: wagtailcore_collectionviewrestriction_groups_group_id_1823f2a3; Type: INDEX; Schema: public; Owner: smallbiz_app
--

CREATE INDEX wagtailcore_collectionviewrestriction_groups_group_id_1823f2a3 ON public.wagtailcore_collectionviewrestriction_groups USING btree (group_id);


--
-- Name: wagtailcore_comment_page_id_108444b5; Type: INDEX; Schema: public; Owner: smallbiz_app
--

CREATE INDEX wagtailcore_comment_page_id_108444b5 ON public.wagtailcore_comment USING btree (page_id);


--
-- Name: wagtailcore_comment_resolved_by_id_a282aa0e; Type: INDEX; Schema: public; Owner: smallbiz_app
--

CREATE INDEX wagtailcore_comment_resolved_by_id_a282aa0e ON public.wagtailcore_comment USING btree (resolved_by_id);


--
-- Name: wagtailcore_comment_revision_created_id_1d058279; Type: INDEX; Schema: public; Owner: smallbiz_app
--

CREATE INDEX wagtailcore_comment_revision_created_id_1d058279 ON public.wagtailcore_comment USING btree (revision_created_id);


--
-- Name: wagtailcore_comment_user_id_0c577ca6; Type: INDEX; Schema: public; Owner: smallbiz_app
--

CREATE INDEX wagtailcore_comment_user_id_0c577ca6 ON public.wagtailcore_comment USING btree (user_id);


--
-- Name: wagtailcore_commentreply_comment_id_afc7e027; Type: INDEX; Schema: public; Owner: smallbiz_app
--

CREATE INDEX wagtailcore_commentreply_comment_id_afc7e027 ON public.wagtailcore_commentreply USING btree (comment_id);


--
-- Name: wagtailcore_commentreply_user_id_d0b3b9c3; Type: INDEX; Schema: public; Owner: smallbiz_app
--

CREATE INDEX wagtailcore_commentreply_user_id_d0b3b9c3 ON public.wagtailcore_commentreply USING btree (user_id);


--
-- Name: wagtailcore_groupapprovalt_groupapprovaltask_id_9a9255ea; Type: INDEX; Schema: public; Owner: smallbiz_app
--

CREATE INDEX wagtailcore_groupapprovalt_groupapprovaltask_id_9a9255ea ON public.wagtailcore_groupapprovaltask_groups USING btree (groupapprovaltask_id);


--
-- Name: wagtailcore_groupapprovaltask_groups_group_id_2e64b61f; Type: INDEX; Schema: public; Owner: smallbiz_app
--

CREATE INDEX wagtailcore_groupapprovaltask_groups_group_id_2e64b61f ON public.wagtailcore_groupapprovaltask_groups USING btree (group_id);


--
-- Name: wagtailcore_groupcollectionpermission_collection_id_5423575a; Type: INDEX; Schema: public; Owner: smallbiz_app
--

CREATE INDEX wagtailcore_groupcollectionpermission_collection_id_5423575a ON public.wagtailcore_groupcollectionpermission USING btree (collection_id);


--
-- Name: wagtailcore_groupcollectionpermission_group_id_05d61460; Type: INDEX; Schema: public; Owner: smallbiz_app
--

CREATE INDEX wagtailcore_groupcollectionpermission_group_id_05d61460 ON public.wagtailcore_groupcollectionpermission USING btree (group_id);


--
-- Name: wagtailcore_groupcollectionpermission_permission_id_1b626275; Type: INDEX; Schema: public; Owner: smallbiz_app
--

CREATE INDEX wagtailcore_groupcollectionpermission_permission_id_1b626275 ON public.wagtailcore_groupcollectionpermission USING btree (permission_id);


--
-- Name: wagtailcore_grouppagepermission_group_id_fc07e671; Type: INDEX; Schema: public; Owner: smallbiz_app
--

CREATE INDEX wagtailcore_grouppagepermission_group_id_fc07e671 ON public.wagtailcore_grouppagepermission USING btree (group_id);


--
-- Name: wagtailcore_grouppagepermission_page_id_710b114a; Type: INDEX; Schema: public; Owner: smallbiz_app
--

CREATE INDEX wagtailcore_grouppagepermission_page_id_710b114a ON public.wagtailcore_grouppagepermission USING btree (page_id);


--
-- Name: wagtailcore_grouppagepermission_permission_id_05acb22e; Type: INDEX; Schema: public; Owner: smallbiz_app
--

CREATE INDEX wagtailcore_grouppagepermission_permission_id_05acb22e ON public.wagtailcore_grouppagepermission USING btree (permission_id);


--
-- Name: wagtailcore_groupsitepermission_group_id_e5cdbee4; Type: INDEX; Schema: public; Owner: smallbiz_app
--

CREATE INDEX wagtailcore_groupsitepermission_group_id_e5cdbee4 ON public.wagtailcore_groupsitepermission USING btree (group_id);


--
-- Name: wagtailcore_groupsitepermission_permission_id_459b1f38; Type: INDEX; Schema: public; Owner: smallbiz_app
--

CREATE INDEX wagtailcore_groupsitepermission_permission_id_459b1f38 ON public.wagtailcore_groupsitepermission USING btree (permission_id);


--
-- Name: wagtailcore_groupsitepermission_site_id_245de488; Type: INDEX; Schema: public; Owner: smallbiz_app
--

CREATE INDEX wagtailcore_groupsitepermission_site_id_245de488 ON public.wagtailcore_groupsitepermission USING btree (site_id);


--
-- Name: wagtailcore_locale_language_code_03149338_like; Type: INDEX; Schema: public; Owner: smallbiz_app
--

CREATE INDEX wagtailcore_locale_language_code_03149338_like ON public.wagtailcore_locale USING btree (language_code varchar_pattern_ops);


--
-- Name: wagtailcore_modellogentry_action_d2d856ee; Type: INDEX; Schema: public; Owner: smallbiz_app
--

CREATE INDEX wagtailcore_modellogentry_action_d2d856ee ON public.wagtailcore_modellogentry USING btree (action);


--
-- Name: wagtailcore_modellogentry_action_d2d856ee_like; Type: INDEX; Schema: public; Owner: smallbiz_app
--

CREATE INDEX wagtailcore_modellogentry_action_d2d856ee_like ON public.wagtailcore_modellogentry USING btree (action varchar_pattern_ops);


--
-- Name: wagtailcore_modellogentry_content_changed_8bc39742; Type: INDEX; Schema: public; Owner: smallbiz_app
--

CREATE INDEX wagtailcore_modellogentry_content_changed_8bc39742 ON public.wagtailcore_modellogentry USING btree (content_changed);


--
-- Name: wagtailcore_modellogentry_content_type_id_68849e77; Type: INDEX; Schema: public; Owner: smallbiz_app
--

CREATE INDEX wagtailcore_modellogentry_content_type_id_68849e77 ON public.wagtailcore_modellogentry USING btree (content_type_id);


--
-- Name: wagtailcore_modellogentry_object_id_e0e7d4ef; Type: INDEX; Schema: public; Owner: smallbiz_app
--

CREATE INDEX wagtailcore_modellogentry_object_id_e0e7d4ef ON public.wagtailcore_modellogentry USING btree (object_id);


--
-- Name: wagtailcore_modellogentry_object_id_e0e7d4ef_like; Type: INDEX; Schema: public; Owner: smallbiz_app
--

CREATE INDEX wagtailcore_modellogentry_object_id_e0e7d4ef_like ON public.wagtailcore_modellogentry USING btree (object_id varchar_pattern_ops);


--
-- Name: wagtailcore_modellogentry_revision_id_df6ca33a; Type: INDEX; Schema: public; Owner: smallbiz_app
--

CREATE INDEX wagtailcore_modellogentry_revision_id_df6ca33a ON public.wagtailcore_modellogentry USING btree (revision_id);


--
-- Name: wagtailcore_modellogentry_timestamp_9694521b; Type: INDEX; Schema: public; Owner: smallbiz_app
--

CREATE INDEX wagtailcore_modellogentry_timestamp_9694521b ON public.wagtailcore_modellogentry USING btree ("timestamp");


--
-- Name: wagtailcore_modellogentry_user_id_0278d1bf; Type: INDEX; Schema: public; Owner: smallbiz_app
--

CREATE INDEX wagtailcore_modellogentry_user_id_0278d1bf ON public.wagtailcore_modellogentry USING btree (user_id);


--
-- Name: wagtailcore_page_alias_of_id_12945502; Type: INDEX; Schema: public; Owner: smallbiz_app
--

CREATE INDEX wagtailcore_page_alias_of_id_12945502 ON public.wagtailcore_page USING btree (alias_of_id);


--
-- Name: wagtailcore_page_content_type_id_c28424df; Type: INDEX; Schema: public; Owner: smallbiz_app
--

CREATE INDEX wagtailcore_page_content_type_id_c28424df ON public.wagtailcore_page USING btree (content_type_id);


--
-- Name: wagtailcore_page_first_published_at_2b5dd637; Type: INDEX; Schema: public; Owner: smallbiz_app
--

CREATE INDEX wagtailcore_page_first_published_at_2b5dd637 ON public.wagtailcore_page USING btree (first_published_at);


--
-- Name: wagtailcore_page_latest_revision_id_e60fef51; Type: INDEX; Schema: public; Owner: smallbiz_app
--

CREATE INDEX wagtailcore_page_latest_revision_id_e60fef51 ON public.wagtailcore_page USING btree (latest_revision_id);


--
-- Name: wagtailcore_page_live_revision_id_930bd822; Type: INDEX; Schema: public; Owner: smallbiz_app
--

CREATE INDEX wagtailcore_page_live_revision_id_930bd822 ON public.wagtailcore_page USING btree (live_revision_id);


--
-- Name: wagtailcore_page_locale_id_3c7e30a6; Type: INDEX; Schema: public; Owner: smallbiz_app
--

CREATE INDEX wagtailcore_page_locale_id_3c7e30a6 ON public.wagtailcore_page USING btree (locale_id);


--
-- Name: wagtailcore_page_locked_by_id_bcb86245; Type: INDEX; Schema: public; Owner: smallbiz_app
--

CREATE INDEX wagtailcore_page_locked_by_id_bcb86245 ON public.wagtailcore_page USING btree (locked_by_id);


--
-- Name: wagtailcore_page_owner_id_fbf7c332; Type: INDEX; Schema: public; Owner: smallbiz_app
--

CREATE INDEX wagtailcore_page_owner_id_fbf7c332 ON public.wagtailcore_page USING btree (owner_id);


--
-- Name: wagtailcore_page_path_98eba2c8_like; Type: INDEX; Schema: public; Owner: smallbiz_app
--

CREATE INDEX wagtailcore_page_path_98eba2c8_like ON public.wagtailcore_page USING btree (path varchar_pattern_ops);


--
-- Name: wagtailcore_page_slug_e7c11b8f; Type: INDEX; Schema: public; Owner: smallbiz_app
--

CREATE INDEX wagtailcore_page_slug_e7c11b8f ON public.wagtailcore_page USING btree (slug);


--
-- Name: wagtailcore_page_slug_e7c11b8f_like; Type: INDEX; Schema: public; Owner: smallbiz_app
--

CREATE INDEX wagtailcore_page_slug_e7c11b8f_like ON public.wagtailcore_page USING btree (slug varchar_pattern_ops);


--
-- Name: wagtailcore_pagelogentry_action_c2408198; Type: INDEX; Schema: public; Owner: smallbiz_app
--

CREATE INDEX wagtailcore_pagelogentry_action_c2408198 ON public.wagtailcore_pagelogentry USING btree (action);


--
-- Name: wagtailcore_pagelogentry_action_c2408198_like; Type: INDEX; Schema: public; Owner: smallbiz_app
--

CREATE INDEX wagtailcore_pagelogentry_action_c2408198_like ON public.wagtailcore_pagelogentry USING btree (action varchar_pattern_ops);


--
-- Name: wagtailcore_pagelogentry_content_changed_99f27ade; Type: INDEX; Schema: public; Owner: smallbiz_app
--

CREATE INDEX wagtailcore_pagelogentry_content_changed_99f27ade ON public.wagtailcore_pagelogentry USING btree (content_changed);


--
-- Name: wagtailcore_pagelogentry_content_type_id_74e7708a; Type: INDEX; Schema: public; Owner: smallbiz_app
--

CREATE INDEX wagtailcore_pagelogentry_content_type_id_74e7708a ON public.wagtailcore_pagelogentry USING btree (content_type_id);


--
-- Name: wagtailcore_pagelogentry_page_id_8464e327; Type: INDEX; Schema: public; Owner: smallbiz_app
--

CREATE INDEX wagtailcore_pagelogentry_page_id_8464e327 ON public.wagtailcore_pagelogentry USING btree (page_id);


--
-- Name: wagtailcore_pagelogentry_revision_id_8043d103; Type: INDEX; Schema: public; Owner: smallbiz_app
--

CREATE INDEX wagtailcore_pagelogentry_revision_id_8043d103 ON public.wagtailcore_pagelogentry USING btree (revision_id);


--
-- Name: wagtailcore_pagelogentry_timestamp_deb774c4; Type: INDEX; Schema: public; Owner: smallbiz_app
--

CREATE INDEX wagtailcore_pagelogentry_timestamp_deb774c4 ON public.wagtailcore_pagelogentry USING btree ("timestamp");


--
-- Name: wagtailcore_pagelogentry_user_id_604ccfd8; Type: INDEX; Schema: public; Owner: smallbiz_app
--

CREATE INDEX wagtailcore_pagelogentry_user_id_604ccfd8 ON public.wagtailcore_pagelogentry USING btree (user_id);


--
-- Name: wagtailcore_pagerevision_approved_go_live_at_e56afc67; Type: INDEX; Schema: public; Owner: smallbiz_app
--

CREATE INDEX wagtailcore_pagerevision_approved_go_live_at_e56afc67 ON public.wagtailcore_revision USING btree (approved_go_live_at);


--
-- Name: wagtailcore_pagerevision_created_at_66954e3b; Type: INDEX; Schema: public; Owner: smallbiz_app
--

CREATE INDEX wagtailcore_pagerevision_created_at_66954e3b ON public.wagtailcore_revision USING btree (created_at);


--
-- Name: wagtailcore_pagerevision_user_id_2409d2f4; Type: INDEX; Schema: public; Owner: smallbiz_app
--

CREATE INDEX wagtailcore_pagerevision_user_id_2409d2f4 ON public.wagtailcore_revision USING btree (user_id);


--
-- Name: wagtailcore_pagesubscription_page_id_a085e7a6; Type: INDEX; Schema: public; Owner: smallbiz_app
--

CREATE INDEX wagtailcore_pagesubscription_page_id_a085e7a6 ON public.wagtailcore_pagesubscription USING btree (page_id);


--
-- Name: wagtailcore_pagesubscription_user_id_89d7def9; Type: INDEX; Schema: public; Owner: smallbiz_app
--

CREATE INDEX wagtailcore_pagesubscription_user_id_89d7def9 ON public.wagtailcore_pagesubscription USING btree (user_id);


--
-- Name: wagtailcore_pageviewrestri_pageviewrestriction_id_f147a99a; Type: INDEX; Schema: public; Owner: smallbiz_app
--

CREATE INDEX wagtailcore_pageviewrestri_pageviewrestriction_id_f147a99a ON public.wagtailcore_pageviewrestriction_groups USING btree (pageviewrestriction_id);


--
-- Name: wagtailcore_pageviewrestriction_groups_group_id_6460f223; Type: INDEX; Schema: public; Owner: smallbiz_app
--

CREATE INDEX wagtailcore_pageviewrestriction_groups_group_id_6460f223 ON public.wagtailcore_pageviewrestriction_groups USING btree (group_id);


--
-- Name: wagtailcore_pageviewrestriction_page_id_15a8bea6; Type: INDEX; Schema: public; Owner: smallbiz_app
--

CREATE INDEX wagtailcore_pageviewrestriction_page_id_15a8bea6 ON public.wagtailcore_pageviewrestriction USING btree (page_id);


--
-- Name: wagtailcore_referenceindex_base_content_type_id_313cf40f; Type: INDEX; Schema: public; Owner: smallbiz_app
--

CREATE INDEX wagtailcore_referenceindex_base_content_type_id_313cf40f ON public.wagtailcore_referenceindex USING btree (base_content_type_id);


--
-- Name: wagtailcore_referenceindex_content_type_id_766e0336; Type: INDEX; Schema: public; Owner: smallbiz_app
--

CREATE INDEX wagtailcore_referenceindex_content_type_id_766e0336 ON public.wagtailcore_referenceindex USING btree (content_type_id);


--
-- Name: wagtailcore_referenceindex_to_content_type_id_93690bbd; Type: INDEX; Schema: public; Owner: smallbiz_app
--

CREATE INDEX wagtailcore_referenceindex_to_content_type_id_93690bbd ON public.wagtailcore_referenceindex USING btree (to_content_type_id);


--
-- Name: wagtailcore_revision_base_content_type_id_5b4ef7bd; Type: INDEX; Schema: public; Owner: smallbiz_app
--

CREATE INDEX wagtailcore_revision_base_content_type_id_5b4ef7bd ON public.wagtailcore_revision USING btree (base_content_type_id);


--
-- Name: wagtailcore_revision_content_type_id_c8cb69c0; Type: INDEX; Schema: public; Owner: smallbiz_app
--

CREATE INDEX wagtailcore_revision_content_type_id_c8cb69c0 ON public.wagtailcore_revision USING btree (content_type_id);


--
-- Name: wagtailcore_site_hostname_96b20b46; Type: INDEX; Schema: public; Owner: smallbiz_app
--

CREATE INDEX wagtailcore_site_hostname_96b20b46 ON public.wagtailcore_site USING btree (hostname);


--
-- Name: wagtailcore_site_hostname_96b20b46_like; Type: INDEX; Schema: public; Owner: smallbiz_app
--

CREATE INDEX wagtailcore_site_hostname_96b20b46_like ON public.wagtailcore_site USING btree (hostname varchar_pattern_ops);


--
-- Name: wagtailcore_site_root_page_id_e02fb95c; Type: INDEX; Schema: public; Owner: smallbiz_app
--

CREATE INDEX wagtailcore_site_root_page_id_e02fb95c ON public.wagtailcore_site USING btree (root_page_id);


--
-- Name: wagtailcore_task_content_type_id_249ab8ba; Type: INDEX; Schema: public; Owner: smallbiz_app
--

CREATE INDEX wagtailcore_task_content_type_id_249ab8ba ON public.wagtailcore_task USING btree (content_type_id);


--
-- Name: wagtailcore_taskstate_content_type_id_0a758fdc; Type: INDEX; Schema: public; Owner: smallbiz_app
--

CREATE INDEX wagtailcore_taskstate_content_type_id_0a758fdc ON public.wagtailcore_taskstate USING btree (content_type_id);


--
-- Name: wagtailcore_taskstate_finished_by_id_13f98229; Type: INDEX; Schema: public; Owner: smallbiz_app
--

CREATE INDEX wagtailcore_taskstate_finished_by_id_13f98229 ON public.wagtailcore_taskstate USING btree (finished_by_id);


--
-- Name: wagtailcore_taskstate_page_revision_id_9f52c88e; Type: INDEX; Schema: public; Owner: smallbiz_app
--

CREATE INDEX wagtailcore_taskstate_page_revision_id_9f52c88e ON public.wagtailcore_taskstate USING btree (revision_id);


--
-- Name: wagtailcore_taskstate_task_id_c3677c34; Type: INDEX; Schema: public; Owner: smallbiz_app
--

CREATE INDEX wagtailcore_taskstate_task_id_c3677c34 ON public.wagtailcore_taskstate USING btree (task_id);


--
-- Name: wagtailcore_taskstate_workflow_state_id_9239a775; Type: INDEX; Schema: public; Owner: smallbiz_app
--

CREATE INDEX wagtailcore_taskstate_workflow_state_id_9239a775 ON public.wagtailcore_taskstate USING btree (workflow_state_id);


--
-- Name: wagtailcore_uploadedfile_for_content_type_id_b0fc87b2; Type: INDEX; Schema: public; Owner: smallbiz_app
--

CREATE INDEX wagtailcore_uploadedfile_for_content_type_id_b0fc87b2 ON public.wagtailcore_uploadedfile USING btree (for_content_type_id);


--
-- Name: wagtailcore_uploadedfile_uploaded_by_user_id_c7580fe8; Type: INDEX; Schema: public; Owner: smallbiz_app
--

CREATE INDEX wagtailcore_uploadedfile_uploaded_by_user_id_c7580fe8 ON public.wagtailcore_uploadedfile USING btree (uploaded_by_user_id);


--
-- Name: wagtailcore_workflowcontenttype_workflow_id_9aad7cd2; Type: INDEX; Schema: public; Owner: smallbiz_app
--

CREATE INDEX wagtailcore_workflowcontenttype_workflow_id_9aad7cd2 ON public.wagtailcore_workflowcontenttype USING btree (workflow_id);


--
-- Name: wagtailcore_workflowpage_workflow_id_56f56ff6; Type: INDEX; Schema: public; Owner: smallbiz_app
--

CREATE INDEX wagtailcore_workflowpage_workflow_id_56f56ff6 ON public.wagtailcore_workflowpage USING btree (workflow_id);


--
-- Name: wagtailcore_workflowstate_base_content_type_id_a30dc576; Type: INDEX; Schema: public; Owner: smallbiz_app
--

CREATE INDEX wagtailcore_workflowstate_base_content_type_id_a30dc576 ON public.wagtailcore_workflowstate USING btree (base_content_type_id);


--
-- Name: wagtailcore_workflowstate_content_type_id_2bb78ce1; Type: INDEX; Schema: public; Owner: smallbiz_app
--

CREATE INDEX wagtailcore_workflowstate_content_type_id_2bb78ce1 ON public.wagtailcore_workflowstate USING btree (content_type_id);


--
-- Name: wagtailcore_workflowstate_requested_by_id_4090bca3; Type: INDEX; Schema: public; Owner: smallbiz_app
--

CREATE INDEX wagtailcore_workflowstate_requested_by_id_4090bca3 ON public.wagtailcore_workflowstate USING btree (requested_by_id);


--
-- Name: wagtailcore_workflowstate_workflow_id_1f18378f; Type: INDEX; Schema: public; Owner: smallbiz_app
--

CREATE INDEX wagtailcore_workflowstate_workflow_id_1f18378f ON public.wagtailcore_workflowstate USING btree (workflow_id);


--
-- Name: wagtailcore_workflowtask_task_id_ce7716fe; Type: INDEX; Schema: public; Owner: smallbiz_app
--

CREATE INDEX wagtailcore_workflowtask_task_id_ce7716fe ON public.wagtailcore_workflowtask USING btree (task_id);


--
-- Name: wagtailcore_workflowtask_workflow_id_b9717175; Type: INDEX; Schema: public; Owner: smallbiz_app
--

CREATE INDEX wagtailcore_workflowtask_workflow_id_b9717175 ON public.wagtailcore_workflowtask USING btree (workflow_id);


--
-- Name: wagtaildocs_document_collection_id_23881625; Type: INDEX; Schema: public; Owner: smallbiz_app
--

CREATE INDEX wagtaildocs_document_collection_id_23881625 ON public.wagtaildocs_document USING btree (collection_id);


--
-- Name: wagtaildocs_document_uploaded_by_user_id_17258b41; Type: INDEX; Schema: public; Owner: smallbiz_app
--

CREATE INDEX wagtaildocs_document_uploaded_by_user_id_17258b41 ON public.wagtaildocs_document USING btree (uploaded_by_user_id);


--
-- Name: wagtailembeds_embed_cache_until_26c94bb0; Type: INDEX; Schema: public; Owner: smallbiz_app
--

CREATE INDEX wagtailembeds_embed_cache_until_26c94bb0 ON public.wagtailembeds_embed USING btree (cache_until);


--
-- Name: wagtailembeds_embed_hash_c9bd8c9a_like; Type: INDEX; Schema: public; Owner: smallbiz_app
--

CREATE INDEX wagtailembeds_embed_hash_c9bd8c9a_like ON public.wagtailembeds_embed USING btree (hash varchar_pattern_ops);


--
-- Name: wagtailforms_formsubmission_page_id_e48e93e7; Type: INDEX; Schema: public; Owner: smallbiz_app
--

CREATE INDEX wagtailforms_formsubmission_page_id_e48e93e7 ON public.wagtailforms_formsubmission USING btree (page_id);


--
-- Name: wagtailimages_image_collection_id_c2f8af7e; Type: INDEX; Schema: public; Owner: smallbiz_app
--

CREATE INDEX wagtailimages_image_collection_id_c2f8af7e ON public.wagtailimages_image USING btree (collection_id);


--
-- Name: wagtailimages_image_created_at_86fa6cd4; Type: INDEX; Schema: public; Owner: smallbiz_app
--

CREATE INDEX wagtailimages_image_created_at_86fa6cd4 ON public.wagtailimages_image USING btree (created_at);


--
-- Name: wagtailimages_image_file_hash_fb5bbb23; Type: INDEX; Schema: public; Owner: smallbiz_app
--

CREATE INDEX wagtailimages_image_file_hash_fb5bbb23 ON public.wagtailimages_image USING btree (file_hash);


--
-- Name: wagtailimages_image_file_hash_fb5bbb23_like; Type: INDEX; Schema: public; Owner: smallbiz_app
--

CREATE INDEX wagtailimages_image_file_hash_fb5bbb23_like ON public.wagtailimages_image USING btree (file_hash varchar_pattern_ops);


--
-- Name: wagtailimages_image_uploaded_by_user_id_5d73dc75; Type: INDEX; Schema: public; Owner: smallbiz_app
--

CREATE INDEX wagtailimages_image_uploaded_by_user_id_5d73dc75 ON public.wagtailimages_image USING btree (uploaded_by_user_id);


--
-- Name: wagtailimages_rendition_filter_spec_1cba3201; Type: INDEX; Schema: public; Owner: smallbiz_app
--

CREATE INDEX wagtailimages_rendition_filter_spec_1cba3201 ON public.wagtailimages_rendition USING btree (filter_spec);


--
-- Name: wagtailimages_rendition_filter_spec_1cba3201_like; Type: INDEX; Schema: public; Owner: smallbiz_app
--

CREATE INDEX wagtailimages_rendition_filter_spec_1cba3201_like ON public.wagtailimages_rendition USING btree (filter_spec varchar_pattern_ops);


--
-- Name: wagtailimages_rendition_image_id_3e1fd774; Type: INDEX; Schema: public; Owner: smallbiz_app
--

CREATE INDEX wagtailimages_rendition_image_id_3e1fd774 ON public.wagtailimages_rendition USING btree (image_id);


--
-- Name: wagtailredirects_redirect_old_path_bb35247b; Type: INDEX; Schema: public; Owner: smallbiz_app
--

CREATE INDEX wagtailredirects_redirect_old_path_bb35247b ON public.wagtailredirects_redirect USING btree (old_path);


--
-- Name: wagtailredirects_redirect_old_path_bb35247b_like; Type: INDEX; Schema: public; Owner: smallbiz_app
--

CREATE INDEX wagtailredirects_redirect_old_path_bb35247b_like ON public.wagtailredirects_redirect USING btree (old_path varchar_pattern_ops);


--
-- Name: wagtailredirects_redirect_redirect_page_id_b5728a8f; Type: INDEX; Schema: public; Owner: smallbiz_app
--

CREATE INDEX wagtailredirects_redirect_redirect_page_id_b5728a8f ON public.wagtailredirects_redirect USING btree (redirect_page_id);


--
-- Name: wagtailredirects_redirect_site_id_780a0e1e; Type: INDEX; Schema: public; Owner: smallbiz_app
--

CREATE INDEX wagtailredirects_redirect_site_id_780a0e1e ON public.wagtailredirects_redirect USING btree (site_id);


--
-- Name: wagtailsear_autocom_476c89_gin; Type: INDEX; Schema: public; Owner: smallbiz_app
--

CREATE INDEX wagtailsear_autocom_476c89_gin ON public.wagtailsearch_indexentry USING gin (autocomplete);


--
-- Name: wagtailsear_body_90c85d_gin; Type: INDEX; Schema: public; Owner: smallbiz_app
--

CREATE INDEX wagtailsear_body_90c85d_gin ON public.wagtailsearch_indexentry USING gin (body);


--
-- Name: wagtailsear_title_9caae0_gin; Type: INDEX; Schema: public; Owner: smallbiz_app
--

CREATE INDEX wagtailsear_title_9caae0_gin ON public.wagtailsearch_indexentry USING gin (title);


--
-- Name: wagtailsearch_indexentry_content_type_id_62ed694f; Type: INDEX; Schema: public; Owner: smallbiz_app
--

CREATE INDEX wagtailsearch_indexentry_content_type_id_62ed694f ON public.wagtailsearch_indexentry USING btree (content_type_id);


--
-- Name: workflowstate_base_ct_id_idx; Type: INDEX; Schema: public; Owner: smallbiz_app
--

CREATE INDEX workflowstate_base_ct_id_idx ON public.wagtailcore_workflowstate USING btree (base_content_type_id, object_id);


--
-- Name: workflowstate_ct_id_idx; Type: INDEX; Schema: public; Owner: smallbiz_app
--

CREATE INDEX workflowstate_ct_id_idx ON public.wagtailcore_workflowstate USING btree (content_type_id, object_id);


--
-- Name: about_aboutpage about_aboutpage_page_ptr_id_4b8dd3ec_fk_wagtailcore_page_id; Type: FK CONSTRAINT; Schema: public; Owner: smallbiz_app
--

ALTER TABLE ONLY public.about_aboutpage
    ADD CONSTRAINT about_aboutpage_page_ptr_id_4b8dd3ec_fk_wagtailcore_page_id FOREIGN KEY (page_ptr_id) REFERENCES public.wagtailcore_page(id) DEFERRABLE INITIALLY DEFERRED;


--
-- Name: auth_group_permissions auth_group_permissio_permission_id_84c5c92e_fk_auth_perm; Type: FK CONSTRAINT; Schema: public; Owner: smallbiz_app
--

ALTER TABLE ONLY public.auth_group_permissions
    ADD CONSTRAINT auth_group_permissio_permission_id_84c5c92e_fk_auth_perm FOREIGN KEY (permission_id) REFERENCES public.auth_permission(id) DEFERRABLE INITIALLY DEFERRED;


--
-- Name: auth_group_permissions auth_group_permissions_group_id_b120cbf9_fk_auth_group_id; Type: FK CONSTRAINT; Schema: public; Owner: smallbiz_app
--

ALTER TABLE ONLY public.auth_group_permissions
    ADD CONSTRAINT auth_group_permissions_group_id_b120cbf9_fk_auth_group_id FOREIGN KEY (group_id) REFERENCES public.auth_group(id) DEFERRABLE INITIALLY DEFERRED;


--
-- Name: auth_permission auth_permission_content_type_id_2f476e4b_fk_django_co; Type: FK CONSTRAINT; Schema: public; Owner: smallbiz_app
--

ALTER TABLE ONLY public.auth_permission
    ADD CONSTRAINT auth_permission_content_type_id_2f476e4b_fk_django_co FOREIGN KEY (content_type_id) REFERENCES public.django_content_type(id) DEFERRABLE INITIALLY DEFERRED;


--
-- Name: auth_user_groups auth_user_groups_group_id_97559544_fk_auth_group_id; Type: FK CONSTRAINT; Schema: public; Owner: smallbiz_app
--

ALTER TABLE ONLY public.auth_user_groups
    ADD CONSTRAINT auth_user_groups_group_id_97559544_fk_auth_group_id FOREIGN KEY (group_id) REFERENCES public.auth_group(id) DEFERRABLE INITIALLY DEFERRED;


--
-- Name: auth_user_groups auth_user_groups_user_id_6a12ed8b_fk_auth_user_id; Type: FK CONSTRAINT; Schema: public; Owner: smallbiz_app
--

ALTER TABLE ONLY public.auth_user_groups
    ADD CONSTRAINT auth_user_groups_user_id_6a12ed8b_fk_auth_user_id FOREIGN KEY (user_id) REFERENCES public.auth_user(id) DEFERRABLE INITIALLY DEFERRED;


--
-- Name: auth_user_user_permissions auth_user_user_permi_permission_id_1fbb5f2c_fk_auth_perm; Type: FK CONSTRAINT; Schema: public; Owner: smallbiz_app
--

ALTER TABLE ONLY public.auth_user_user_permissions
    ADD CONSTRAINT auth_user_user_permi_permission_id_1fbb5f2c_fk_auth_perm FOREIGN KEY (permission_id) REFERENCES public.auth_permission(id) DEFERRABLE INITIALLY DEFERRED;


--
-- Name: auth_user_user_permissions auth_user_user_permissions_user_id_a95ead1b_fk_auth_user_id; Type: FK CONSTRAINT; Schema: public; Owner: smallbiz_app
--

ALTER TABLE ONLY public.auth_user_user_permissions
    ADD CONSTRAINT auth_user_user_permissions_user_id_a95ead1b_fk_auth_user_id FOREIGN KEY (user_id) REFERENCES public.auth_user(id) DEFERRABLE INITIALLY DEFERRED;


--
-- Name: blog_blogindexpage blog_blogindexpage_page_ptr_id_d87c3ac2_fk_wagtailcore_page_id; Type: FK CONSTRAINT; Schema: public; Owner: smallbiz_app
--

ALTER TABLE ONLY public.blog_blogindexpage
    ADD CONSTRAINT blog_blogindexpage_page_ptr_id_d87c3ac2_fk_wagtailcore_page_id FOREIGN KEY (page_ptr_id) REFERENCES public.wagtailcore_page(id) DEFERRABLE INITIALLY DEFERRED;


--
-- Name: blog_blogpage blog_blogpage_image_id_a60e2e91_fk_wagtailimages_image_id; Type: FK CONSTRAINT; Schema: public; Owner: smallbiz_app
--

ALTER TABLE ONLY public.blog_blogpage
    ADD CONSTRAINT blog_blogpage_image_id_a60e2e91_fk_wagtailimages_image_id FOREIGN KEY (image_id) REFERENCES public.wagtailimages_image(id) DEFERRABLE INITIALLY DEFERRED;


--
-- Name: blog_blogpage blog_blogpage_page_ptr_id_1d78e2b7_fk_wagtailcore_page_id; Type: FK CONSTRAINT; Schema: public; Owner: smallbiz_app
--

ALTER TABLE ONLY public.blog_blogpage
    ADD CONSTRAINT blog_blogpage_page_ptr_id_1d78e2b7_fk_wagtailcore_page_id FOREIGN KEY (page_ptr_id) REFERENCES public.wagtailcore_page(id) DEFERRABLE INITIALLY DEFERRED;


--
-- Name: contact_contactpage contact_contactpage_page_ptr_id_143c93c1_fk_wagtailcore_page_id; Type: FK CONSTRAINT; Schema: public; Owner: smallbiz_app
--

ALTER TABLE ONLY public.contact_contactpage
    ADD CONSTRAINT contact_contactpage_page_ptr_id_143c93c1_fk_wagtailcore_page_id FOREIGN KEY (page_ptr_id) REFERENCES public.wagtailcore_page(id) DEFERRABLE INITIALLY DEFERRED;


--
-- Name: core_businesssettings core_businesssettings_site_id_0e6ce834_fk_wagtailcore_site_id; Type: FK CONSTRAINT; Schema: public; Owner: smallbiz_app
--

ALTER TABLE ONLY public.core_businesssettings
    ADD CONSTRAINT core_businesssettings_site_id_0e6ce834_fk_wagtailcore_site_id FOREIGN KEY (site_id) REFERENCES public.wagtailcore_site(id) DEFERRABLE INITIALLY DEFERRED;


--
-- Name: django_admin_log django_admin_log_content_type_id_c4bce8eb_fk_django_co; Type: FK CONSTRAINT; Schema: public; Owner: smallbiz_app
--

ALTER TABLE ONLY public.django_admin_log
    ADD CONSTRAINT django_admin_log_content_type_id_c4bce8eb_fk_django_co FOREIGN KEY (content_type_id) REFERENCES public.django_content_type(id) DEFERRABLE INITIALLY DEFERRED;


--
-- Name: django_admin_log django_admin_log_user_id_c564eba6_fk_auth_user_id; Type: FK CONSTRAINT; Schema: public; Owner: smallbiz_app
--

ALTER TABLE ONLY public.django_admin_log
    ADD CONSTRAINT django_admin_log_user_id_c564eba6_fk_auth_user_id FOREIGN KEY (user_id) REFERENCES public.auth_user(id) DEFERRABLE INITIALLY DEFERRED;


--
-- Name: home_homepage home_homepage_page_ptr_id_e5b77cf7_fk_wagtailcore_page_id; Type: FK CONSTRAINT; Schema: public; Owner: smallbiz_app
--

ALTER TABLE ONLY public.home_homepage
    ADD CONSTRAINT home_homepage_page_ptr_id_e5b77cf7_fk_wagtailcore_page_id FOREIGN KEY (page_ptr_id) REFERENCES public.wagtailcore_page(id) DEFERRABLE INITIALLY DEFERRED;


--
-- Name: inquiry_inquirypage inquiry_inquirypage_page_ptr_id_8f7facdd_fk_wagtailcore_page_id; Type: FK CONSTRAINT; Schema: public; Owner: smallbiz_app
--

ALTER TABLE ONLY public.inquiry_inquirypage
    ADD CONSTRAINT inquiry_inquirypage_page_ptr_id_8f7facdd_fk_wagtailcore_page_id FOREIGN KEY (page_ptr_id) REFERENCES public.wagtailcore_page(id) DEFERRABLE INITIALLY DEFERRED;


--
-- Name: services_servicepage services_servicepage_image_id_22660021_fk_wagtailim; Type: FK CONSTRAINT; Schema: public; Owner: smallbiz_app
--

ALTER TABLE ONLY public.services_servicepage
    ADD CONSTRAINT services_servicepage_image_id_22660021_fk_wagtailim FOREIGN KEY (image_id) REFERENCES public.wagtailimages_image(id) DEFERRABLE INITIALLY DEFERRED;


--
-- Name: services_servicepage services_servicepage_page_ptr_id_b1a65a25_fk_wagtailco; Type: FK CONSTRAINT; Schema: public; Owner: smallbiz_app
--

ALTER TABLE ONLY public.services_servicepage
    ADD CONSTRAINT services_servicepage_page_ptr_id_b1a65a25_fk_wagtailco FOREIGN KEY (page_ptr_id) REFERENCES public.wagtailcore_page(id) DEFERRABLE INITIALLY DEFERRED;


--
-- Name: services_servicesindexpage services_servicesind_page_ptr_id_c7ba86b8_fk_wagtailco; Type: FK CONSTRAINT; Schema: public; Owner: smallbiz_app
--

ALTER TABLE ONLY public.services_servicesindexpage
    ADD CONSTRAINT services_servicesind_page_ptr_id_c7ba86b8_fk_wagtailco FOREIGN KEY (page_ptr_id) REFERENCES public.wagtailcore_page(id) DEFERRABLE INITIALLY DEFERRED;


--
-- Name: taggit_taggeditem taggit_taggeditem_content_type_id_9957a03c_fk_django_co; Type: FK CONSTRAINT; Schema: public; Owner: smallbiz_app
--

ALTER TABLE ONLY public.taggit_taggeditem
    ADD CONSTRAINT taggit_taggeditem_content_type_id_9957a03c_fk_django_co FOREIGN KEY (content_type_id) REFERENCES public.django_content_type(id) DEFERRABLE INITIALLY DEFERRED;


--
-- Name: taggit_taggeditem taggit_taggeditem_tag_id_f4f5b767_fk_taggit_tag_id; Type: FK CONSTRAINT; Schema: public; Owner: smallbiz_app
--

ALTER TABLE ONLY public.taggit_taggeditem
    ADD CONSTRAINT taggit_taggeditem_tag_id_f4f5b767_fk_taggit_tag_id FOREIGN KEY (tag_id) REFERENCES public.taggit_tag(id) DEFERRABLE INITIALLY DEFERRED;


--
-- Name: wagtail_localize_localesynchronization wagtail_localize_loc_locale_id_036a3a20_fk_wagtailco; Type: FK CONSTRAINT; Schema: public; Owner: smallbiz_app
--

ALTER TABLE ONLY public.wagtail_localize_localesynchronization
    ADD CONSTRAINT wagtail_localize_loc_locale_id_036a3a20_fk_wagtailco FOREIGN KEY (locale_id) REFERENCES public.wagtailcore_locale(id) DEFERRABLE INITIALLY DEFERRED;


--
-- Name: wagtail_localize_localesynchronization wagtail_localize_loc_sync_from_id_1bc4c2eb_fk_wagtailco; Type: FK CONSTRAINT; Schema: public; Owner: smallbiz_app
--

ALTER TABLE ONLY public.wagtail_localize_localesynchronization
    ADD CONSTRAINT wagtail_localize_loc_sync_from_id_1bc4c2eb_fk_wagtailco FOREIGN KEY (sync_from_id) REFERENCES public.wagtailcore_locale(id) DEFERRABLE INITIALLY DEFERRED;


--
-- Name: wagtail_localize_overridablesegment wagtail_localize_ove_context_id_eed8c388_fk_wagtail_l; Type: FK CONSTRAINT; Schema: public; Owner: smallbiz_app
--

ALTER TABLE ONLY public.wagtail_localize_overridablesegment
    ADD CONSTRAINT wagtail_localize_ove_context_id_eed8c388_fk_wagtail_l FOREIGN KEY (context_id) REFERENCES public.wagtail_localize_translationcontext(id) DEFERRABLE INITIALLY DEFERRED;


--
-- Name: wagtail_localize_overridablesegment wagtail_localize_ove_source_id_5720ac20_fk_wagtail_l; Type: FK CONSTRAINT; Schema: public; Owner: smallbiz_app
--

ALTER TABLE ONLY public.wagtail_localize_overridablesegment
    ADD CONSTRAINT wagtail_localize_ove_source_id_5720ac20_fk_wagtail_l FOREIGN KEY (source_id) REFERENCES public.wagtail_localize_translationsource(id) DEFERRABLE INITIALLY DEFERRED;


--
-- Name: wagtail_localize_relatedobjectsegment wagtail_localize_rel_context_id_c0a725be_fk_wagtail_l; Type: FK CONSTRAINT; Schema: public; Owner: smallbiz_app
--

ALTER TABLE ONLY public.wagtail_localize_relatedobjectsegment
    ADD CONSTRAINT wagtail_localize_rel_context_id_c0a725be_fk_wagtail_l FOREIGN KEY (context_id) REFERENCES public.wagtail_localize_translationcontext(id) DEFERRABLE INITIALLY DEFERRED;


--
-- Name: wagtail_localize_relatedobjectsegment wagtail_localize_rel_object_id_6c7b58df_fk_wagtail_l; Type: FK CONSTRAINT; Schema: public; Owner: smallbiz_app
--

ALTER TABLE ONLY public.wagtail_localize_relatedobjectsegment
    ADD CONSTRAINT wagtail_localize_rel_object_id_6c7b58df_fk_wagtail_l FOREIGN KEY (object_id) REFERENCES public.wagtail_localize_translatableobject(translation_key) DEFERRABLE INITIALLY DEFERRED;


--
-- Name: wagtail_localize_relatedobjectsegment wagtail_localize_rel_source_id_9a3b1373_fk_wagtail_l; Type: FK CONSTRAINT; Schema: public; Owner: smallbiz_app
--

ALTER TABLE ONLY public.wagtail_localize_relatedobjectsegment
    ADD CONSTRAINT wagtail_localize_rel_source_id_9a3b1373_fk_wagtail_l FOREIGN KEY (source_id) REFERENCES public.wagtail_localize_translationsource(id) DEFERRABLE INITIALLY DEFERRED;


--
-- Name: wagtail_localize_segmentoverride wagtail_localize_seg_context_id_f827efe0_fk_wagtail_l; Type: FK CONSTRAINT; Schema: public; Owner: smallbiz_app
--

ALTER TABLE ONLY public.wagtail_localize_segmentoverride
    ADD CONSTRAINT wagtail_localize_seg_context_id_f827efe0_fk_wagtail_l FOREIGN KEY (context_id) REFERENCES public.wagtail_localize_translationcontext(id) DEFERRABLE INITIALLY DEFERRED;


--
-- Name: wagtail_localize_segmentoverride wagtail_localize_seg_last_translated_by_i_a86448fc_fk_auth_user; Type: FK CONSTRAINT; Schema: public; Owner: smallbiz_app
--

ALTER TABLE ONLY public.wagtail_localize_segmentoverride
    ADD CONSTRAINT wagtail_localize_seg_last_translated_by_i_a86448fc_fk_auth_user FOREIGN KEY (last_translated_by_id) REFERENCES public.auth_user(id) DEFERRABLE INITIALLY DEFERRED;


--
-- Name: wagtail_localize_segmentoverride wagtail_localize_seg_locale_id_b1673d41_fk_wagtailco; Type: FK CONSTRAINT; Schema: public; Owner: smallbiz_app
--

ALTER TABLE ONLY public.wagtail_localize_segmentoverride
    ADD CONSTRAINT wagtail_localize_seg_locale_id_b1673d41_fk_wagtailco FOREIGN KEY (locale_id) REFERENCES public.wagtailcore_locale(id) DEFERRABLE INITIALLY DEFERRED;


--
-- Name: wagtail_localize_stringtranslation wagtail_localize_str_context_id_3cc13049_fk_wagtail_l; Type: FK CONSTRAINT; Schema: public; Owner: smallbiz_app
--

ALTER TABLE ONLY public.wagtail_localize_stringtranslation
    ADD CONSTRAINT wagtail_localize_str_context_id_3cc13049_fk_wagtail_l FOREIGN KEY (context_id) REFERENCES public.wagtail_localize_translationcontext(id) DEFERRABLE INITIALLY DEFERRED;


--
-- Name: wagtail_localize_stringsegment wagtail_localize_str_context_id_63235539_fk_wagtail_l; Type: FK CONSTRAINT; Schema: public; Owner: smallbiz_app
--

ALTER TABLE ONLY public.wagtail_localize_stringsegment
    ADD CONSTRAINT wagtail_localize_str_context_id_63235539_fk_wagtail_l FOREIGN KEY (context_id) REFERENCES public.wagtail_localize_translationcontext(id) DEFERRABLE INITIALLY DEFERRED;


--
-- Name: wagtail_localize_stringtranslation wagtail_localize_str_last_translated_by_i_764c7a3f_fk_auth_user; Type: FK CONSTRAINT; Schema: public; Owner: smallbiz_app
--

ALTER TABLE ONLY public.wagtail_localize_stringtranslation
    ADD CONSTRAINT wagtail_localize_str_last_translated_by_i_764c7a3f_fk_auth_user FOREIGN KEY (last_translated_by_id) REFERENCES public.auth_user(id) DEFERRABLE INITIALLY DEFERRED;


--
-- Name: wagtail_localize_string wagtail_localize_str_locale_id_2cded126_fk_wagtailco; Type: FK CONSTRAINT; Schema: public; Owner: smallbiz_app
--

ALTER TABLE ONLY public.wagtail_localize_string
    ADD CONSTRAINT wagtail_localize_str_locale_id_2cded126_fk_wagtailco FOREIGN KEY (locale_id) REFERENCES public.wagtailcore_locale(id) DEFERRABLE INITIALLY DEFERRED;


--
-- Name: wagtail_localize_stringtranslation wagtail_localize_str_locale_id_b9e3730d_fk_wagtailco; Type: FK CONSTRAINT; Schema: public; Owner: smallbiz_app
--

ALTER TABLE ONLY public.wagtail_localize_stringtranslation
    ADD CONSTRAINT wagtail_localize_str_locale_id_b9e3730d_fk_wagtailco FOREIGN KEY (locale_id) REFERENCES public.wagtailcore_locale(id) DEFERRABLE INITIALLY DEFERRED;


--
-- Name: wagtail_localize_stringsegment wagtail_localize_str_source_id_5804129f_fk_wagtail_l; Type: FK CONSTRAINT; Schema: public; Owner: smallbiz_app
--

ALTER TABLE ONLY public.wagtail_localize_stringsegment
    ADD CONSTRAINT wagtail_localize_str_source_id_5804129f_fk_wagtail_l FOREIGN KEY (source_id) REFERENCES public.wagtail_localize_translationsource(id) DEFERRABLE INITIALLY DEFERRED;


--
-- Name: wagtail_localize_stringsegment wagtail_localize_str_string_id_6356d5ec_fk_wagtail_l; Type: FK CONSTRAINT; Schema: public; Owner: smallbiz_app
--

ALTER TABLE ONLY public.wagtail_localize_stringsegment
    ADD CONSTRAINT wagtail_localize_str_string_id_6356d5ec_fk_wagtail_l FOREIGN KEY (string_id) REFERENCES public.wagtail_localize_string(id) DEFERRABLE INITIALLY DEFERRED;


--
-- Name: wagtail_localize_stringtranslation wagtail_localize_str_translation_of_id_8eef01d0_fk_wagtail_l; Type: FK CONSTRAINT; Schema: public; Owner: smallbiz_app
--

ALTER TABLE ONLY public.wagtail_localize_stringtranslation
    ADD CONSTRAINT wagtail_localize_str_translation_of_id_8eef01d0_fk_wagtail_l FOREIGN KEY (translation_of_id) REFERENCES public.wagtail_localize_string(id) DEFERRABLE INITIALLY DEFERRED;


--
-- Name: wagtail_localize_templatesegment wagtail_localize_tem_context_id_81456b25_fk_wagtail_l; Type: FK CONSTRAINT; Schema: public; Owner: smallbiz_app
--

ALTER TABLE ONLY public.wagtail_localize_templatesegment
    ADD CONSTRAINT wagtail_localize_tem_context_id_81456b25_fk_wagtail_l FOREIGN KEY (context_id) REFERENCES public.wagtail_localize_translationcontext(id) DEFERRABLE INITIALLY DEFERRED;


--
-- Name: wagtail_localize_templatesegment wagtail_localize_tem_source_id_26b89dc6_fk_wagtail_l; Type: FK CONSTRAINT; Schema: public; Owner: smallbiz_app
--

ALTER TABLE ONLY public.wagtail_localize_templatesegment
    ADD CONSTRAINT wagtail_localize_tem_source_id_26b89dc6_fk_wagtail_l FOREIGN KEY (source_id) REFERENCES public.wagtail_localize_translationsource(id) DEFERRABLE INITIALLY DEFERRED;


--
-- Name: wagtail_localize_templatesegment wagtail_localize_tem_template_id_c370b3c8_fk_wagtail_l; Type: FK CONSTRAINT; Schema: public; Owner: smallbiz_app
--

ALTER TABLE ONLY public.wagtail_localize_templatesegment
    ADD CONSTRAINT wagtail_localize_tem_template_id_c370b3c8_fk_wagtail_l FOREIGN KEY (template_id) REFERENCES public.wagtail_localize_template(id) DEFERRABLE INITIALLY DEFERRED;


--
-- Name: wagtail_localize_translatableobject wagtail_localize_tra_content_type_id_0d6c5139_fk_django_co; Type: FK CONSTRAINT; Schema: public; Owner: smallbiz_app
--

ALTER TABLE ONLY public.wagtail_localize_translatableobject
    ADD CONSTRAINT wagtail_localize_tra_content_type_id_0d6c5139_fk_django_co FOREIGN KEY (content_type_id) REFERENCES public.django_content_type(id) DEFERRABLE INITIALLY DEFERRED;


--
-- Name: wagtail_localize_translationsource wagtail_localize_tra_locale_id_0ac264c0_fk_wagtailco; Type: FK CONSTRAINT; Schema: public; Owner: smallbiz_app
--

ALTER TABLE ONLY public.wagtail_localize_translationsource
    ADD CONSTRAINT wagtail_localize_tra_locale_id_0ac264c0_fk_wagtailco FOREIGN KEY (locale_id) REFERENCES public.wagtailcore_locale(id) DEFERRABLE INITIALLY DEFERRED;


--
-- Name: wagtail_localize_translationlog wagtail_localize_tra_locale_id_37619cb4_fk_wagtailco; Type: FK CONSTRAINT; Schema: public; Owner: smallbiz_app
--

ALTER TABLE ONLY public.wagtail_localize_translationlog
    ADD CONSTRAINT wagtail_localize_tra_locale_id_37619cb4_fk_wagtailco FOREIGN KEY (locale_id) REFERENCES public.wagtailcore_locale(id) DEFERRABLE INITIALLY DEFERRED;


--
-- Name: wagtail_localize_translationsource wagtail_localize_tra_object_id_6a078fd2_fk_wagtail_l; Type: FK CONSTRAINT; Schema: public; Owner: smallbiz_app
--

ALTER TABLE ONLY public.wagtail_localize_translationsource
    ADD CONSTRAINT wagtail_localize_tra_object_id_6a078fd2_fk_wagtail_l FOREIGN KEY (object_id) REFERENCES public.wagtail_localize_translatableobject(translation_key) DEFERRABLE INITIALLY DEFERRED;


--
-- Name: wagtail_localize_translationcontext wagtail_localize_tra_object_id_86263ce7_fk_wagtail_l; Type: FK CONSTRAINT; Schema: public; Owner: smallbiz_app
--

ALTER TABLE ONLY public.wagtail_localize_translationcontext
    ADD CONSTRAINT wagtail_localize_tra_object_id_86263ce7_fk_wagtail_l FOREIGN KEY (object_id) REFERENCES public.wagtail_localize_translatableobject(translation_key) DEFERRABLE INITIALLY DEFERRED;


--
-- Name: wagtail_localize_translationlog wagtail_localize_tra_revision_id_e3b62278_fk_wagtailco; Type: FK CONSTRAINT; Schema: public; Owner: smallbiz_app
--

ALTER TABLE ONLY public.wagtail_localize_translationlog
    ADD CONSTRAINT wagtail_localize_tra_revision_id_e3b62278_fk_wagtailco FOREIGN KEY (revision_id) REFERENCES public.wagtailcore_revision(id) DEFERRABLE INITIALLY DEFERRED;


--
-- Name: wagtail_localize_translationlog wagtail_localize_tra_source_id_7228923e_fk_wagtail_l; Type: FK CONSTRAINT; Schema: public; Owner: smallbiz_app
--

ALTER TABLE ONLY public.wagtail_localize_translationlog
    ADD CONSTRAINT wagtail_localize_tra_source_id_7228923e_fk_wagtail_l FOREIGN KEY (source_id) REFERENCES public.wagtail_localize_translationsource(id) DEFERRABLE INITIALLY DEFERRED;


--
-- Name: wagtail_localize_translation wagtail_localize_tra_source_id_e326e1e3_fk_wagtail_l; Type: FK CONSTRAINT; Schema: public; Owner: smallbiz_app
--

ALTER TABLE ONLY public.wagtail_localize_translation
    ADD CONSTRAINT wagtail_localize_tra_source_id_e326e1e3_fk_wagtail_l FOREIGN KEY (source_id) REFERENCES public.wagtail_localize_translationsource(id) DEFERRABLE INITIALLY DEFERRED;


--
-- Name: wagtail_localize_translationsource wagtail_localize_tra_specific_content_typ_3095eb76_fk_django_co; Type: FK CONSTRAINT; Schema: public; Owner: smallbiz_app
--

ALTER TABLE ONLY public.wagtail_localize_translationsource
    ADD CONSTRAINT wagtail_localize_tra_specific_content_typ_3095eb76_fk_django_co FOREIGN KEY (specific_content_type_id) REFERENCES public.django_content_type(id) DEFERRABLE INITIALLY DEFERRED;


--
-- Name: wagtail_localize_translation wagtail_localize_tra_target_locale_id_8c524f73_fk_wagtailco; Type: FK CONSTRAINT; Schema: public; Owner: smallbiz_app
--

ALTER TABLE ONLY public.wagtail_localize_translation
    ADD CONSTRAINT wagtail_localize_tra_target_locale_id_8c524f73_fk_wagtailco FOREIGN KEY (target_locale_id) REFERENCES public.wagtailcore_locale(id) DEFERRABLE INITIALLY DEFERRED;


--
-- Name: wagtailadmin_editingsession wagtailadmin_editing_content_type_id_4df7730e_fk_django_co; Type: FK CONSTRAINT; Schema: public; Owner: smallbiz_app
--

ALTER TABLE ONLY public.wagtailadmin_editingsession
    ADD CONSTRAINT wagtailadmin_editing_content_type_id_4df7730e_fk_django_co FOREIGN KEY (content_type_id) REFERENCES public.django_content_type(id) DEFERRABLE INITIALLY DEFERRED;


--
-- Name: wagtailadmin_editingsession wagtailadmin_editingsession_user_id_6e1a9b70_fk_auth_user_id; Type: FK CONSTRAINT; Schema: public; Owner: smallbiz_app
--

ALTER TABLE ONLY public.wagtailadmin_editingsession
    ADD CONSTRAINT wagtailadmin_editingsession_user_id_6e1a9b70_fk_auth_user_id FOREIGN KEY (user_id) REFERENCES public.auth_user(id) DEFERRABLE INITIALLY DEFERRED;


--
-- Name: wagtailcore_collectionviewrestriction wagtailcore_collecti_collection_id_761908ec_fk_wagtailco; Type: FK CONSTRAINT; Schema: public; Owner: smallbiz_app
--

ALTER TABLE ONLY public.wagtailcore_collectionviewrestriction
    ADD CONSTRAINT wagtailcore_collecti_collection_id_761908ec_fk_wagtailco FOREIGN KEY (collection_id) REFERENCES public.wagtailcore_collection(id) DEFERRABLE INITIALLY DEFERRED;


--
-- Name: wagtailcore_collectionviewrestriction_groups wagtailcore_collecti_collectionviewrestri_47320efd_fk_wagtailco; Type: FK CONSTRAINT; Schema: public; Owner: smallbiz_app
--

ALTER TABLE ONLY public.wagtailcore_collectionviewrestriction_groups
    ADD CONSTRAINT wagtailcore_collecti_collectionviewrestri_47320efd_fk_wagtailco FOREIGN KEY (collectionviewrestriction_id) REFERENCES public.wagtailcore_collectionviewrestriction(id) DEFERRABLE INITIALLY DEFERRED;


--
-- Name: wagtailcore_collectionviewrestriction_groups wagtailcore_collecti_group_id_1823f2a3_fk_auth_grou; Type: FK CONSTRAINT; Schema: public; Owner: smallbiz_app
--

ALTER TABLE ONLY public.wagtailcore_collectionviewrestriction_groups
    ADD CONSTRAINT wagtailcore_collecti_group_id_1823f2a3_fk_auth_grou FOREIGN KEY (group_id) REFERENCES public.auth_group(id) DEFERRABLE INITIALLY DEFERRED;


--
-- Name: wagtailcore_comment wagtailcore_comment_page_id_108444b5_fk_wagtailcore_page_id; Type: FK CONSTRAINT; Schema: public; Owner: smallbiz_app
--

ALTER TABLE ONLY public.wagtailcore_comment
    ADD CONSTRAINT wagtailcore_comment_page_id_108444b5_fk_wagtailcore_page_id FOREIGN KEY (page_id) REFERENCES public.wagtailcore_page(id) DEFERRABLE INITIALLY DEFERRED;


--
-- Name: wagtailcore_comment wagtailcore_comment_resolved_by_id_a282aa0e_fk_auth_user_id; Type: FK CONSTRAINT; Schema: public; Owner: smallbiz_app
--

ALTER TABLE ONLY public.wagtailcore_comment
    ADD CONSTRAINT wagtailcore_comment_resolved_by_id_a282aa0e_fk_auth_user_id FOREIGN KEY (resolved_by_id) REFERENCES public.auth_user(id) DEFERRABLE INITIALLY DEFERRED;


--
-- Name: wagtailcore_comment wagtailcore_comment_revision_created_id_1d058279_fk_wagtailco; Type: FK CONSTRAINT; Schema: public; Owner: smallbiz_app
--

ALTER TABLE ONLY public.wagtailcore_comment
    ADD CONSTRAINT wagtailcore_comment_revision_created_id_1d058279_fk_wagtailco FOREIGN KEY (revision_created_id) REFERENCES public.wagtailcore_revision(id) DEFERRABLE INITIALLY DEFERRED;


--
-- Name: wagtailcore_comment wagtailcore_comment_user_id_0c577ca6_fk_auth_user_id; Type: FK CONSTRAINT; Schema: public; Owner: smallbiz_app
--

ALTER TABLE ONLY public.wagtailcore_comment
    ADD CONSTRAINT wagtailcore_comment_user_id_0c577ca6_fk_auth_user_id FOREIGN KEY (user_id) REFERENCES public.auth_user(id) DEFERRABLE INITIALLY DEFERRED;


--
-- Name: wagtailcore_commentreply wagtailcore_commentr_comment_id_afc7e027_fk_wagtailco; Type: FK CONSTRAINT; Schema: public; Owner: smallbiz_app
--

ALTER TABLE ONLY public.wagtailcore_commentreply
    ADD CONSTRAINT wagtailcore_commentr_comment_id_afc7e027_fk_wagtailco FOREIGN KEY (comment_id) REFERENCES public.wagtailcore_comment(id) DEFERRABLE INITIALLY DEFERRED;


--
-- Name: wagtailcore_commentreply wagtailcore_commentreply_user_id_d0b3b9c3_fk_auth_user_id; Type: FK CONSTRAINT; Schema: public; Owner: smallbiz_app
--

ALTER TABLE ONLY public.wagtailcore_commentreply
    ADD CONSTRAINT wagtailcore_commentreply_user_id_d0b3b9c3_fk_auth_user_id FOREIGN KEY (user_id) REFERENCES public.auth_user(id) DEFERRABLE INITIALLY DEFERRED;


--
-- Name: wagtailcore_groupapprovaltask_groups wagtailcore_groupapp_group_id_2e64b61f_fk_auth_grou; Type: FK CONSTRAINT; Schema: public; Owner: smallbiz_app
--

ALTER TABLE ONLY public.wagtailcore_groupapprovaltask_groups
    ADD CONSTRAINT wagtailcore_groupapp_group_id_2e64b61f_fk_auth_grou FOREIGN KEY (group_id) REFERENCES public.auth_group(id) DEFERRABLE INITIALLY DEFERRED;


--
-- Name: wagtailcore_groupapprovaltask_groups wagtailcore_groupapp_groupapprovaltask_id_9a9255ea_fk_wagtailco; Type: FK CONSTRAINT; Schema: public; Owner: smallbiz_app
--

ALTER TABLE ONLY public.wagtailcore_groupapprovaltask_groups
    ADD CONSTRAINT wagtailcore_groupapp_groupapprovaltask_id_9a9255ea_fk_wagtailco FOREIGN KEY (groupapprovaltask_id) REFERENCES public.wagtailcore_groupapprovaltask(task_ptr_id) DEFERRABLE INITIALLY DEFERRED;


--
-- Name: wagtailcore_groupapprovaltask wagtailcore_groupapp_task_ptr_id_cfe58781_fk_wagtailco; Type: FK CONSTRAINT; Schema: public; Owner: smallbiz_app
--

ALTER TABLE ONLY public.wagtailcore_groupapprovaltask
    ADD CONSTRAINT wagtailcore_groupapp_task_ptr_id_cfe58781_fk_wagtailco FOREIGN KEY (task_ptr_id) REFERENCES public.wagtailcore_task(id) DEFERRABLE INITIALLY DEFERRED;


--
-- Name: wagtailcore_groupcollectionpermission wagtailcore_groupcol_collection_id_5423575a_fk_wagtailco; Type: FK CONSTRAINT; Schema: public; Owner: smallbiz_app
--

ALTER TABLE ONLY public.wagtailcore_groupcollectionpermission
    ADD CONSTRAINT wagtailcore_groupcol_collection_id_5423575a_fk_wagtailco FOREIGN KEY (collection_id) REFERENCES public.wagtailcore_collection(id) DEFERRABLE INITIALLY DEFERRED;


--
-- Name: wagtailcore_groupcollectionpermission wagtailcore_groupcol_group_id_05d61460_fk_auth_grou; Type: FK CONSTRAINT; Schema: public; Owner: smallbiz_app
--

ALTER TABLE ONLY public.wagtailcore_groupcollectionpermission
    ADD CONSTRAINT wagtailcore_groupcol_group_id_05d61460_fk_auth_grou FOREIGN KEY (group_id) REFERENCES public.auth_group(id) DEFERRABLE INITIALLY DEFERRED;


--
-- Name: wagtailcore_groupcollectionpermission wagtailcore_groupcol_permission_id_1b626275_fk_auth_perm; Type: FK CONSTRAINT; Schema: public; Owner: smallbiz_app
--

ALTER TABLE ONLY public.wagtailcore_groupcollectionpermission
    ADD CONSTRAINT wagtailcore_groupcol_permission_id_1b626275_fk_auth_perm FOREIGN KEY (permission_id) REFERENCES public.auth_permission(id) DEFERRABLE INITIALLY DEFERRED;


--
-- Name: wagtailcore_grouppagepermission wagtailcore_grouppag_group_id_fc07e671_fk_auth_grou; Type: FK CONSTRAINT; Schema: public; Owner: smallbiz_app
--

ALTER TABLE ONLY public.wagtailcore_grouppagepermission
    ADD CONSTRAINT wagtailcore_grouppag_group_id_fc07e671_fk_auth_grou FOREIGN KEY (group_id) REFERENCES public.auth_group(id) DEFERRABLE INITIALLY DEFERRED;


--
-- Name: wagtailcore_grouppagepermission wagtailcore_grouppag_page_id_710b114a_fk_wagtailco; Type: FK CONSTRAINT; Schema: public; Owner: smallbiz_app
--

ALTER TABLE ONLY public.wagtailcore_grouppagepermission
    ADD CONSTRAINT wagtailcore_grouppag_page_id_710b114a_fk_wagtailco FOREIGN KEY (page_id) REFERENCES public.wagtailcore_page(id) DEFERRABLE INITIALLY DEFERRED;


--
-- Name: wagtailcore_grouppagepermission wagtailcore_grouppag_permission_id_05acb22e_fk_auth_perm; Type: FK CONSTRAINT; Schema: public; Owner: smallbiz_app
--

ALTER TABLE ONLY public.wagtailcore_grouppagepermission
    ADD CONSTRAINT wagtailcore_grouppag_permission_id_05acb22e_fk_auth_perm FOREIGN KEY (permission_id) REFERENCES public.auth_permission(id) DEFERRABLE INITIALLY DEFERRED;


--
-- Name: wagtailcore_groupsitepermission wagtailcore_groupsit_group_id_e5cdbee4_fk_auth_grou; Type: FK CONSTRAINT; Schema: public; Owner: smallbiz_app
--

ALTER TABLE ONLY public.wagtailcore_groupsitepermission
    ADD CONSTRAINT wagtailcore_groupsit_group_id_e5cdbee4_fk_auth_grou FOREIGN KEY (group_id) REFERENCES public.auth_group(id) DEFERRABLE INITIALLY DEFERRED;


--
-- Name: wagtailcore_groupsitepermission wagtailcore_groupsit_permission_id_459b1f38_fk_auth_perm; Type: FK CONSTRAINT; Schema: public; Owner: smallbiz_app
--

ALTER TABLE ONLY public.wagtailcore_groupsitepermission
    ADD CONSTRAINT wagtailcore_groupsit_permission_id_459b1f38_fk_auth_perm FOREIGN KEY (permission_id) REFERENCES public.auth_permission(id) DEFERRABLE INITIALLY DEFERRED;


--
-- Name: wagtailcore_groupsitepermission wagtailcore_groupsit_site_id_245de488_fk_wagtailco; Type: FK CONSTRAINT; Schema: public; Owner: smallbiz_app
--

ALTER TABLE ONLY public.wagtailcore_groupsitepermission
    ADD CONSTRAINT wagtailcore_groupsit_site_id_245de488_fk_wagtailco FOREIGN KEY (site_id) REFERENCES public.wagtailcore_site(id) DEFERRABLE INITIALLY DEFERRED;


--
-- Name: wagtailcore_modellogentry wagtailcore_modellog_content_type_id_68849e77_fk_django_co; Type: FK CONSTRAINT; Schema: public; Owner: smallbiz_app
--

ALTER TABLE ONLY public.wagtailcore_modellogentry
    ADD CONSTRAINT wagtailcore_modellog_content_type_id_68849e77_fk_django_co FOREIGN KEY (content_type_id) REFERENCES public.django_content_type(id) DEFERRABLE INITIALLY DEFERRED;


--
-- Name: wagtailcore_page wagtailcore_page_alias_of_id_12945502_fk_wagtailcore_page_id; Type: FK CONSTRAINT; Schema: public; Owner: smallbiz_app
--

ALTER TABLE ONLY public.wagtailcore_page
    ADD CONSTRAINT wagtailcore_page_alias_of_id_12945502_fk_wagtailcore_page_id FOREIGN KEY (alias_of_id) REFERENCES public.wagtailcore_page(id) DEFERRABLE INITIALLY DEFERRED;


--
-- Name: wagtailcore_page wagtailcore_page_content_type_id_c28424df_fk_django_co; Type: FK CONSTRAINT; Schema: public; Owner: smallbiz_app
--

ALTER TABLE ONLY public.wagtailcore_page
    ADD CONSTRAINT wagtailcore_page_content_type_id_c28424df_fk_django_co FOREIGN KEY (content_type_id) REFERENCES public.django_content_type(id) DEFERRABLE INITIALLY DEFERRED;


--
-- Name: wagtailcore_page wagtailcore_page_latest_revision_id_e60fef51_fk_wagtailco; Type: FK CONSTRAINT; Schema: public; Owner: smallbiz_app
--

ALTER TABLE ONLY public.wagtailcore_page
    ADD CONSTRAINT wagtailcore_page_latest_revision_id_e60fef51_fk_wagtailco FOREIGN KEY (latest_revision_id) REFERENCES public.wagtailcore_revision(id) DEFERRABLE INITIALLY DEFERRED;


--
-- Name: wagtailcore_page wagtailcore_page_live_revision_id_930bd822_fk_wagtailco; Type: FK CONSTRAINT; Schema: public; Owner: smallbiz_app
--

ALTER TABLE ONLY public.wagtailcore_page
    ADD CONSTRAINT wagtailcore_page_live_revision_id_930bd822_fk_wagtailco FOREIGN KEY (live_revision_id) REFERENCES public.wagtailcore_revision(id) DEFERRABLE INITIALLY DEFERRED;


--
-- Name: wagtailcore_page wagtailcore_page_locale_id_3c7e30a6_fk_wagtailcore_locale_id; Type: FK CONSTRAINT; Schema: public; Owner: smallbiz_app
--

ALTER TABLE ONLY public.wagtailcore_page
    ADD CONSTRAINT wagtailcore_page_locale_id_3c7e30a6_fk_wagtailcore_locale_id FOREIGN KEY (locale_id) REFERENCES public.wagtailcore_locale(id) DEFERRABLE INITIALLY DEFERRED;


--
-- Name: wagtailcore_page wagtailcore_page_locked_by_id_bcb86245_fk_auth_user_id; Type: FK CONSTRAINT; Schema: public; Owner: smallbiz_app
--

ALTER TABLE ONLY public.wagtailcore_page
    ADD CONSTRAINT wagtailcore_page_locked_by_id_bcb86245_fk_auth_user_id FOREIGN KEY (locked_by_id) REFERENCES public.auth_user(id) DEFERRABLE INITIALLY DEFERRED;


--
-- Name: wagtailcore_page wagtailcore_page_owner_id_fbf7c332_fk_auth_user_id; Type: FK CONSTRAINT; Schema: public; Owner: smallbiz_app
--

ALTER TABLE ONLY public.wagtailcore_page
    ADD CONSTRAINT wagtailcore_page_owner_id_fbf7c332_fk_auth_user_id FOREIGN KEY (owner_id) REFERENCES public.auth_user(id) DEFERRABLE INITIALLY DEFERRED;


--
-- Name: wagtailcore_pagelogentry wagtailcore_pageloge_content_type_id_74e7708a_fk_django_co; Type: FK CONSTRAINT; Schema: public; Owner: smallbiz_app
--

ALTER TABLE ONLY public.wagtailcore_pagelogentry
    ADD CONSTRAINT wagtailcore_pageloge_content_type_id_74e7708a_fk_django_co FOREIGN KEY (content_type_id) REFERENCES public.django_content_type(id) DEFERRABLE INITIALLY DEFERRED;


--
-- Name: wagtailcore_revision wagtailcore_pagerevision_user_id_2409d2f4_fk_auth_user_id; Type: FK CONSTRAINT; Schema: public; Owner: smallbiz_app
--

ALTER TABLE ONLY public.wagtailcore_revision
    ADD CONSTRAINT wagtailcore_pagerevision_user_id_2409d2f4_fk_auth_user_id FOREIGN KEY (user_id) REFERENCES public.auth_user(id) DEFERRABLE INITIALLY DEFERRED;


--
-- Name: wagtailcore_pagesubscription wagtailcore_pagesubs_page_id_a085e7a6_fk_wagtailco; Type: FK CONSTRAINT; Schema: public; Owner: smallbiz_app
--

ALTER TABLE ONLY public.wagtailcore_pagesubscription
    ADD CONSTRAINT wagtailcore_pagesubs_page_id_a085e7a6_fk_wagtailco FOREIGN KEY (page_id) REFERENCES public.wagtailcore_page(id) DEFERRABLE INITIALLY DEFERRED;


--
-- Name: wagtailcore_pagesubscription wagtailcore_pagesubscription_user_id_89d7def9_fk_auth_user_id; Type: FK CONSTRAINT; Schema: public; Owner: smallbiz_app
--

ALTER TABLE ONLY public.wagtailcore_pagesubscription
    ADD CONSTRAINT wagtailcore_pagesubscription_user_id_89d7def9_fk_auth_user_id FOREIGN KEY (user_id) REFERENCES public.auth_user(id) DEFERRABLE INITIALLY DEFERRED;


--
-- Name: wagtailcore_pageviewrestriction_groups wagtailcore_pageview_group_id_6460f223_fk_auth_grou; Type: FK CONSTRAINT; Schema: public; Owner: smallbiz_app
--

ALTER TABLE ONLY public.wagtailcore_pageviewrestriction_groups
    ADD CONSTRAINT wagtailcore_pageview_group_id_6460f223_fk_auth_grou FOREIGN KEY (group_id) REFERENCES public.auth_group(id) DEFERRABLE INITIALLY DEFERRED;


--
-- Name: wagtailcore_pageviewrestriction wagtailcore_pageview_page_id_15a8bea6_fk_wagtailco; Type: FK CONSTRAINT; Schema: public; Owner: smallbiz_app
--

ALTER TABLE ONLY public.wagtailcore_pageviewrestriction
    ADD CONSTRAINT wagtailcore_pageview_page_id_15a8bea6_fk_wagtailco FOREIGN KEY (page_id) REFERENCES public.wagtailcore_page(id) DEFERRABLE INITIALLY DEFERRED;


--
-- Name: wagtailcore_pageviewrestriction_groups wagtailcore_pageview_pageviewrestriction__f147a99a_fk_wagtailco; Type: FK CONSTRAINT; Schema: public; Owner: smallbiz_app
--

ALTER TABLE ONLY public.wagtailcore_pageviewrestriction_groups
    ADD CONSTRAINT wagtailcore_pageview_pageviewrestriction__f147a99a_fk_wagtailco FOREIGN KEY (pageviewrestriction_id) REFERENCES public.wagtailcore_pageviewrestriction(id) DEFERRABLE INITIALLY DEFERRED;


--
-- Name: wagtailcore_referenceindex wagtailcore_referenc_base_content_type_id_313cf40f_fk_django_co; Type: FK CONSTRAINT; Schema: public; Owner: smallbiz_app
--

ALTER TABLE ONLY public.wagtailcore_referenceindex
    ADD CONSTRAINT wagtailcore_referenc_base_content_type_id_313cf40f_fk_django_co FOREIGN KEY (base_content_type_id) REFERENCES public.django_content_type(id) DEFERRABLE INITIALLY DEFERRED;


--
-- Name: wagtailcore_referenceindex wagtailcore_referenc_content_type_id_766e0336_fk_django_co; Type: FK CONSTRAINT; Schema: public; Owner: smallbiz_app
--

ALTER TABLE ONLY public.wagtailcore_referenceindex
    ADD CONSTRAINT wagtailcore_referenc_content_type_id_766e0336_fk_django_co FOREIGN KEY (content_type_id) REFERENCES public.django_content_type(id) DEFERRABLE INITIALLY DEFERRED;


--
-- Name: wagtailcore_referenceindex wagtailcore_referenc_to_content_type_id_93690bbd_fk_django_co; Type: FK CONSTRAINT; Schema: public; Owner: smallbiz_app
--

ALTER TABLE ONLY public.wagtailcore_referenceindex
    ADD CONSTRAINT wagtailcore_referenc_to_content_type_id_93690bbd_fk_django_co FOREIGN KEY (to_content_type_id) REFERENCES public.django_content_type(id) DEFERRABLE INITIALLY DEFERRED;


--
-- Name: wagtailcore_revision wagtailcore_revision_base_content_type_id_5b4ef7bd_fk_django_co; Type: FK CONSTRAINT; Schema: public; Owner: smallbiz_app
--

ALTER TABLE ONLY public.wagtailcore_revision
    ADD CONSTRAINT wagtailcore_revision_base_content_type_id_5b4ef7bd_fk_django_co FOREIGN KEY (base_content_type_id) REFERENCES public.django_content_type(id) DEFERRABLE INITIALLY DEFERRED;


--
-- Name: wagtailcore_revision wagtailcore_revision_content_type_id_c8cb69c0_fk_django_co; Type: FK CONSTRAINT; Schema: public; Owner: smallbiz_app
--

ALTER TABLE ONLY public.wagtailcore_revision
    ADD CONSTRAINT wagtailcore_revision_content_type_id_c8cb69c0_fk_django_co FOREIGN KEY (content_type_id) REFERENCES public.django_content_type(id) DEFERRABLE INITIALLY DEFERRED;


--
-- Name: wagtailcore_site wagtailcore_site_root_page_id_e02fb95c_fk_wagtailcore_page_id; Type: FK CONSTRAINT; Schema: public; Owner: smallbiz_app
--

ALTER TABLE ONLY public.wagtailcore_site
    ADD CONSTRAINT wagtailcore_site_root_page_id_e02fb95c_fk_wagtailcore_page_id FOREIGN KEY (root_page_id) REFERENCES public.wagtailcore_page(id) DEFERRABLE INITIALLY DEFERRED;


--
-- Name: wagtailcore_task wagtailcore_task_content_type_id_249ab8ba_fk_django_co; Type: FK CONSTRAINT; Schema: public; Owner: smallbiz_app
--

ALTER TABLE ONLY public.wagtailcore_task
    ADD CONSTRAINT wagtailcore_task_content_type_id_249ab8ba_fk_django_co FOREIGN KEY (content_type_id) REFERENCES public.django_content_type(id) DEFERRABLE INITIALLY DEFERRED;


--
-- Name: wagtailcore_taskstate wagtailcore_taskstat_content_type_id_0a758fdc_fk_django_co; Type: FK CONSTRAINT; Schema: public; Owner: smallbiz_app
--

ALTER TABLE ONLY public.wagtailcore_taskstate
    ADD CONSTRAINT wagtailcore_taskstat_content_type_id_0a758fdc_fk_django_co FOREIGN KEY (content_type_id) REFERENCES public.django_content_type(id) DEFERRABLE INITIALLY DEFERRED;


--
-- Name: wagtailcore_taskstate wagtailcore_taskstat_revision_id_df25a499_fk_wagtailco; Type: FK CONSTRAINT; Schema: public; Owner: smallbiz_app
--

ALTER TABLE ONLY public.wagtailcore_taskstate
    ADD CONSTRAINT wagtailcore_taskstat_revision_id_df25a499_fk_wagtailco FOREIGN KEY (revision_id) REFERENCES public.wagtailcore_revision(id) DEFERRABLE INITIALLY DEFERRED;


--
-- Name: wagtailcore_taskstate wagtailcore_taskstat_workflow_state_id_9239a775_fk_wagtailco; Type: FK CONSTRAINT; Schema: public; Owner: smallbiz_app
--

ALTER TABLE ONLY public.wagtailcore_taskstate
    ADD CONSTRAINT wagtailcore_taskstat_workflow_state_id_9239a775_fk_wagtailco FOREIGN KEY (workflow_state_id) REFERENCES public.wagtailcore_workflowstate(id) DEFERRABLE INITIALLY DEFERRED;


--
-- Name: wagtailcore_taskstate wagtailcore_taskstate_finished_by_id_13f98229_fk_auth_user_id; Type: FK CONSTRAINT; Schema: public; Owner: smallbiz_app
--

ALTER TABLE ONLY public.wagtailcore_taskstate
    ADD CONSTRAINT wagtailcore_taskstate_finished_by_id_13f98229_fk_auth_user_id FOREIGN KEY (finished_by_id) REFERENCES public.auth_user(id) DEFERRABLE INITIALLY DEFERRED;


--
-- Name: wagtailcore_taskstate wagtailcore_taskstate_task_id_c3677c34_fk_wagtailcore_task_id; Type: FK CONSTRAINT; Schema: public; Owner: smallbiz_app
--

ALTER TABLE ONLY public.wagtailcore_taskstate
    ADD CONSTRAINT wagtailcore_taskstate_task_id_c3677c34_fk_wagtailcore_task_id FOREIGN KEY (task_id) REFERENCES public.wagtailcore_task(id) DEFERRABLE INITIALLY DEFERRED;


--
-- Name: wagtailcore_uploadedfile wagtailcore_uploaded_for_content_type_id_b0fc87b2_fk_django_co; Type: FK CONSTRAINT; Schema: public; Owner: smallbiz_app
--

ALTER TABLE ONLY public.wagtailcore_uploadedfile
    ADD CONSTRAINT wagtailcore_uploaded_for_content_type_id_b0fc87b2_fk_django_co FOREIGN KEY (for_content_type_id) REFERENCES public.django_content_type(id) DEFERRABLE INITIALLY DEFERRED;


--
-- Name: wagtailcore_uploadedfile wagtailcore_uploaded_uploaded_by_user_id_c7580fe8_fk_auth_user; Type: FK CONSTRAINT; Schema: public; Owner: smallbiz_app
--

ALTER TABLE ONLY public.wagtailcore_uploadedfile
    ADD CONSTRAINT wagtailcore_uploaded_uploaded_by_user_id_c7580fe8_fk_auth_user FOREIGN KEY (uploaded_by_user_id) REFERENCES public.auth_user(id) DEFERRABLE INITIALLY DEFERRED;


--
-- Name: wagtailcore_workflowstate wagtailcore_workflow_base_content_type_id_a30dc576_fk_django_co; Type: FK CONSTRAINT; Schema: public; Owner: smallbiz_app
--

ALTER TABLE ONLY public.wagtailcore_workflowstate
    ADD CONSTRAINT wagtailcore_workflow_base_content_type_id_a30dc576_fk_django_co FOREIGN KEY (base_content_type_id) REFERENCES public.django_content_type(id) DEFERRABLE INITIALLY DEFERRED;


--
-- Name: wagtailcore_workflowstate wagtailcore_workflow_content_type_id_2bb78ce1_fk_django_co; Type: FK CONSTRAINT; Schema: public; Owner: smallbiz_app
--

ALTER TABLE ONLY public.wagtailcore_workflowstate
    ADD CONSTRAINT wagtailcore_workflow_content_type_id_2bb78ce1_fk_django_co FOREIGN KEY (content_type_id) REFERENCES public.django_content_type(id) DEFERRABLE INITIALLY DEFERRED;


--
-- Name: wagtailcore_workflowcontenttype wagtailcore_workflow_content_type_id_b261bb37_fk_django_co; Type: FK CONSTRAINT; Schema: public; Owner: smallbiz_app
--

ALTER TABLE ONLY public.wagtailcore_workflowcontenttype
    ADD CONSTRAINT wagtailcore_workflow_content_type_id_b261bb37_fk_django_co FOREIGN KEY (content_type_id) REFERENCES public.django_content_type(id) DEFERRABLE INITIALLY DEFERRED;


--
-- Name: wagtailcore_workflowstate wagtailcore_workflow_current_task_state_i_3a1a0632_fk_wagtailco; Type: FK CONSTRAINT; Schema: public; Owner: smallbiz_app
--

ALTER TABLE ONLY public.wagtailcore_workflowstate
    ADD CONSTRAINT wagtailcore_workflow_current_task_state_i_3a1a0632_fk_wagtailco FOREIGN KEY (current_task_state_id) REFERENCES public.wagtailcore_taskstate(id) DEFERRABLE INITIALLY DEFERRED;


--
-- Name: wagtailcore_workflowpage wagtailcore_workflow_page_id_81e7bab6_fk_wagtailco; Type: FK CONSTRAINT; Schema: public; Owner: smallbiz_app
--

ALTER TABLE ONLY public.wagtailcore_workflowpage
    ADD CONSTRAINT wagtailcore_workflow_page_id_81e7bab6_fk_wagtailco FOREIGN KEY (page_id) REFERENCES public.wagtailcore_page(id) DEFERRABLE INITIALLY DEFERRED;


--
-- Name: wagtailcore_workflowstate wagtailcore_workflow_requested_by_id_4090bca3_fk_auth_user; Type: FK CONSTRAINT; Schema: public; Owner: smallbiz_app
--

ALTER TABLE ONLY public.wagtailcore_workflowstate
    ADD CONSTRAINT wagtailcore_workflow_requested_by_id_4090bca3_fk_auth_user FOREIGN KEY (requested_by_id) REFERENCES public.auth_user(id) DEFERRABLE INITIALLY DEFERRED;


--
-- Name: wagtailcore_workflowtask wagtailcore_workflow_task_id_ce7716fe_fk_wagtailco; Type: FK CONSTRAINT; Schema: public; Owner: smallbiz_app
--

ALTER TABLE ONLY public.wagtailcore_workflowtask
    ADD CONSTRAINT wagtailcore_workflow_task_id_ce7716fe_fk_wagtailco FOREIGN KEY (task_id) REFERENCES public.wagtailcore_task(id) DEFERRABLE INITIALLY DEFERRED;


--
-- Name: wagtailcore_workflowstate wagtailcore_workflow_workflow_id_1f18378f_fk_wagtailco; Type: FK CONSTRAINT; Schema: public; Owner: smallbiz_app
--

ALTER TABLE ONLY public.wagtailcore_workflowstate
    ADD CONSTRAINT wagtailcore_workflow_workflow_id_1f18378f_fk_wagtailco FOREIGN KEY (workflow_id) REFERENCES public.wagtailcore_workflow(id) DEFERRABLE INITIALLY DEFERRED;


--
-- Name: wagtailcore_workflowpage wagtailcore_workflow_workflow_id_56f56ff6_fk_wagtailco; Type: FK CONSTRAINT; Schema: public; Owner: smallbiz_app
--

ALTER TABLE ONLY public.wagtailcore_workflowpage
    ADD CONSTRAINT wagtailcore_workflow_workflow_id_56f56ff6_fk_wagtailco FOREIGN KEY (workflow_id) REFERENCES public.wagtailcore_workflow(id) DEFERRABLE INITIALLY DEFERRED;


--
-- Name: wagtailcore_workflowcontenttype wagtailcore_workflow_workflow_id_9aad7cd2_fk_wagtailco; Type: FK CONSTRAINT; Schema: public; Owner: smallbiz_app
--

ALTER TABLE ONLY public.wagtailcore_workflowcontenttype
    ADD CONSTRAINT wagtailcore_workflow_workflow_id_9aad7cd2_fk_wagtailco FOREIGN KEY (workflow_id) REFERENCES public.wagtailcore_workflow(id) DEFERRABLE INITIALLY DEFERRED;


--
-- Name: wagtailcore_workflowtask wagtailcore_workflow_workflow_id_b9717175_fk_wagtailco; Type: FK CONSTRAINT; Schema: public; Owner: smallbiz_app
--

ALTER TABLE ONLY public.wagtailcore_workflowtask
    ADD CONSTRAINT wagtailcore_workflow_workflow_id_b9717175_fk_wagtailco FOREIGN KEY (workflow_id) REFERENCES public.wagtailcore_workflow(id) DEFERRABLE INITIALLY DEFERRED;


--
-- Name: wagtaildocs_document wagtaildocs_document_collection_id_23881625_fk_wagtailco; Type: FK CONSTRAINT; Schema: public; Owner: smallbiz_app
--

ALTER TABLE ONLY public.wagtaildocs_document
    ADD CONSTRAINT wagtaildocs_document_collection_id_23881625_fk_wagtailco FOREIGN KEY (collection_id) REFERENCES public.wagtailcore_collection(id) DEFERRABLE INITIALLY DEFERRED;


--
-- Name: wagtaildocs_document wagtaildocs_document_uploaded_by_user_id_17258b41_fk_auth_user; Type: FK CONSTRAINT; Schema: public; Owner: smallbiz_app
--

ALTER TABLE ONLY public.wagtaildocs_document
    ADD CONSTRAINT wagtaildocs_document_uploaded_by_user_id_17258b41_fk_auth_user FOREIGN KEY (uploaded_by_user_id) REFERENCES public.auth_user(id) DEFERRABLE INITIALLY DEFERRED;


--
-- Name: wagtailforms_formsubmission wagtailforms_formsub_page_id_e48e93e7_fk_wagtailco; Type: FK CONSTRAINT; Schema: public; Owner: smallbiz_app
--

ALTER TABLE ONLY public.wagtailforms_formsubmission
    ADD CONSTRAINT wagtailforms_formsub_page_id_e48e93e7_fk_wagtailco FOREIGN KEY (page_id) REFERENCES public.wagtailcore_page(id) DEFERRABLE INITIALLY DEFERRED;


--
-- Name: wagtailimages_image wagtailimages_image_collection_id_c2f8af7e_fk_wagtailco; Type: FK CONSTRAINT; Schema: public; Owner: smallbiz_app
--

ALTER TABLE ONLY public.wagtailimages_image
    ADD CONSTRAINT wagtailimages_image_collection_id_c2f8af7e_fk_wagtailco FOREIGN KEY (collection_id) REFERENCES public.wagtailcore_collection(id) DEFERRABLE INITIALLY DEFERRED;


--
-- Name: wagtailimages_image wagtailimages_image_uploaded_by_user_id_5d73dc75_fk_auth_user; Type: FK CONSTRAINT; Schema: public; Owner: smallbiz_app
--

ALTER TABLE ONLY public.wagtailimages_image
    ADD CONSTRAINT wagtailimages_image_uploaded_by_user_id_5d73dc75_fk_auth_user FOREIGN KEY (uploaded_by_user_id) REFERENCES public.auth_user(id) DEFERRABLE INITIALLY DEFERRED;


--
-- Name: wagtailimages_rendition wagtailimages_rendit_image_id_3e1fd774_fk_wagtailim; Type: FK CONSTRAINT; Schema: public; Owner: smallbiz_app
--

ALTER TABLE ONLY public.wagtailimages_rendition
    ADD CONSTRAINT wagtailimages_rendit_image_id_3e1fd774_fk_wagtailim FOREIGN KEY (image_id) REFERENCES public.wagtailimages_image(id) DEFERRABLE INITIALLY DEFERRED;


--
-- Name: wagtailredirects_redirect wagtailredirects_red_redirect_page_id_b5728a8f_fk_wagtailco; Type: FK CONSTRAINT; Schema: public; Owner: smallbiz_app
--

ALTER TABLE ONLY public.wagtailredirects_redirect
    ADD CONSTRAINT wagtailredirects_red_redirect_page_id_b5728a8f_fk_wagtailco FOREIGN KEY (redirect_page_id) REFERENCES public.wagtailcore_page(id) DEFERRABLE INITIALLY DEFERRED;


--
-- Name: wagtailredirects_redirect wagtailredirects_red_site_id_780a0e1e_fk_wagtailco; Type: FK CONSTRAINT; Schema: public; Owner: smallbiz_app
--

ALTER TABLE ONLY public.wagtailredirects_redirect
    ADD CONSTRAINT wagtailredirects_red_site_id_780a0e1e_fk_wagtailco FOREIGN KEY (site_id) REFERENCES public.wagtailcore_site(id) DEFERRABLE INITIALLY DEFERRED;


--
-- Name: wagtailsearch_indexentry wagtailsearch_indexe_content_type_id_62ed694f_fk_django_co; Type: FK CONSTRAINT; Schema: public; Owner: smallbiz_app
--

ALTER TABLE ONLY public.wagtailsearch_indexentry
    ADD CONSTRAINT wagtailsearch_indexe_content_type_id_62ed694f_fk_django_co FOREIGN KEY (content_type_id) REFERENCES public.django_content_type(id) DEFERRABLE INITIALLY DEFERRED;


--
-- Name: wagtailusers_userprofile wagtailusers_userprofile_user_id_59c92331_fk_auth_user_id; Type: FK CONSTRAINT; Schema: public; Owner: smallbiz_app
--

ALTER TABLE ONLY public.wagtailusers_userprofile
    ADD CONSTRAINT wagtailusers_userprofile_user_id_59c92331_fk_auth_user_id FOREIGN KEY (user_id) REFERENCES public.auth_user(id) DEFERRABLE INITIALLY DEFERRED;


--
-- Name: DEFAULT PRIVILEGES FOR SEQUENCES; Type: DEFAULT ACL; Schema: public; Owner: postgres
--

ALTER DEFAULT PRIVILEGES FOR ROLE postgres IN SCHEMA public GRANT ALL ON SEQUENCES TO smallbiz_app;


--
-- Name: DEFAULT PRIVILEGES FOR TABLES; Type: DEFAULT ACL; Schema: public; Owner: postgres
--

ALTER DEFAULT PRIVILEGES FOR ROLE postgres IN SCHEMA public GRANT ALL ON TABLES TO smallbiz_app;


--
-- PostgreSQL database dump complete
--

\unrestrict XchuECkflwK7TTDXA5PJkyEGxUjYmx2xchL5bHtiazXNufbR842ZJhAX7Qc6as7

